filename,width,height,train_split,classification,prediction,confidence
n03445777__n03445777_3505.jpg,333,500,train,8,8,0.9999
n03425413__n03425413_16755.jpg,375,500,train,7,7,0.9999
n02102040__n02102040_6058.jpg,500,455,train,1,1,1.0
n03000684__n03000684_36283.jpg,137,103,train,3,3,0.9982
n03888257__n03888257_9373.jpg,400,600,train,9,9,0.9989
n01440764__n01440764_12785.jpg,500,375,train,0,0,0.999
n02102040__n02102040_1959.jpg,500,375,train,1,1,1.0
n02102040__n02102040_1913.jpg,500,375,train,1,1,0.9996
n02102040__n02102040_3586.jpg,500,333,train,1,1,1.0
n01440764__n01440764_24299.jpg,500,333,train,0,0,1.0
n01440764__n01440764_15678.jpg,240,180,train,0,0,1.0
n03445777__n03445777_866.jpg,333,500,train,8,8,0.9999
n03445777__n03445777_8956.jpg,500,500,train,8,8,0.9998
n03445777__n03445777_10216.jpg,500,375,train,8,8,0.9998
n03417042__ILSVRC2012_val_00041478.jpg,500,388,train,6,6,0.9999
n01440764__n01440764_10194.jpg,200,150,train,0,0,1.0
n03000684__n03000684_225.jpg,150,217,train,3,3,0.9997
n01440764__n01440764_5927.jpg,300,219,train,0,0,1.0
n03888257__n03888257_38633.jpg,500,333,train,9,9,0.9997
n02102040__n02102040_1688.jpg,500,333,train,1,1,1.0
n03425413__ILSVRC2012_val_00017469.jpg,375,500,train,7,7,0.9996
n03028079__n03028079_2317.jpg,500,375,train,4,4,0.9942
n03888257__n03888257_18075.jpg,500,335,train,9,9,0.9829
n01440764__n01440764_9378.jpg,262,350,train,0,0,1.0
n03028079__n03028079_55516.jpg,375,500,train,4,4,0.8521
n03445777__n03445777_5745.jpg,298,451,train,8,8,0.9999
n02979186__n02979186_16277.jpg,500,375,train,2,2,0.9633
n03417042__n03417042_7444.jpg,500,375,train,6,6,0.9758
n03028079__n03028079_9413.jpg,500,333,train,4,4,0.9998
n02979186__n02979186_184.jpg,376,300,train,2,2,0.9998
n03445777__n03445777_14816.jpg,216,148,train,8,8,0.9989
n02102040__n02102040_3923.jpg,500,400,train,1,1,1.0
n03394916__n03394916_38866.jpg,500,333,train,5,5,1.0
n03425413__n03425413_15667.jpg,333,500,train,7,7,0.9999
n03394916__n03394916_62153.jpg,500,334,train,5,5,1.0
n03028079__n03028079_2549.jpg,341,500,train,4,4,0.9904
n03445777__n03445777_3356.jpg,227,360,train,8,8,1.0
n02102040__n02102040_3099.jpg,375,500,train,1,1,1.0
n03425413__n03425413_19117.jpg,500,332,train,7,7,0.9993
n03425413__n03425413_14395.jpg,332,500,train,7,7,0.9993
n02102040__n02102040_4015.jpg,500,375,train,1,1,0.9998
n03394916__n03394916_32448.jpg,500,402,train,5,5,1.0
n02979186__n02979186_3435.jpg,90,90,train,2,2,0.9985
n03888257__n03888257_69366.jpg,500,329,train,9,9,0.9977
n03394916__n03394916_19534.jpg,252,180,train,5,5,1.0
n03425413__ILSVRC2012_val_00017866.jpg,375,500,train,7,2,0.9757
n02979186__n02979186_23104.jpg,149,84,train,2,2,0.9995
n03888257__n03888257_13224.jpg,500,375,train,9,9,0.9999
n01440764__n01440764_7004.jpg,500,375,train,0,0,0.9997
n03000684__n03000684_6516.jpg,600,450,train,3,3,1.0
n02102040__n02102040_1709.jpg,500,481,train,1,1,0.9996
n01440764__n01440764_8813.jpg,200,164,train,0,0,1.0
n03028079__n03028079_16945.jpg,500,378,train,4,4,0.9977
n03888257__n03888257_29569.jpg,500,334,train,9,9,0.8293
n02979186__n02979186_337.jpg,640,479,train,2,2,0.9991
n03394916__n03394916_35218.jpg,333,500,train,5,5,0.9953
n03445777__n03445777_403.jpg,375,500,train,8,8,0.9997
n01440764__n01440764_7637.jpg,264,200,train,0,0,1.0
n03425413__n03425413_17369.jpg,375,500,train,7,7,0.9997
n03417042__n03417042_11946.jpg,623,407,train,6,6,0.9999
n02102040__n02102040_1239.jpg,500,375,train,1,1,0.9997
n02102040__n02102040_175.jpg,500,375,train,1,1,0.9965
n03394916__n03394916_56527.jpg,621,600,train,5,5,1.0
n02979186__n02979186_2226.jpg,300,225,train,2,2,1.0
n03000684__n03000684_8553.jpg,200,160,train,3,3,0.9911
n03888257__n03888257_38619.jpg,500,321,train,9,9,0.9959
n03028079__n03028079_17165.jpg,1024,768,train,4,4,0.9999
n03417042__n03417042_12169.jpg,500,375,train,6,6,0.9994
n02102040__n02102040_7728.jpg,500,333,train,1,1,1.0
n02102040__n02102040_467.jpg,500,333,train,1,1,1.0
n03445777__n03445777_1217.jpg,375,500,train,8,8,0.9987
n03888257__n03888257_10063.jpg,375,500,train,9,9,1.0
n03888257__n03888257_9458.jpg,334,500,train,9,9,0.9999
n03028079__n03028079_10596.jpg,375,500,train,4,4,0.9991
n03888257__n03888257_34606.jpg,500,332,train,9,9,0.9999
n03394916__n03394916_33058.jpg,500,333,train,5,5,0.9998
n01440764__n01440764_3849.jpg,800,600,train,0,0,0.9998
n03417042__n03417042_2029.jpg,500,375,train,6,6,0.9625
n03425413__n03425413_19643.jpg,361,500,train,7,7,0.9998
n01440764__n01440764_1284.jpg,500,375,train,0,0,1.0
n02979186__n02979186_16559.jpg,500,375,train,2,2,0.9998
n02102040__n02102040_3526.jpg,500,417,train,1,1,0.9882
n02102040__n02102040_1068.jpg,500,333,train,1,1,1.0
n02102040__n02102040_4863.jpg,500,375,train,1,1,0.9959
n03888257__n03888257_23863.jpg,359,500,train,9,9,0.9978
n02979186__n02979186_2774.jpg,360,360,train,2,2,0.9315
n01440764__n01440764_6643.jpg,320,256,train,0,0,0.9998
n02102040__n02102040_6773.jpg,500,403,train,1,1,0.9999
n02102040__n02102040_3335.jpg,357,500,train,1,1,1.0
n03394916__n03394916_40029.jpg,319,500,train,5,5,1.0
n02979186__n02979186_615.jpg,380,239,train,2,2,0.9888
n03888257__n03888257_15617.jpg,420,300,train,9,9,1.0
n02102040__n02102040_7938.jpg,500,333,train,1,1,1.0
n03888257__n03888257_35033.jpg,500,375,train,9,9,0.9993
n03028079__n03028079_2678.jpg,368,500,train,4,4,0.9994
n03425413__ILSVRC2012_val_00040715.jpg,500,375,train,7,7,1.0
n03888257__n03888257_1075.jpg,500,375,train,9,9,0.9999
n03888257__n03888257_22484.jpg,500,331,train,9,9,0.9999
n03394916__n03394916_28059.jpg,500,375,train,5,5,0.9994
n02102040__n02102040_787.jpg,333,500,train,1,1,0.9999
n03445777__n03445777_723.jpg,500,333,train,8,8,0.9879
n02102040__n02102040_3986.jpg,500,333,train,1,1,1.0
n01440764__n01440764_4744.jpg,448,336,train,0,0,1.0
n03417042__n03417042_28475.jpg,500,375,train,6,6,0.9993
n02979186__n02979186_8818.jpg,600,595,train,2,2,0.9766
n03417042__n03417042_19355.jpg,500,375,train,6,6,1.0
n02979186__n02979186_27545.jpg,800,403,train,2,2,0.9999
n03028079__n03028079_1516.jpg,363,500,train,4,4,0.9997
n03417042__n03417042_4557.jpg,500,375,train,6,6,1.0
n03425413__n03425413_9159.jpg,500,375,train,7,7,0.995
n02102040__ILSVRC2012_val_00049523.jpg,500,391,train,1,1,0.9999
n03028079__n03028079_10988.jpg,333,500,train,4,4,0.9999
n03394916__n03394916_47478.jpg,500,375,train,5,5,0.9996
n03028079__n03028079_26205.jpg,365,500,train,4,4,0.9997
n01440764__n01440764_7913.jpg,180,275,train,0,0,1.0
n03000684__n03000684_907.jpg,500,375,train,3,3,0.9935
n03888257__n03888257_28669.jpg,1024,768,train,9,9,0.9992
n03394916__n03394916_30929.jpg,500,247,train,5,5,0.988
n02102040__n02102040_6436.jpg,500,375,train,1,1,1.0
n02979186__ILSVRC2012_val_00047315.jpg,375,500,train,2,2,0.9999
n03000684__n03000684_4717.jpg,500,375,train,3,3,1.0
n03028079__n03028079_99415.jpg,500,357,train,4,4,0.9999
n03394916__n03394916_6118.jpg,344,514,train,5,5,1.0
n02979186__n02979186_7828.jpg,380,337,train,2,2,1.0
n03028079__n03028079_10133.jpg,500,376,train,4,4,0.9998
n01440764__n01440764_7383.jpg,238,252,train,0,0,1.0
n03445777__n03445777_8683.jpg,500,361,train,8,8,0.9998
n03417042__n03417042_19277.jpg,500,450,train,6,6,1.0
n02102040__n02102040_6147.jpg,500,375,train,1,1,0.9579
n02102040__n02102040_2317.jpg,500,375,train,1,1,1.0
n01440764__n01440764_11213.jpg,402,301,train,0,0,1.0
n02979186__n02979186_19806.jpg,300,204,train,2,2,0.9998
n02102040__n02102040_8208.jpg,500,375,train,1,1,0.9873
n03394916__n03394916_34698.jpg,500,375,train,5,5,0.9999
n03028079__n03028079_2514.jpg,500,375,train,4,4,0.9985
n03394916__n03394916_36595.jpg,500,352,train,5,5,0.9979
n03394916__n03394916_36924.jpg,333,500,train,5,5,0.9103
n03417042__n03417042_17979.jpg,500,300,train,6,6,0.9945
n03417042__n03417042_3376.jpg,590,361,train,6,6,0.996
n03425413__n03425413_3618.jpg,1200,1600,train,7,7,1.0
n01440764__n01440764_8364.jpg,240,180,train,0,0,0.9999
n03028079__n03028079_1724.jpg,500,473,train,4,4,0.9992
n03445777__n03445777_6415.jpg,180,225,train,8,8,0.9997
n03028079__n03028079_5073.jpg,453,500,train,4,4,0.9979
n03000684__n03000684_2306.jpg,400,266,train,3,3,0.9998
n03445777__n03445777_4239.jpg,534,400,train,8,8,0.9999
n03417042__n03417042_975.jpg,500,375,train,6,6,0.9972
n02979186__n02979186_21236.jpg,90,90,train,2,2,0.8993
n03888257__n03888257_17929.jpg,500,333,train,9,9,1.0
n03028079__n03028079_29029.jpg,500,379,train,4,4,0.9626
n03417042__n03417042_3189.jpg,500,375,train,6,6,0.9999
n03000684__n03000684_10429.jpg,500,375,train,3,3,0.9999
n03888257__n03888257_4738.jpg,500,325,train,9,9,0.9999
n01440764__n01440764_3817.jpg,300,206,train,0,0,1.0
n03000684__n03000684_18267.jpg,500,375,train,3,3,0.9984
n03028079__n03028079_21749.jpg,500,332,train,4,4,0.9999
n03445777__n03445777_5143.jpg,216,165,train,8,8,0.9988
n02979186__n02979186_11953.jpg,300,143,train,2,2,0.9999
n03425413__n03425413_21069.jpg,375,500,train,7,7,0.5175
n03445777__n03445777_1879.jpg,500,375,train,8,8,0.9996
n03888257__n03888257_67319.jpg,326,500,train,9,9,0.988
n01440764__n01440764_5364.jpg,500,302,train,0,0,0.9985
n02979186__n02979186_13206.jpg,375,500,train,2,2,1.0
n03394916__n03394916_37525.jpg,500,375,train,5,5,0.9999
n03425413__n03425413_1916.jpg,488,544,train,7,7,1.0
n03888257__n03888257_22949.jpg,275,183,train,9,9,1.0
n03445777__n03445777_8853.jpg,500,375,train,8,8,0.9999
n02102040__n02102040_869.jpg,435,500,train,1,1,0.9999
n03417042__n03417042_17624.jpg,1000,750,train,6,6,0.9997
n03000684__n03000684_24909.jpg,500,333,train,3,3,0.9779
n03394916__n03394916_46614.jpg,333,500,train,5,5,0.9998
n03425413__n03425413_6949.jpg,2592,1944,train,7,7,0.9993
n01440764__n01440764_13978.jpg,286,214,train,0,0,1.0
n03028079__n03028079_2455.jpg,500,375,train,4,4,0.9988
n03394916__n03394916_39959.jpg,333,500,train,5,5,0.9995
n03028079__n03028079_7309.jpg,500,366,train,4,4,0.9998
n03394916__n03394916_38203.jpg,333,500,train,5,5,1.0
n03417042__n03417042_3319.jpg,500,406,train,6,6,0.9333
n03445777__n03445777_806.jpg,500,333,train,8,8,0.9983
n02979186__n02979186_10387.jpg,300,300,train,2,2,0.9998
n03417042__n03417042_21199.jpg,500,375,train,6,6,1.0
n02102040__n02102040_5746.jpg,500,401,train,1,1,0.9999
n03028079__n03028079_3839.jpg,335,500,train,4,4,0.9999
n03028079__n03028079_265.jpg,500,485,train,4,4,0.9985
n03445777__n03445777_13579.jpg,540,360,train,8,8,1.0
n01440764__n01440764_9973.jpg,500,375,train,0,0,1.0
n03000684__n03000684_6046.jpg,500,375,train,3,3,0.9731
n03888257__n03888257_7027.jpg,500,500,train,9,9,1.0
n03417042__n03417042_6959.jpg,500,333,train,6,6,0.5254
n03394916__n03394916_4796.jpg,640,480,train,5,5,1.0
n03425413__n03425413_17538.jpg,375,500,train,7,7,0.9722
n02102040__n02102040_1753.jpg,500,337,train,1,1,0.9998
n03425413__n03425413_10875.jpg,400,533,train,7,7,0.9942
n03000684__n03000684_15874.jpg,500,375,train,3,3,0.9886
n03417042__n03417042_4726.jpg,500,375,train,6,6,1.0
n02979186__n02979186_12173.jpg,1600,1200,train,2,2,0.9999
n01440764__n01440764_10619.jpg,834,626,train,0,0,1.0
n03028079__n03028079_29554.jpg,500,387,train,4,4,0.9993
n03028079__n03028079_29875.jpg,375,500,train,4,4,0.9998
n01440764__n01440764_13363.jpg,1080,720,train,0,0,0.9982
n03028079__n03028079_10287.jpg,500,436,train,4,4,0.9999
n03394916__n03394916_29576.jpg,466,500,train,5,5,0.9838
n03028079__n03028079_41087.jpg,500,374,train,4,4,0.9847
n02979186__n02979186_21575.jpg,100,100,train,2,2,0.9993
n03425413__n03425413_13249.jpg,500,375,train,7,7,0.9995
n03000684__n03000684_19966.jpg,500,375,train,3,3,0.8198
n03028079__n03028079_16699.jpg,333,500,train,4,4,0.9801
n02102040__n02102040_3324.jpg,500,334,train,1,1,0.9892
n03000684__n03000684_14907.jpg,500,375,train,3,3,0.9997
n03888257__n03888257_55113.jpg,500,333,train,9,9,0.9997
n02979186__n02979186_22165.jpg,90,90,train,2,2,0.9819
n03888257__n03888257_26785.jpg,604,401,train,9,9,0.9998
n02102040__n02102040_6647.jpg,500,375,train,1,1,0.9997
n02979186__n02979186_3014.jpg,500,418,train,2,2,0.9993
n03394916__n03394916_37984.jpg,333,500,train,5,5,0.9894
n03028079__n03028079_6089.jpg,375,500,train,4,4,1.0
n03028079__n03028079_25619.jpg,500,403,train,4,4,0.9998
n03417042__n03417042_4883.jpg,945,709,train,6,6,0.9995
n03888257__n03888257_25803.jpg,333,500,train,9,9,0.9999
n03888257__n03888257_9785.jpg,500,333,train,9,9,0.9843
n03445777__n03445777_4097.jpg,500,273,train,8,8,0.9997
n03028079__n03028079_24726.jpg,500,500,train,4,4,0.9999
n03394916__n03394916_36806.jpg,500,375,train,5,5,0.9995
n03394916__n03394916_1919.jpg,640,478,train,5,5,1.0
n03425413__n03425413_13069.jpg,367,500,train,7,7,0.9988
n03000684__n03000684_7313.jpg,500,371,train,3,3,0.9998
n03417042__n03417042_229.jpg,200,150,train,6,6,1.0
n03445777__n03445777_3495.jpg,218,198,train,8,8,0.9999
n03417042__n03417042_12813.jpg,500,375,train,6,6,0.9999
n03445777__n03445777_14335.jpg,500,332,train,8,8,1.0
n03888257__n03888257_5915.jpg,333,500,train,9,9,1.0
n03888257__n03888257_74823.jpg,500,333,train,9,9,0.9991
n03000684__n03000684_21935.jpg,500,386,train,3,3,0.982
n01440764__ILSVRC2012_val_00024235.jpg,500,375,train,0,0,1.0
n03000684__n03000684_23424.jpg,337,500,train,3,3,0.9918
n03000684__n03000684_5587.jpg,500,400,train,3,3,0.99
n03394916__n03394916_38555.jpg,375,500,train,5,5,0.9951
n03425413__n03425413_16133.jpg,333,500,train,7,7,0.9981
n01440764__n01440764_7173.jpg,2864,1863,train,0,0,1.0
n01440764__n01440764_7967.jpg,350,275,train,0,0,1.0
n03028079__n03028079_77417.jpg,500,374,train,4,4,0.9986
n03445777__n03445777_10419.jpg,500,330,train,8,9,0.5408
n03425413__n03425413_5777.jpg,1200,1600,train,7,7,0.9971
n03417042__n03417042_7328.jpg,500,375,train,6,6,0.9979
n03028079__n03028079_25516.jpg,500,333,train,4,4,0.9999
n03888257__n03888257_24519.jpg,341,500,train,9,9,0.9999
n03000684__n03000684_4557.jpg,1000,665,train,3,3,1.0
n03394916__n03394916_2043.jpg,333,500,train,5,5,0.9999
n03417042__n03417042_11288.jpg,500,375,train,6,6,0.9975
n03028079__n03028079_9283.jpg,375,500,train,4,4,0.9965
n03028079__n03028079_13597.jpg,334,500,train,4,4,0.9997
n03417042__ILSVRC2012_val_00001144.jpg,500,334,train,6,6,1.0
n03417042__n03417042_8807.jpg,1600,1200,train,6,6,0.9979
n03394916__n03394916_36966.jpg,375,500,train,5,5,0.9966
n03417042__n03417042_15553.jpg,377,500,train,6,6,0.9998
n03000684__n03000684_10875.jpg,357,500,train,3,3,0.7663
n03417042__n03417042_1568.jpg,500,305,train,6,6,1.0
n01440764__n01440764_23646.jpg,500,333,train,0,0,1.0
n02102040__n02102040_2395.jpg,500,375,train,1,1,0.9997
n01440764__n01440764_7253.jpg,500,500,train,0,0,0.9978
n03394916__n03394916_35869.jpg,500,375,train,5,5,1.0
n01440764__n01440764_5514.jpg,600,400,train,0,0,0.9995
n03888257__ILSVRC2012_val_00031268.jpg,500,375,train,9,9,0.9908
n03425413__n03425413_2423.jpg,610,372,train,7,7,0.9992
n03000684__n03000684_34076.jpg,90,90,train,3,3,0.8925
n01440764__n01440764_6288.jpg,510,640,train,0,0,1.0
n03888257__n03888257_10345.jpg,333,500,train,9,9,0.9948
n03425413__n03425413_21019.jpg,500,413,train,7,7,0.9999
n03445777__n03445777_15017.jpg,364,310,train,8,8,0.9999
n02979186__n02979186_21887.jpg,90,90,train,2,2,0.999
n03445777__n03445777_384.jpg,200,200,train,8,8,0.9999
n02979186__n02979186_9339.jpg,500,375,train,2,2,1.0
n02102040__n02102040_3027.jpg,500,333,train,1,1,0.9999
n02102040__n02102040_3424.jpg,500,444,train,1,1,1.0
n03000684__n03000684_28399.jpg,500,375,train,3,3,0.9991
n03000684__n03000684_9969.jpg,500,375,train,3,3,0.996
n01440764__n01440764_12917.jpg,332,350,train,0,0,1.0
n03445777__n03445777_11144.jpg,370,370,train,8,8,0.9997
n01440764__n01440764_10227.jpg,242,167,train,0,0,0.9999
n01440764__n01440764_4245.jpg,575,383,train,0,0,1.0
n02102040__n02102040_6479.jpg,500,375,train,1,1,0.9995
n03028079__n03028079_39965.jpg,500,344,train,4,4,0.9986
n03445777__n03445777_795.jpg,700,464,train,8,8,0.9987
n03417042__n03417042_22709.jpg,500,375,train,6,6,1.0
n03417042__n03417042_13783.jpg,500,375,train,6,6,0.9999
n03417042__n03417042_7233.jpg,500,333,train,6,6,0.9997
n03417042__n03417042_8248.jpg,688,489,train,6,6,0.9945
n03028079__n03028079_16109.jpg,500,455,train,4,4,0.9997
n03028079__n03028079_7449.jpg,500,293,train,4,4,0.9998
n02979186__n02979186_825.jpg,600,477,train,2,2,0.9999
n03425413__n03425413_10648.jpg,500,375,train,7,7,0.9996
n03394916__n03394916_19648.jpg,500,375,train,5,5,1.0
n03425413__n03425413_9724.jpg,375,500,train,7,7,0.9998
n03394916__n03394916_70959.jpg,500,333,train,5,5,0.9942
n03888257__n03888257_5893.jpg,500,375,train,9,9,0.9998
n03000684__n03000684_11175.jpg,500,375,train,3,3,1.0
n02102040__n02102040_3476.jpg,333,500,train,1,1,0.9999
n01440764__n01440764_3648.jpg,500,281,train,0,0,0.9999
n03425413__ILSVRC2012_val_00022538.jpg,375,500,train,7,7,1.0
n03000684__n03000684_16018.jpg,88,54,train,3,3,0.987
n03417042__n03417042_7077.jpg,500,354,train,6,6,0.9997
n03028079__ILSVRC2012_val_00004939.jpg,500,400,train,4,4,0.9999
n03425413__n03425413_13195.jpg,500,500,train,7,7,0.9999
n03028079__n03028079_2716.jpg,500,375,train,4,4,0.9973
n03028079__n03028079_3228.jpg,500,375,train,4,4,0.9994
n02102040__n02102040_1266.jpg,500,329,train,1,1,0.9977
n03425413__ILSVRC2012_val_00006434.jpg,375,500,train,7,7,0.9986
n02979186__n02979186_5498.jpg,250,250,train,2,2,0.9992
n02979186__n02979186_23555.jpg,303,225,train,2,2,0.9992
n03425413__n03425413_4937.jpg,640,480,train,7,7,0.9999
n02979186__n02979186_22439.jpg,280,280,train,2,2,0.9998
n03888257__n03888257_14583.jpg,700,445,train,9,9,0.9907
n02979186__n02979186_23827.jpg,468,285,train,2,2,0.975
n03425413__n03425413_13543.jpg,281,500,train,7,7,0.6759
n01440764__n01440764_5256.jpg,500,375,train,0,0,1.0
n03445777__n03445777_8343.jpg,500,325,train,8,8,0.9993
n01440764__n01440764_3287.jpg,570,428,train,0,0,1.0
n03888257__n03888257_12247.jpg,800,600,train,9,9,0.9999
n03417042__n03417042_19076.jpg,500,375,train,6,6,1.0
n02102040__n02102040_607.jpg,333,500,train,1,1,1.0
n03445777__n03445777_6215.jpg,500,333,train,8,8,0.9953
n03000684__n03000684_13365.jpg,500,410,train,3,3,0.9999
n03425413__n03425413_20773.jpg,375,500,train,7,7,0.9551
n03394916__n03394916_54615.jpg,561,531,train,5,5,0.9595
n01440764__n01440764_6974.jpg,300,266,train,0,0,1.0
n03417042__n03417042_16166.jpg,500,278,train,6,6,0.9988
n03425413__n03425413_13269.jpg,375,500,train,7,7,0.9999
n03000684__n03000684_1533.jpg,332,500,train,3,3,0.9237
n01440764__n01440764_1713.jpg,500,375,train,0,0,1.0
n01440764__ILSVRC2012_val_00000293.jpg,500,375,train,0,0,0.9998
n03425413__n03425413_3823.jpg,1200,1600,train,7,7,1.0
n03000684__n03000684_16.jpg,321,500,train,3,3,0.9939
n03394916__n03394916_32997.jpg,500,333,train,5,5,1.0
n02979186__n02979186_11534.jpg,160,160,train,2,2,0.9994
n03394916__n03394916_37384.jpg,500,375,train,5,5,1.0
n03425413__n03425413_6253.jpg,600,900,train,7,7,0.7615
n01440764__n01440764_2835.jpg,484,640,train,0,0,1.0
n02979186__n02979186_6767.jpg,448,298,train,2,2,1.0
n02979186__n02979186_2558.jpg,100,100,train,2,2,0.9873
n02102040__n02102040_357.jpg,333,500,train,1,1,1.0
n01440764__n01440764_9697.jpg,235,320,train,0,0,1.0
n03417042__n03417042_8749.jpg,500,375,train,6,6,1.0
n01440764__n01440764_5428.jpg,500,375,train,0,0,1.0
n03394916__n03394916_22753.jpg,500,334,train,5,5,0.9999
n03888257__n03888257_30683.jpg,500,354,train,9,9,0.9999
n03028079__n03028079_26913.jpg,342,500,train,4,4,0.9996
n03417042__n03417042_10099.jpg,500,375,train,6,6,1.0
n03417042__n03417042_6623.jpg,1600,1200,train,6,6,1.0
n02102040__n02102040_716.jpg,500,333,train,1,1,0.9996
n03425413__n03425413_15837.jpg,375,500,train,7,7,0.9998
n01440764__n01440764_8548.jpg,250,288,train,0,0,1.0
n03445777__n03445777_2509.jpg,357,400,train,8,8,0.9989
n03888257__n03888257_30723.jpg,500,363,train,9,9,0.9998
n01440764__n01440764_4167.jpg,500,375,train,0,0,0.9999
n01440764__n01440764_8528.jpg,500,375,train,0,0,1.0
n02979186__n02979186_1198.jpg,500,375,train,2,2,1.0
n03425413__n03425413_17973.jpg,327,500,train,7,7,0.9999
n03888257__n03888257_11809.jpg,500,333,train,9,9,0.9978
n03000684__n03000684_11577.jpg,280,280,train,3,3,0.9987
n03417042__n03417042_28404.jpg,500,378,train,6,6,1.0
n03888257__n03888257_75404.jpg,332,500,train,9,9,0.9999
n03417042__ILSVRC2012_val_00047189.jpg,500,347,train,6,6,0.9999
n03445777__n03445777_373.jpg,518,271,train,8,4,0.4877
n03445777__n03445777_15963.jpg,400,400,train,8,8,1.0
n01440764__n01440764_4688.jpg,350,326,train,0,0,0.9933
n03888257__n03888257_49435.jpg,500,313,train,9,9,0.8774
n01440764__n01440764_5634.jpg,283,179,train,0,0,1.0
n03445777__n03445777_5309.jpg,500,375,train,8,8,1.0
n03417042__n03417042_3298.jpg,510,308,train,6,6,0.9998
n02102040__n02102040_5898.jpg,500,333,train,1,1,0.9999
n03028079__n03028079_10579.jpg,500,375,train,4,4,0.9999
n03425413__n03425413_14793.jpg,339,500,train,7,7,1.0
n03000684__n03000684_745.jpg,180,240,train,3,3,0.9383
n02979186__n02979186_20416.jpg,160,160,train,2,2,0.9935
n02979186__n02979186_14403.jpg,500,495,train,2,2,0.9996
n03445777__n03445777_5107.jpg,650,433,train,8,8,0.9776
n03000684__n03000684_16096.jpg,500,375,train,3,3,0.9956
n03425413__n03425413_22034.jpg,375,500,train,7,7,0.9998
n02979186__ILSVRC2012_val_00042347.jpg,500,344,train,2,2,0.9989
n03888257__n03888257_13029.jpg,375,500,train,9,9,0.9937
n03000684__n03000684_17546.jpg,500,375,train,3,3,0.9514
n01440764__n01440764_20523.jpg,363,500,train,0,0,1.0
n03000684__n03000684_31998.jpg,500,333,train,3,3,1.0
n02979186__n02979186_26944.jpg,250,250,train,2,2,0.9981
n02979186__n02979186_13588.jpg,500,310,train,2,2,0.9997
n02102040__n02102040_5827.jpg,476,500,train,1,1,1.0
n03417042__n03417042_5234.jpg,500,375,train,6,6,0.9995
n03394916__n03394916_36334.jpg,500,375,train,5,5,0.9983
n01440764__n01440764_1383.jpg,625,469,train,0,0,1.0
n03028079__n03028079_20443.jpg,375,500,train,4,4,0.9995
n03028079__n03028079_31653.jpg,445,500,train,4,4,0.9995
n03888257__n03888257_40359.jpg,347,500,train,9,9,1.0
n03417042__n03417042_5488.jpg,500,375,train,6,6,0.9949
n03888257__n03888257_3656.jpg,500,382,train,9,9,0.9684
n03028079__n03028079_14664.jpg,500,397,train,4,4,0.9941
n01440764__n01440764_25148.jpg,500,375,train,0,0,1.0
n01440764__n01440764_14633.jpg,500,375,train,0,0,0.9999
n03394916__n03394916_50384.jpg,551,413,train,5,5,1.0
n03394916__n03394916_44446.jpg,333,500,train,5,5,0.9883
n03445777__n03445777_15294.jpg,300,300,train,8,8,0.7426
n02979186__n02979186_906.jpg,280,280,train,2,2,0.9839
n03425413__n03425413_21314.jpg,500,389,train,7,7,0.9976
n03000684__n03000684_30364.jpg,500,375,train,3,3,0.9997
n03425413__n03425413_15403.jpg,500,375,train,7,7,1.0
n03417042__n03417042_10033.jpg,500,375,train,6,6,0.9997
n03394916__n03394916_29654.jpg,500,479,train,5,5,0.9985
n03394916__n03394916_28136.jpg,500,332,train,5,5,0.9985
n01440764__n01440764_15453.jpg,431,287,train,0,0,0.9965
n03000684__n03000684_10533.jpg,500,400,train,3,3,0.9999
n03888257__n03888257_874.jpg,375,500,train,9,9,0.9995
n03425413__n03425413_13726.jpg,375,500,train,7,7,0.9805
n03425413__n03425413_2109.jpg,375,500,train,7,7,0.6549
n02979186__n02979186_4754.jpg,500,265,train,2,2,1.0
n03888257__n03888257_11943.jpg,792,593,train,9,9,0.9992
n02102040__n02102040_5004.jpg,500,394,train,1,1,1.0
n01440764__n01440764_2919.jpg,383,575,train,0,0,1.0
n03000684__n03000684_3747.jpg,100,100,train,3,3,0.9992
n03394916__n03394916_23145.jpg,360,288,train,5,5,0.9876
n02979186__n02979186_977.jpg,500,333,train,2,2,0.9044
n03417042__n03417042_5813.jpg,500,333,train,6,6,0.9843
n03394916__n03394916_44775.jpg,500,375,train,5,5,0.9997
n03394916__n03394916_33829.jpg,500,375,train,5,5,0.9982
n03028079__n03028079_8457.jpg,500,346,train,4,4,0.9999
n03888257__n03888257_38373.jpg,375,500,train,9,9,0.9966
n03000684__n03000684_14865.jpg,375,500,train,3,3,0.9976
n02102040__n02102040_1317.jpg,500,334,train,1,1,0.9998
n02979186__n02979186_18408.jpg,149,149,train,2,2,0.9988
n01440764__n01440764_11044.jpg,600,577,train,0,0,1.0
n03445777__n03445777_5007.jpg,500,384,train,8,8,1.0
n02979186__ILSVRC2012_val_00006787.jpg,229,282,train,2,2,0.9981
n03445777__n03445777_3919.jpg,575,450,train,8,8,1.0
n03888257__n03888257_4345.jpg,640,551,train,9,9,0.9999
n03000684__n03000684_21046.jpg,500,333,train,3,3,1.0
n01440764__n01440764_7499.jpg,500,333,train,0,0,1.0
n03394916__n03394916_36695.jpg,378,500,train,5,5,0.9923
n03028079__n03028079_16355.jpg,333,500,train,4,4,0.9998
n01440764__n01440764_1666.jpg,500,375,train,0,0,1.0
n02979186__n02979186_8227.jpg,432,257,train,2,2,0.9999
n02102040__n02102040_4033.jpg,500,333,train,1,1,0.9999
n03425413__n03425413_19956.jpg,262,500,train,7,7,0.9998
n03417042__n03417042_18124.jpg,640,480,train,6,6,1.0
n03028079__n03028079_14677.jpg,375,500,train,4,4,0.9999
n01440764__n01440764_12435.jpg,590,442,train,0,0,1.0
n01440764__n01440764_4804.jpg,350,353,train,0,0,0.894
n01440764__n01440764_10529.jpg,750,566,train,0,0,1.0
n03425413__n03425413_13025.jpg,500,375,train,7,7,0.9013
n03394916__n03394916_59.jpg,75,62,train,5,5,1.0
n03888257__n03888257_17326.jpg,500,333,train,9,9,0.9983
n03394916__n03394916_32616.jpg,500,375,train,5,5,0.9999
n03445777__n03445777_2019.jpg,250,167,train,8,8,0.9999
n02979186__n02979186_14498.jpg,500,247,train,2,2,1.0
n03425413__n03425413_9905.jpg,500,442,train,7,7,0.9999
n03445777__n03445777_12303.jpg,300,190,train,8,8,0.9998
n02979186__ILSVRC2012_val_00012468.jpg,2000,2000,train,2,2,0.9998
n03028079__n03028079_14719.jpg,357,500,train,4,4,0.9995
n03000684__n03000684_5045.jpg,500,375,train,3,3,0.9929
n02979186__n02979186_13427.jpg,500,375,train,2,2,0.9986
n03000684__n03000684_368.jpg,375,500,train,3,3,1.0
n02102040__n02102040_766.jpg,500,375,train,1,1,1.0
n02979186__n02979186_14857.jpg,500,384,train,2,2,0.9999
n03000684__n03000684_14246.jpg,500,471,train,3,3,0.9994
n03888257__ILSVRC2012_val_00022496.jpg,500,372,train,9,9,0.9992
n03028079__n03028079_70618.jpg,367,500,train,4,4,0.9999
n03000684__n03000684_1128.jpg,161,240,train,3,3,0.9404
n02102040__n02102040_7347.jpg,488,500,train,1,1,0.9031
n03000684__n03000684_11744.jpg,500,375,train,3,3,0.9643
n01440764__n01440764_1798.jpg,640,480,train,0,0,1.0
n03888257__n03888257_17164.jpg,341,500,train,9,9,0.4357
n03888257__n03888257_18127.jpg,500,368,train,9,9,0.9979
n01440764__n01440764_7677.jpg,200,149,train,0,0,1.0
n03028079__n03028079_4167.jpg,375,500,train,4,4,0.9976
n02979186__n02979186_18645.jpg,114,114,train,2,2,0.9991
n02979186__n02979186_27387.jpg,500,375,train,2,2,0.9996
n02979186__n02979186_7.jpg,280,280,train,2,2,0.9756
n01440764__n01440764_2098.jpg,500,375,train,0,0,1.0
n03028079__n03028079_2495.jpg,402,600,train,4,4,0.9998
n02102040__n02102040_4806.jpg,500,333,train,1,1,1.0
n02979186__n02979186_17396.jpg,100,100,train,2,2,0.9934
n03000684__n03000684_4883.jpg,333,500,train,3,3,0.9971
n03445777__n03445777_15776.jpg,454,675,train,8,8,0.9227
n02979186__n02979186_3113.jpg,500,163,train,2,2,1.0
n03394916__n03394916_13087.jpg,400,300,train,5,5,1.0
n02102040__n02102040_1455.jpg,500,375,train,1,1,0.9999
n03888257__n03888257_5639.jpg,630,458,train,9,9,0.9981
n03028079__n03028079_3055.jpg,500,333,train,4,4,0.996
n03394916__n03394916_24164.jpg,432,555,train,5,5,0.9985
n03394916__n03394916_23304.jpg,500,375,train,5,5,1.0
n03417042__n03417042_5576.jpg,500,375,train,6,2,0.7655
n03417042__n03417042_5875.jpg,1024,768,train,6,6,0.9997
n02979186__n02979186_20037.jpg,135,100,train,2,2,0.995
n02979186__n02979186_3788.jpg,360,360,train,2,2,0.9969
n03417042__n03417042_12145.jpg,500,375,train,6,6,1.0
n03445777__n03445777_7147.jpg,700,525,train,8,8,0.9999
n03394916__n03394916_40655.jpg,375,500,train,5,5,0.9993
n03028079__n03028079_67547.jpg,500,345,train,4,4,0.999
n02102040__n02102040_7484.jpg,500,333,train,1,1,0.9997
n03445777__n03445777_416.jpg,425,300,train,8,8,0.9986
n03000684__n03000684_17989.jpg,405,751,train,3,3,0.7988
n03000684__n03000684_10777.jpg,100,77,train,3,3,0.989
n03394916__n03394916_25364.jpg,402,644,train,5,5,0.9998
n03888257__n03888257_29766.jpg,347,500,train,9,9,0.9998
n03445777__n03445777_2314.jpg,500,375,train,8,8,0.4884
n02102040__n02102040_2606.jpg,500,375,train,1,1,0.8954
n01440764__n01440764_4616.jpg,798,416,train,0,0,1.0
n03888257__n03888257_23297.jpg,333,500,train,9,9,0.9982
n03417042__n03417042_25753.jpg,500,375,train,6,6,0.9945
n03028079__n03028079_3064.jpg,500,348,train,4,4,0.9995
n03417042__n03417042_14274.jpg,500,375,train,6,6,0.9999
n01440764__ILSVRC2012_val_00025129.jpg,500,375,train,0,0,0.9917
n03028079__n03028079_883.jpg,396,500,train,4,4,0.9999
n03000684__n03000684_13916.jpg,500,375,train,3,3,0.9637
n02979186__n02979186_19333.jpg,500,375,train,2,2,0.9984
n03394916__n03394916_13899.jpg,334,500,train,5,5,1.0
n03000684__n03000684_33547.jpg,500,375,train,3,3,1.0
n01440764__n01440764_11745.jpg,337,245,train,0,0,1.0
n03445777__n03445777_7915.jpg,500,408,train,8,8,0.9998
n01440764__ILSVRC2012_val_00007197.jpg,500,375,train,0,0,1.0
n03425413__n03425413_1469.jpg,383,598,train,7,7,0.9995
n03028079__n03028079_5826.jpg,500,500,train,4,4,0.9985
n03417042__n03417042_3804.jpg,500,335,train,6,6,0.874
n03394916__n03394916_46679.jpg,500,361,train,5,5,1.0
n03425413__n03425413_14923.jpg,375,500,train,7,7,0.9997
n03425413__n03425413_17067.jpg,333,500,train,7,7,0.9998
n03417042__ILSVRC2012_val_00039069.jpg,500,373,train,6,6,0.9995
n03394916__n03394916_57578.jpg,333,500,train,5,5,0.9995
n03394916__n03394916_28285.jpg,500,375,train,5,5,0.9998
n01440764__n01440764_18.jpg,375,500,train,0,0,1.0
n03417042__n03417042_20043.jpg,500,375,train,6,6,0.9997
n03425413__n03425413_15556.jpg,500,500,train,7,7,0.9997
n03000684__n03000684_16908.jpg,500,245,train,3,3,1.0
n03417042__n03417042_6327.jpg,610,438,train,6,6,0.8429
n02102040__n02102040_3045.jpg,338,500,train,1,1,0.9666
n03425413__n03425413_31799.jpg,375,500,train,7,7,0.9999
n02102040__n02102040_3953.jpg,500,375,train,1,1,1.0
n03417042__n03417042_14645.jpg,500,375,train,6,6,0.9999
n02979186__n02979186_6049.jpg,500,255,train,2,2,1.0
n03888257__n03888257_29169.jpg,333,500,train,9,9,0.9986
n03417042__n03417042_8935.jpg,500,375,train,6,6,0.9984
n02979186__n02979186_476.jpg,300,300,train,2,2,0.9998
n03425413__n03425413_13183.jpg,333,500,train,7,7,0.9988
n03425413__n03425413_2009.jpg,563,750,train,7,7,0.9832
n03394916__n03394916_37186.jpg,500,375,train,5,5,0.9941
n02102040__n02102040_4779.jpg,500,333,train,1,1,1.0
n03028079__n03028079_25656.jpg,375,500,train,4,4,0.9998
n03445777__n03445777_5546.jpg,500,333,train,8,8,0.9998
n03028079__n03028079_9256.jpg,500,375,train,4,4,0.9995
n02979186__n02979186_19683.jpg,135,104,train,2,2,0.9992
n01440764__n01440764_13489.jpg,500,333,train,0,0,1.0
n03425413__n03425413_20676.jpg,500,343,train,7,2,0.4342
n03394916__n03394916_29306.jpg,500,333,train,5,5,0.9993
n02979186__n02979186_7257.jpg,260,173,train,2,2,0.9424
n03425413__n03425413_15375.jpg,500,333,train,7,7,0.9689
n03028079__n03028079_15026.jpg,354,500,train,4,4,0.9945
n03000684__n03000684_20943.jpg,375,500,train,3,3,1.0
n03888257__n03888257_20397.jpg,500,393,train,9,9,1.0
n02102040__n02102040_725.jpg,500,431,train,1,1,1.0
n03417042__n03417042_8867.jpg,500,375,train,6,6,0.9999
n02979186__n02979186_16439.jpg,500,375,train,2,2,0.9996
n02102040__n02102040_5133.jpg,375,500,train,1,1,1.0
n03417042__n03417042_13755.jpg,500,375,train,6,6,0.9991
n03000684__n03000684_7489.jpg,375,500,train,3,3,0.7673
n02979186__n02979186_4665.jpg,121,92,train,2,2,0.878
n03028079__n03028079_49798.jpg,500,500,train,4,4,0.999
n02979186__n02979186_13415.jpg,500,333,train,2,2,0.9927
n03417042__n03417042_27278.jpg,500,375,train,6,6,0.9997
n03394916__n03394916_25775.jpg,512,384,train,5,5,1.0
n02102040__n02102040_3563.jpg,500,337,train,1,1,1.0
n02102040__n02102040_1227.jpg,800,549,train,1,1,1.0
n02979186__n02979186_2887.jpg,576,432,train,2,2,0.9985
n03425413__n03425413_1296.jpg,640,513,train,7,7,0.988
n03425413__n03425413_15048.jpg,500,375,train,7,7,0.999
n03028079__n03028079_17886.jpg,500,455,train,4,4,0.9999
n03417042__n03417042_2374.jpg,700,525,train,6,6,0.9915
n03417042__n03417042_6585.jpg,500,375,train,6,6,0.999
n02979186__n02979186_10877.jpg,500,375,train,2,2,0.9997
n03417042__n03417042_10563.jpg,500,268,train,6,6,1.0
n03417042__n03417042_10043.jpg,500,340,train,6,6,1.0
n03445777__ILSVRC2012_val_00017247.jpg,365,500,train,8,8,0.5379
n03394916__n03394916_18898.jpg,850,624,train,5,5,0.9999
n01440764__n01440764_25478.jpg,500,375,train,0,0,1.0
n02979186__n02979186_19188.jpg,114,114,train,2,2,0.9965
n02102040__n02102040_4074.jpg,500,375,train,1,1,1.0
n03394916__n03394916_45827.jpg,500,375,train,5,5,1.0
n03417042__n03417042_5424.jpg,500,375,train,6,6,0.9998
n03417042__n03417042_5698.jpg,500,327,train,6,6,0.9985
n03425413__n03425413_14159.jpg,500,400,train,7,7,0.9976
n03425413__n03425413_15035.jpg,500,335,train,7,7,0.8311
n03028079__n03028079_1275.jpg,427,480,train,4,4,0.999
n02102040__n02102040_665.jpg,500,375,train,1,1,0.9993
n03417042__n03417042_17233.jpg,500,375,train,6,6,0.9968
n02979186__ILSVRC2012_val_00034563.jpg,625,414,train,2,2,0.9999
n02102040__n02102040_3705.jpg,375,500,train,1,1,1.0
n02979186__n02979186_6616.jpg,600,606,train,2,2,0.9998
n03417042__n03417042_2478.jpg,500,375,train,6,6,0.9984
n01440764__n01440764_1608.jpg,500,375,train,0,0,1.0
n02979186__n02979186_19337.jpg,160,160,train,2,2,0.9996
n02102040__n02102040_3114.jpg,500,333,train,1,1,1.0
n01440764__n01440764_6399.jpg,500,375,train,0,0,1.0
n03394916__n03394916_39846.jpg,500,375,train,5,5,1.0
n03028079__n03028079_25624.jpg,500,400,train,4,4,0.9988
n03425413__n03425413_16794.jpg,456,500,train,7,7,0.9999
n03394916__n03394916_19996.jpg,335,500,train,5,5,0.9983
n03417042__n03417042_6554.jpg,500,375,train,6,6,0.9938
n03445777__n03445777_10523.jpg,500,374,train,8,8,0.8123
n03000684__n03000684_35465.jpg,560,420,train,3,3,0.9996
n03394916__n03394916_55719.jpg,950,585,train,5,5,1.0
n03000684__n03000684_16549.jpg,500,375,train,3,3,0.9602
n02979186__n02979186_23733.jpg,500,500,train,2,2,0.8653
n01440764__n01440764_14339.jpg,1024,768,train,0,0,0.9861
n03394916__n03394916_30019.jpg,500,375,train,5,5,0.9928
n03000684__n03000684_15283.jpg,160,120,train,3,3,0.904
n02102040__n02102040_6586.jpg,500,375,train,1,1,1.0
n03000684__n03000684_19119.jpg,128,128,train,3,3,0.9824
n03417042__n03417042_8054.jpg,500,375,train,6,6,0.9999
n03000684__n03000684_19409.jpg,500,375,train,3,3,0.9833
n03888257__n03888257_31587.jpg,500,333,train,9,9,0.9996
n03394916__n03394916_3219.jpg,500,375,train,5,5,1.0
n02102040__n02102040_7168.jpg,500,377,train,1,1,0.9988
n01440764__n01440764_4397.jpg,450,600,train,0,0,0.9984
n03417042__n03417042_5324.jpg,500,331,train,6,6,0.9999
n02979186__ILSVRC2012_val_00047974.jpg,640,405,train,2,2,1.0
n03417042__n03417042_10957.jpg,500,375,train,6,6,0.9998
n03417042__n03417042_4907.jpg,500,355,train,6,6,1.0
n03000684__n03000684_7397.jpg,200,150,train,3,3,1.0
n03888257__n03888257_38613.jpg,500,336,train,9,9,1.0
n03028079__n03028079_3024.jpg,500,315,train,4,4,0.9948
n03445777__n03445777_1036.jpg,200,200,train,8,8,0.9999
n03425413__n03425413_13958.jpg,500,375,train,7,7,0.9999
n03417042__n03417042_127.jpg,500,438,train,6,6,0.9998
n03028079__n03028079_10343.jpg,500,326,train,4,4,0.9908
n03445777__n03445777_258.jpg,240,120,train,8,8,0.9897
n03000684__n03000684_7165.jpg,500,375,train,3,3,1.0
n03417042__n03417042_1336.jpg,500,332,train,6,6,1.0
n03445777__n03445777_624.jpg,500,333,train,8,8,0.9984
n02102040__n02102040_3719.jpg,418,500,train,1,1,1.0
n03000684__n03000684_1453.jpg,400,400,train,3,3,0.9999
n03028079__n03028079_3549.jpg,396,500,train,4,4,0.9999
n02979186__ILSVRC2012_val_00027673.jpg,300,206,train,2,2,0.9854
n03000684__n03000684_967.jpg,160,120,train,3,3,0.9986
n03445777__n03445777_7797.jpg,335,500,train,8,8,0.9999
n03888257__ILSVRC2012_val_00047778.jpg,500,444,train,9,9,0.9998
n03888257__n03888257_43663.jpg,500,333,train,9,9,0.9996
n03417042__n03417042_3214.jpg,500,375,train,6,6,0.8486
n03888257__n03888257_12053.jpg,500,375,train,9,9,0.936
n02102040__n02102040_4517.jpg,500,378,train,1,1,0.9999
n03417042__n03417042_5634.jpg,600,405,train,6,6,0.9999
n03028079__n03028079_6824.jpg,402,500,train,4,4,0.9989
n02102040__n02102040_6566.jpg,500,374,train,1,1,1.0
n02979186__n02979186_7443.jpg,160,67,train,2,2,0.9999
n03000684__n03000684_21209.jpg,375,500,train,3,3,0.9981
n03028079__n03028079_14429.jpg,333,500,train,4,4,0.9929
n02102040__n02102040_855.jpg,500,375,train,1,1,0.9999
n02979186__n02979186_15039.jpg,500,375,train,2,2,0.9997
n02102040__n02102040_2313.jpg,356,470,train,1,1,1.0
n03888257__n03888257_64605.jpg,500,335,train,9,9,0.995
n02102040__n02102040_4299.jpg,500,333,train,1,1,1.0
n03417042__n03417042_4765.jpg,500,422,train,6,6,0.9958
n03445777__n03445777_2555.jpg,500,375,train,8,8,0.9999
n03888257__ILSVRC2012_val_00002665.jpg,500,375,train,9,9,0.9936
n02102040__n02102040_5095.jpg,500,375,train,1,1,0.9994
n02979186__n02979186_6729.jpg,500,375,train,2,2,0.7681
n03425413__n03425413_9326.jpg,288,409,train,7,7,0.9999
n03445777__ILSVRC2012_val_00012356.jpg,345,526,train,8,8,0.9985
n03394916__n03394916_44025.jpg,500,333,train,5,5,1.0
n03394916__ILSVRC2012_val_00023056.jpg,500,375,train,5,5,0.9824
n01440764__n01440764_3269.jpg,500,334,train,0,0,1.0
n03888257__n03888257_11387.jpg,500,333,train,9,9,0.9998
n03000684__n03000684_13873.jpg,334,500,train,3,3,0.9966
n03445777__n03445777_3166.jpg,438,419,train,8,8,0.9998
n02979186__n02979186_9149.jpg,588,180,train,2,2,0.9996
n03000684__n03000684_24888.jpg,230,226,train,3,3,0.9999
n02102040__n02102040_3905.jpg,500,333,train,1,1,0.9998
n01440764__n01440764_2633.jpg,180,180,train,0,0,1.0
n03417042__n03417042_12765.jpg,500,375,train,6,6,1.0
n03000684__n03000684_6728.jpg,137,103,train,3,3,0.9996
n03445777__n03445777_10027.jpg,500,500,train,8,8,0.9962
n03425413__n03425413_14874.jpg,375,500,train,7,7,0.9997
n03888257__n03888257_37623.jpg,500,365,train,9,9,0.9835
n03000684__n03000684_4467.jpg,334,500,train,3,3,0.9965
n03417042__ILSVRC2012_val_00013827.jpg,500,375,train,6,6,1.0
n02102040__n02102040_1014.jpg,640,480,train,1,1,0.9997
n02102040__n02102040_6085.jpg,500,383,train,1,1,1.0
n03425413__n03425413_9035.jpg,1280,960,train,7,7,0.9998
n02979186__n02979186_11699.jpg,500,375,train,2,2,1.0
n02979186__n02979186_14743.jpg,500,375,train,2,2,1.0
n03028079__n03028079_3728.jpg,336,500,train,4,4,0.9994
n02102040__n02102040_4979.jpg,500,375,train,1,1,1.0
n03394916__n03394916_41676.jpg,500,375,train,5,5,1.0
n03425413__n03425413_13973.jpg,500,375,train,7,7,0.9996
n01440764__n01440764_3375.jpg,1023,767,train,0,0,1.0
n03425413__n03425413_8303.jpg,375,500,train,7,2,0.6513
n03425413__n03425413_11327.jpg,678,435,train,7,7,0.9999
n03445777__n03445777_147.jpg,200,267,train,8,8,0.9997
n03394916__n03394916_4213.jpg,333,500,train,5,5,1.0
n03425413__ILSVRC2012_val_00019667.jpg,375,500,train,7,7,0.9996
n02979186__n02979186_3056.jpg,277,281,train,2,2,1.0
n03888257__n03888257_6326.jpg,500,375,train,9,9,0.9949
n03000684__n03000684_26449.jpg,500,333,train,3,3,0.9995
n03000684__n03000684_4653.jpg,500,333,train,3,3,0.9998
n03417042__n03417042_17773.jpg,500,375,train,6,6,1.0
n03888257__n03888257_8415.jpg,418,557,train,9,9,0.884
n03425413__n03425413_20607.jpg,500,375,train,7,7,0.9971
n03888257__n03888257_12195.jpg,500,333,train,9,9,0.9986
n03888257__n03888257_4919.jpg,500,333,train,9,9,0.9975
n03000684__n03000684_25284.jpg,500,333,train,3,3,0.9976
n03028079__n03028079_7999.jpg,500,380,train,4,4,0.9999
n03000684__n03000684_18963.jpg,500,412,train,3,3,0.9995
n02979186__n02979186_10289.jpg,500,333,train,2,2,0.9499
n01440764__n01440764_11665.jpg,341,256,train,0,0,1.0
n02979186__n02979186_4613.jpg,121,90,train,2,2,0.9994
n03425413__n03425413_1199.jpg,500,392,train,7,7,0.9998
n01440764__n01440764_11656.jpg,300,273,train,0,0,1.0
n01440764__n01440764_8045.jpg,256,341,train,0,0,1.0
n01440764__n01440764_2803.jpg,640,480,train,0,0,0.9999
n02102040__n02102040_8283.jpg,500,333,train,1,1,0.4872
n03028079__n03028079_10539.jpg,500,386,train,4,4,0.999
n03888257__n03888257_23815.jpg,500,333,train,9,9,0.9999
n03394916__n03394916_38808.jpg,500,375,train,5,5,0.9928
n03425413__n03425413_20423.jpg,500,375,train,7,7,0.9656
n03445777__n03445777_5097.jpg,500,281,train,8,8,0.9998
n02102040__n02102040_5448.jpg,500,375,train,1,1,0.9999
n03394916__n03394916_46778.jpg,333,500,train,5,5,0.9997
n02979186__n02979186_12694.jpg,500,375,train,2,2,0.9999
n03417042__ILSVRC2012_val_00029377.jpg,500,375,train,6,6,0.9999
n01440764__n01440764_11974.jpg,500,375,train,0,0,1.0
n03000684__ILSVRC2012_val_00044204.jpg,300,200,train,3,3,1.0
n03417042__n03417042_1714.jpg,500,333,train,6,6,0.9971
n03445777__n03445777_13924.jpg,500,274,train,8,8,0.9999
n01440764__n01440764_2094.jpg,500,340,train,0,0,0.9978
n03888257__n03888257_9864.jpg,500,333,train,9,9,0.9999
n03425413__n03425413_13288.jpg,375,500,train,7,7,0.9999
n03000684__n03000684_13279.jpg,640,480,train,3,3,0.9985
n01440764__n01440764_1155.jpg,625,583,train,0,0,1.0
n03000684__n03000684_10729.jpg,333,500,train,3,3,0.9992
n03417042__n03417042_816.jpg,500,333,train,6,6,0.9255
n03417042__n03417042_1479.jpg,500,375,train,6,6,0.999
n03888257__n03888257_21093.jpg,500,426,train,9,9,0.9997
n03888257__n03888257_11098.jpg,640,302,train,9,9,0.9244
n03417042__n03417042_20609.jpg,500,371,train,6,6,1.0
n03445777__n03445777_844.jpg,375,500,train,8,8,0.9966
n03394916__n03394916_32405.jpg,375,500,train,5,5,0.9945
n02102040__n02102040_2876.jpg,500,466,train,1,1,0.9994
n03000684__n03000684_7573.jpg,500,375,train,3,3,0.9922
n03028079__n03028079_48686.jpg,400,500,train,4,4,0.998
n03394916__ILSVRC2012_val_00042707.jpg,334,500,train,5,5,0.9989
n03028079__n03028079_26694.jpg,500,333,train,4,4,0.9997
n03445777__n03445777_8477.jpg,500,333,train,8,8,0.9969
n03028079__n03028079_3553.jpg,492,500,train,4,4,0.9999
n01440764__n01440764_13275.jpg,500,377,train,0,0,0.9995
n03445777__n03445777_5597.jpg,250,250,train,8,8,0.9999
n02102040__n02102040_1064.jpg,500,377,train,1,1,0.9995
n02102040__ILSVRC2012_val_00046295.jpg,500,375,train,1,1,1.0
n03394916__n03394916_28113.jpg,332,500,train,5,5,1.0
n03417042__n03417042_3146.jpg,375,500,train,6,6,0.9409
n03000684__n03000684_17269.jpg,167,125,train,3,3,0.9261
n03888257__n03888257_11587.jpg,500,373,train,9,9,0.991
n03888257__n03888257_8148.jpg,1024,576,train,9,9,0.9996
n03028079__n03028079_25307.jpg,337,500,train,4,4,0.9629
n02979186__ILSVRC2012_val_00025484.jpg,500,375,train,2,2,0.9999
n03417042__n03417042_6685.jpg,333,500,train,6,6,0.9988
n03028079__n03028079_20114.jpg,500,375,train,4,4,0.9996
n02102040__n02102040_8029.jpg,350,500,train,1,1,1.0
n03000684__n03000684_21868.jpg,500,335,train,3,3,0.9999
n03888257__n03888257_10315.jpg,375,500,train,9,9,0.9923
n01440764__n01440764_7926.jpg,413,277,train,0,0,0.9973
n02102040__n02102040_1003.jpg,500,292,train,1,1,0.9999
n03028079__n03028079_56388.jpg,500,500,train,4,4,0.9988
n02979186__ILSVRC2012_val_00035803.jpg,440,293,train,2,2,0.9993
n03445777__n03445777_998.jpg,333,500,train,8,8,0.983
n03417042__n03417042_234.jpg,500,375,train,6,6,0.9999
n03028079__n03028079_29556.jpg,499,500,train,4,4,0.9948
n03888257__n03888257_4988.jpg,500,375,train,9,9,0.9993
n02102040__n02102040_97.jpg,333,500,train,1,1,1.0
n03888257__n03888257_11187.jpg,322,500,train,9,9,0.9985
n03425413__n03425413_17518.jpg,333,500,train,7,7,0.9936
n03394916__n03394916_46945.jpg,500,334,train,5,5,1.0
n03028079__n03028079_76426.jpg,500,367,train,4,4,0.9998
n03417042__n03417042_5338.jpg,280,210,train,6,6,0.9817
n03000684__n03000684_11636.jpg,500,375,train,3,3,0.9994
n03445777__n03445777_8015.jpg,500,333,train,8,8,0.9993
n02979186__n02979186_8736.jpg,290,290,train,2,2,0.9995
n03417042__n03417042_27673.jpg,471,353,train,6,6,0.9998
n02102040__n02102040_7338.jpg,500,375,train,1,1,0.9995
n03445777__n03445777_9939.jpg,500,375,train,8,8,0.635
n01440764__n01440764_10095.jpg,223,146,train,0,0,0.9775
n03394916__n03394916_11684.jpg,450,520,train,5,5,0.9998
n03888257__n03888257_36506.jpg,500,333,train,9,9,0.9994
n03394916__n03394916_35133.jpg,375,500,train,5,5,0.999
n03417042__n03417042_4694.jpg,500,375,train,6,6,0.9998
n03394916__n03394916_51698.jpg,1162,773,train,5,5,1.0
n03028079__n03028079_1106.jpg,500,333,train,4,4,0.9995
n03417042__ILSVRC2012_val_00013925.jpg,500,375,train,6,6,1.0
n02979186__n02979186_19444.jpg,114,114,train,2,2,0.9995
n03417042__n03417042_27354.jpg,375,500,train,6,6,0.9981
n03028079__n03028079_53005.jpg,500,375,train,4,4,0.9995
n03417042__n03417042_1963.jpg,1280,960,train,6,6,0.9999
n01440764__n01440764_2646.jpg,625,469,train,0,0,0.9996
n03425413__n03425413_13068.jpg,500,375,train,7,7,0.9998
n02979186__n02979186_13469.jpg,500,399,train,2,2,0.9912
n03394916__n03394916_54834.jpg,640,480,train,5,5,1.0
n03425413__n03425413_13136.jpg,375,500,train,7,7,0.9994
n02979186__ILSVRC2012_val_00044373.jpg,800,600,train,2,2,1.0
n03000684__n03000684_1643.jpg,314,500,train,3,3,0.9862
n03000684__n03000684_32408.jpg,400,500,train,3,3,0.9621
n03425413__n03425413_3053.jpg,375,500,train,7,7,0.9991
n02102040__n02102040_189.jpg,500,375,train,1,1,1.0
n03445777__n03445777_20454.jpg,178,165,train,8,8,0.9999
n02979186__n02979186_21646.jpg,130,81,train,2,2,0.9995
n02102040__n02102040_5715.jpg,500,357,train,1,1,1.0
n02102040__n02102040_6354.jpg,500,375,train,1,1,0.9991
n03028079__n03028079_79776.jpg,354,500,train,4,4,0.9997
n03417042__n03417042_4647.jpg,500,374,train,6,6,0.9882
n01440764__n01440764_3888.jpg,512,384,train,0,0,0.9906
n03417042__n03417042_29793.jpg,500,375,train,6,6,0.9999
n03888257__n03888257_54265.jpg,500,333,train,9,9,0.999
n03028079__n03028079_2044.jpg,426,500,train,4,4,0.9992
n03028079__n03028079_1784.jpg,346,500,train,4,4,0.9947
n01440764__n01440764_449.jpg,500,381,train,0,0,1.0
n03028079__ILSVRC2012_val_00029728.jpg,377,500,train,4,4,0.9997
n01440764__n01440764_3815.jpg,625,469,train,0,0,1.0
n02102040__n02102040_3644.jpg,500,375,train,1,1,0.9998
n03888257__n03888257_3013.jpg,333,500,train,9,9,0.9966
n03888257__n03888257_32608.jpg,500,375,train,9,9,0.9999
n03445777__n03445777_8289.jpg,500,375,train,8,8,0.9993
n03417042__n03417042_3216.jpg,590,354,train,6,6,0.9989
n03888257__n03888257_30997.jpg,500,342,train,9,9,0.999
n03417042__n03417042_8694.jpg,1812,1312,train,6,6,0.9998
n03888257__n03888257_61633.jpg,357,500,train,9,9,0.9999
n02102040__n02102040_165.jpg,500,375,train,1,1,1.0
n02979186__n02979186_9914.jpg,197,155,train,2,2,0.9998
n03028079__n03028079_7535.jpg,500,342,train,4,4,0.9996
n02102040__n02102040_297.jpg,375,500,train,1,1,1.0
n01440764__n01440764_13744.jpg,600,535,train,0,0,1.0
n03000684__n03000684_417.jpg,333,500,train,3,3,0.9999
n03417042__n03417042_5503.jpg,500,375,train,6,6,0.9987
n01440764__n01440764_10733.jpg,375,500,train,0,0,0.9999
n03417042__n03417042_26744.jpg,500,374,train,6,6,1.0
n03445777__n03445777_3963.jpg,450,300,train,8,8,0.9997
n02102040__n02102040_2989.jpg,500,375,train,1,1,1.0
n03888257__n03888257_14368.jpg,3398,2498,train,9,9,0.9999
n03394916__n03394916_35076.jpg,333,500,train,5,5,0.9995
n03417042__n03417042_6749.jpg,640,480,train,6,6,0.9933
n01440764__ILSVRC2012_val_00011233.jpg,500,427,train,0,0,1.0
n03445777__n03445777_8225.jpg,500,332,train,8,8,0.9894
n03425413__n03425413_1255.jpg,1600,1200,train,7,7,0.9898
n01440764__n01440764_3096.jpg,500,333,train,0,0,0.9886
n03445777__n03445777_7744.jpg,333,500,train,8,8,0.9949
n03000684__n03000684_12575.jpg,128,95,train,3,3,1.0
n03000684__n03000684_28166.jpg,333,500,train,3,3,0.9982
n03000684__n03000684_3556.jpg,170,138,train,3,3,0.9936
n03000684__n03000684_14146.jpg,500,375,train,3,3,1.0
n03028079__n03028079_9744.jpg,500,278,train,4,4,0.9988
n03445777__n03445777_2358.jpg,375,500,train,8,8,1.0
n03888257__n03888257_48085.jpg,333,500,train,9,9,0.9849
n03028079__n03028079_206.jpg,500,333,train,4,4,0.9984
n03417042__n03417042_2253.jpg,1600,1063,train,6,6,0.9785
n03445777__n03445777_10537.jpg,500,333,train,8,8,1.0
n03888257__n03888257_26127.jpg,382,500,train,9,9,0.9964
n03028079__n03028079_4253.jpg,336,500,train,4,4,0.9999
n03028079__n03028079_53715.jpg,500,432,train,4,4,1.0
n03028079__n03028079_40458.jpg,373,500,train,4,4,0.9999
n03417042__n03417042_21024.jpg,510,383,train,6,6,0.9999
n03028079__n03028079_37126.jpg,500,376,train,4,4,0.9994
n03425413__n03425413_20828.jpg,500,375,train,7,7,0.9999
n03028079__n03028079_12685.jpg,500,377,train,4,4,0.9994
n03394916__n03394916_39597.jpg,500,375,train,5,5,0.9999
n03417042__n03417042_27326.jpg,500,375,train,6,6,0.998
n02102040__n02102040_6503.jpg,500,333,train,1,1,1.0
n02102040__n02102040_1706.jpg,373,500,train,1,2,0.8873
n01440764__n01440764_14025.jpg,453,432,train,0,0,1.0
n02979186__n02979186_5433.jpg,600,532,train,2,2,0.9996
n03888257__ILSVRC2012_val_00015787.jpg,500,375,train,9,9,0.9983
n03394916__n03394916_47205.jpg,334,500,train,5,5,0.9985
n03888257__n03888257_11053.jpg,2816,2112,train,9,9,0.9985
n03425413__n03425413_22613.jpg,500,336,train,7,7,0.9897
n01440764__n01440764_188.jpg,400,300,train,0,0,1.0
n03425413__n03425413_1284.jpg,400,533,train,7,7,0.998
n03028079__n03028079_40565.jpg,500,332,train,4,4,0.9984
n01440764__n01440764_7908.jpg,378,386,train,0,0,1.0
n03425413__n03425413_20484.jpg,413,500,train,7,7,0.985
n02102040__n02102040_209.jpg,500,375,train,1,1,1.0
n01440764__n01440764_3146.jpg,383,222,train,0,0,1.0
n03888257__n03888257_42848.jpg,358,500,train,9,9,0.9998
n03028079__n03028079_20439.jpg,326,500,train,4,4,0.9999
n01440764__n01440764_96.jpg,500,375,train,0,0,1.0
n02979186__n02979186_25159.jpg,600,532,train,2,2,0.9999
n02102040__n02102040_535.jpg,500,375,train,1,1,1.0
n03417042__n03417042_27497.jpg,500,375,train,6,6,0.8717
n02102040__n02102040_8236.jpg,333,500,train,1,1,1.0
n02102040__n02102040_4189.jpg,500,375,train,1,1,1.0
n03417042__n03417042_7365.jpg,600,427,train,6,6,0.9999
n03888257__n03888257_37776.jpg,333,500,train,9,9,0.9991
n03394916__n03394916_3485.jpg,300,200,train,5,5,1.0
n01440764__n01440764_1145.jpg,400,300,train,0,0,1.0
n02102040__n02102040_8294.jpg,500,375,train,1,1,0.9999
n01440764__n01440764_7548.jpg,388,344,train,0,0,1.0
n02102040__n02102040_1209.jpg,500,333,train,1,1,1.0
n03417042__n03417042_10197.jpg,500,375,train,6,6,0.9989
n03417042__n03417042_5136.jpg,700,460,train,6,6,0.9999
n03394916__n03394916_35544.jpg,500,333,train,5,5,1.0
n03028079__n03028079_419.jpg,500,382,train,4,4,0.9982
n01440764__n01440764_32134.jpg,180,240,train,0,0,1.0
n03417042__n03417042_3789.jpg,1024,600,train,6,6,0.9976
n03000684__n03000684_1649.jpg,381,500,train,3,3,0.9999
n03445777__n03445777_5504.jpg,400,248,train,8,8,0.9999
n03417042__n03417042_9289.jpg,702,405,train,6,6,0.9998
n03394916__n03394916_26248.jpg,500,333,train,5,5,1.0
n01440764__n01440764_413.jpg,320,240,train,0,0,0.9899
n03425413__n03425413_16129.jpg,500,470,train,7,7,0.9922
n03445777__n03445777_959.jpg,1121,750,train,8,8,0.9996
n03028079__n03028079_7595.jpg,500,333,train,4,4,0.9951
n03000684__n03000684_17226.jpg,500,333,train,3,3,0.9996
n03417042__n03417042_6804.jpg,500,335,train,6,6,0.977
n03394916__n03394916_29698.jpg,368,500,train,5,5,1.0
n02979186__n02979186_15889.jpg,500,375,train,2,2,0.9994
n03417042__n03417042_8119.jpg,375,500,train,6,6,0.9994
n03394916__ILSVRC2012_val_00041247.jpg,500,334,train,5,5,0.9803
n01440764__n01440764_6975.jpg,400,300,train,0,0,0.9983
n03888257__n03888257_9549.jpg,500,375,train,9,9,0.9991
n03417042__n03417042_11779.jpg,500,361,train,6,6,1.0
n03394916__n03394916_36506.jpg,500,375,train,5,5,1.0
n03394916__n03394916_29324.jpg,500,341,train,5,5,0.9994
n03028079__n03028079_20248.jpg,500,375,train,4,4,1.0
n02102040__n02102040_1105.jpg,333,500,train,1,1,0.9999
n03000684__n03000684_16379.jpg,500,375,train,3,3,0.9983
n01440764__n01440764_14524.jpg,640,480,train,0,0,1.0
n03394916__n03394916_7216.jpg,1524,1019,train,5,5,1.0
n01440764__n01440764_9747.jpg,240,320,train,0,0,1.0
n03888257__n03888257_78.jpg,720,544,train,9,9,0.9992
n01440764__n01440764_11797.jpg,500,333,train,0,0,1.0
n03394916__n03394916_51843.jpg,462,607,train,5,5,0.9977
n02102040__n02102040_4205.jpg,333,500,train,1,1,0.9999
n03417042__n03417042_9378.jpg,500,333,train,6,6,0.9998
n03888257__n03888257_2734.jpg,500,375,train,9,9,0.9999
n03000684__n03000684_35979.jpg,100,100,train,3,3,1.0
n03417042__n03417042_6317.jpg,640,480,train,6,6,0.9999
n03445777__n03445777_4058.jpg,500,385,train,8,8,1.0
n03445777__n03445777_6606.jpg,500,314,train,8,8,0.9997
n01440764__n01440764_13415.jpg,700,525,train,0,0,1.0
n03425413__n03425413_9079.jpg,375,500,train,7,7,0.9992
n03417042__n03417042_5768.jpg,500,375,train,6,6,0.9976
n03000684__n03000684_12035.jpg,500,375,train,3,3,0.8447
n02979186__n02979186_15953.jpg,500,375,train,2,2,0.9994
n03425413__n03425413_10747.jpg,450,450,train,7,7,0.9925
n03028079__n03028079_30345.jpg,500,351,train,4,4,0.9999
n02102040__n02102040_4555.jpg,500,375,train,1,1,0.9996
n03417042__n03417042_11439.jpg,500,375,train,6,6,0.9998
n03417042__n03417042_11393.jpg,500,375,train,6,6,0.9986
n03000684__n03000684_6386.jpg,280,187,train,3,3,0.928
n03000684__n03000684_16817.jpg,240,213,train,3,3,0.5851
n03394916__n03394916_38457.jpg,500,337,train,5,5,0.5221
n03445777__n03445777_5297.jpg,320,240,train,8,8,0.9995
n03417042__n03417042_2138.jpg,540,346,train,6,6,0.9997
n03000684__n03000684_5566.jpg,500,332,train,3,3,0.9996
n03888257__n03888257_4233.jpg,500,365,train,9,9,0.9997
n03028079__n03028079_28753.jpg,500,395,train,4,4,0.9995
n02979186__n02979186_3625.jpg,200,97,train,2,2,0.9672
n03888257__n03888257_26228.jpg,417,500,train,9,9,0.9999
n03417042__n03417042_495.jpg,500,333,train,6,6,0.9994
n03888257__n03888257_66969.jpg,500,333,train,9,9,0.9999
n03394916__n03394916_4867.jpg,500,333,train,5,5,1.0
n03425413__n03425413_7393.jpg,954,1593,train,7,7,0.8935
n02979186__n02979186_13349.jpg,500,397,train,2,2,1.0
n03417042__n03417042_4645.jpg,500,375,train,6,6,1.0
n03028079__n03028079_25435.jpg,350,500,train,4,4,0.9999
n03394916__n03394916_35809.jpg,375,500,train,5,5,0.9997
n02102040__ILSVRC2012_val_00004553.jpg,500,397,train,1,1,0.9948
n03417042__n03417042_3307.jpg,500,375,train,6,6,0.9999
n03888257__n03888257_11759.jpg,500,333,train,9,9,0.9994
n01440764__n01440764_7397.jpg,480,640,train,0,0,1.0
n03028079__n03028079_6076.jpg,375,500,train,4,4,0.8734
n02979186__n02979186_17826.jpg,500,303,train,2,2,1.0
n02979186__n02979186_14553.jpg,240,180,train,2,2,1.0
n03888257__n03888257_56857.jpg,500,357,train,9,9,0.9999
n03425413__n03425413_14983.jpg,500,375,train,7,7,0.9772
n01440764__n01440764_6843.jpg,500,375,train,0,0,1.0
n01440764__ILSVRC2012_val_00040833.jpg,500,375,train,0,0,1.0
n02979186__n02979186_22845.jpg,640,480,train,2,2,1.0
n03417042__n03417042_13869.jpg,500,375,train,6,6,1.0
n03028079__n03028079_2619.jpg,500,375,train,4,4,0.9997
n03394916__ILSVRC2012_val_00000957.jpg,500,375,train,5,2,0.86
n01440764__n01440764_2275.jpg,500,287,train,0,0,1.0
n01440764__n01440764_10108.jpg,693,800,train,0,0,1.0
n03425413__n03425413_4138.jpg,375,500,train,7,7,0.9982
n02979186__n02979186_14575.jpg,500,375,train,2,2,0.9999
n03394916__n03394916_11754.jpg,480,640,train,5,5,1.0
n03425413__n03425413_14186.jpg,375,500,train,7,7,1.0
n03028079__n03028079_9683.jpg,1008,756,train,4,4,0.9999
n03417042__n03417042_9254.jpg,500,375,train,6,6,0.9999
n03417042__n03417042_17888.jpg,500,376,train,6,6,0.9999
n03028079__n03028079_166.jpg,550,489,train,4,4,1.0
n03425413__ILSVRC2012_val_00023044.jpg,375,500,train,7,6,0.3881
n03888257__n03888257_13894.jpg,300,233,train,9,9,0.9999
n03394916__n03394916_47688.jpg,495,500,train,5,5,0.9996
n03888257__n03888257_23048.jpg,650,512,train,9,9,0.9998
n03888257__n03888257_3875.jpg,422,500,train,9,9,0.9999
n01440764__n01440764_12157.jpg,640,480,train,0,0,1.0
n01440764__n01440764_5535.jpg,500,377,train,0,0,1.0
n03445777__n03445777_3036.jpg,500,334,train,8,8,1.0
n03394916__n03394916_58304.jpg,819,1229,train,5,5,1.0
n01440764__n01440764_14074.jpg,175,175,train,0,0,1.0
n03445777__n03445777_13366.jpg,500,270,train,8,8,0.9999
n03888257__ILSVRC2012_val_00010336.jpg,500,390,train,9,9,0.9998
n03888257__n03888257_52194.jpg,363,500,train,9,9,0.9988
n03417042__n03417042_28707.jpg,500,375,train,6,6,0.9999
n03394916__n03394916_45419.jpg,500,338,train,5,5,1.0
n02102040__n02102040_2248.jpg,402,500,train,1,1,0.9984
n03394916__n03394916_31193.jpg,500,363,train,5,5,1.0
n03425413__n03425413_21147.jpg,375,500,train,7,7,0.9991
n03417042__n03417042_1245.jpg,500,375,train,6,6,0.9992
n03000684__n03000684_23807.jpg,375,500,train,3,3,0.9821
n03028079__n03028079_28938.jpg,373,500,train,4,4,0.999
n01440764__n01440764_1478.jpg,351,500,train,0,0,0.9999
n03888257__n03888257_5827.jpg,500,500,train,9,9,0.9997
n02979186__n02979186_5138.jpg,500,375,train,2,2,0.9947
n03417042__n03417042_22683.jpg,500,375,train,6,6,1.0
n02979186__n02979186_21024.jpg,160,135,train,2,2,0.9717
n02979186__n02979186_23069.jpg,500,419,train,2,2,0.9999
n03425413__n03425413_14336.jpg,375,500,train,7,7,0.9985
n03028079__n03028079_1088.jpg,500,332,train,4,4,0.996
n03394916__n03394916_40265.jpg,500,375,train,5,5,0.9997
n03888257__n03888257_18898.jpg,500,375,train,9,9,0.9998
n03000684__n03000684_9309.jpg,500,375,train,3,3,0.9974
n02102040__n02102040_2505.jpg,500,375,train,1,1,0.9987
n03394916__n03394916_36515.jpg,500,375,train,5,5,0.9984
n02102040__n02102040_2013.jpg,500,375,train,1,1,0.9998
n03425413__n03425413_21185.jpg,500,332,train,7,7,0.9999
n03417042__n03417042_17726.jpg,500,375,train,6,6,0.9998
n03394916__n03394916_42518.jpg,375,500,train,5,5,0.9955
n03445777__n03445777_3837.jpg,500,333,train,8,8,0.9988
n02102040__n02102040_986.jpg,500,334,train,1,1,1.0
n03028079__n03028079_113568.jpg,367,500,train,4,4,1.0
n01440764__n01440764_8805.jpg,500,333,train,0,0,1.0
n03028079__n03028079_66674.jpg,500,342,train,4,4,0.9987
n03394916__n03394916_35688.jpg,500,357,train,5,5,0.9999
n03417042__n03417042_8845.jpg,326,249,train,6,6,1.0
n02102040__n02102040_2564.jpg,500,357,train,1,1,0.9999
n01440764__n01440764_19403.jpg,500,362,train,0,0,1.0
n03445777__n03445777_6396.jpg,500,333,train,8,8,0.9999
n03445777__n03445777_385.jpg,500,333,train,8,8,0.9998
n03394916__n03394916_45336.jpg,500,333,train,5,5,0.9997
n03394916__n03394916_38214.jpg,500,374,train,5,5,0.9994
n03028079__n03028079_30979.jpg,375,500,train,4,4,0.9999
n03394916__n03394916_28838.jpg,375,500,train,5,2,0.5519
n03028079__n03028079_9453.jpg,500,332,train,4,4,0.9998
n03445777__n03445777_16399.jpg,640,413,train,8,8,0.9997
n03445777__n03445777_1976.jpg,500,375,train,8,8,0.9995
n03888257__n03888257_38516.jpg,500,375,train,9,9,0.9999
n02979186__ILSVRC2012_val_00049106.jpg,500,379,train,2,2,0.995
n03417042__n03417042_9377.jpg,500,334,train,6,6,0.9999
n03394916__n03394916_39153.jpg,375,500,train,5,5,0.9999
n02102040__n02102040_6068.jpg,375,500,train,1,1,1.0
n03000684__n03000684_2094.jpg,375,500,train,3,3,0.7356
n02102040__n02102040_867.jpg,1080,1440,train,1,1,1.0
n03425413__n03425413_21235.jpg,500,348,train,7,7,0.9997
n03425413__n03425413_19927.jpg,375,500,train,7,7,0.9999
n03888257__n03888257_9667.jpg,333,500,train,9,9,0.9998
n03425413__ILSVRC2012_val_00006909.jpg,500,375,train,7,7,1.0
n03000684__n03000684_7013.jpg,500,375,train,3,3,0.9889
n01440764__n01440764_4937.jpg,500,375,train,0,0,1.0
n01440764__n01440764_8938.jpg,400,289,train,0,0,1.0
n01440764__n01440764_14176.jpg,822,768,train,0,0,1.0
n03028079__n03028079_3117.jpg,850,565,train,4,4,0.9999
n03394916__n03394916_12819.jpg,400,217,train,5,5,0.9992
n03394916__n03394916_41165.jpg,500,375,train,5,5,0.8162
n03888257__n03888257_53087.jpg,500,334,train,9,9,0.9999
n02102040__n02102040_314.jpg,346,500,train,1,1,0.9992
n03028079__n03028079_59563.jpg,500,417,train,4,4,0.9949
n03417042__n03417042_5457.jpg,500,375,train,6,6,0.9927
n03425413__n03425413_17399.jpg,375,500,train,7,7,1.0
n02979186__n02979186_27736.jpg,245,144,train,2,2,0.682
n01440764__n01440764_13304.jpg,280,286,train,0,0,0.9999
n03417042__n03417042_5608.jpg,250,186,train,6,6,0.9996
n03394916__n03394916_54429.jpg,1162,773,train,5,5,0.9999
n03417042__n03417042_9327.jpg,500,375,train,6,6,1.0
n01440764__n01440764_8243.jpg,285,354,train,0,0,1.0
n03394916__n03394916_59127.jpg,561,432,train,5,5,1.0
n02979186__n02979186_15323.jpg,500,375,train,2,2,0.999
n03000684__n03000684_6183.jpg,967,739,train,3,3,1.0
n01440764__n01440764_8673.jpg,640,480,train,0,0,1.0
n03394916__n03394916_47287.jpg,415,480,train,5,5,0.9722
n03888257__n03888257_35764.jpg,500,335,train,9,9,0.9999
n03028079__ILSVRC2012_val_00027385.jpg,500,379,train,4,4,0.9998
n02979186__n02979186_734.jpg,500,334,train,2,2,0.9919
n01440764__n01440764_11887.jpg,280,294,train,0,0,1.0
n03888257__n03888257_34329.jpg,334,500,train,9,9,0.9891
n03445777__n03445777_4113.jpg,550,457,train,8,8,0.9999
n03394916__n03394916_39523.jpg,500,375,train,5,5,0.9984
n03417042__n03417042_3868.jpg,500,375,train,6,6,0.9965
n03417042__n03417042_147.jpg,561,413,train,6,6,0.993
n02979186__n02979186_1504.jpg,500,374,train,2,2,0.9999
n03000684__ILSVRC2012_val_00024269.jpg,300,300,train,3,3,1.0
n03028079__n03028079_75889.jpg,435,500,train,4,4,0.9973
n03028079__n03028079_15185.jpg,500,439,train,4,4,0.9995
n03425413__n03425413_13603.jpg,500,375,train,7,7,0.9439
n03417042__n03417042_4567.jpg,375,500,train,6,6,0.8732
n03425413__n03425413_499.jpg,3504,2336,train,7,7,0.9904
n01440764__n01440764_2577.jpg,500,375,train,0,0,1.0
n03425413__n03425413_7443.jpg,400,500,train,7,7,0.9509
n03425413__n03425413_14215.jpg,500,375,train,7,7,0.9996
n03000684__n03000684_25484.jpg,960,720,train,3,3,0.9995
n03394916__n03394916_13608.jpg,500,333,train,5,5,0.9995
n03394916__n03394916_29798.jpg,500,500,train,5,5,0.7307
n03028079__n03028079_20246.jpg,800,1067,train,4,4,0.9996
n02102040__n02102040_797.jpg,394,500,train,1,1,0.9997
n03028079__n03028079_27554.jpg,383,500,train,4,4,0.9997
n03417042__n03417042_15898.jpg,500,381,train,6,6,0.997
n02102040__n02102040_5453.jpg,500,375,train,1,1,0.9998
n03417042__n03417042_908.jpg,600,400,train,6,6,0.9997
n03394916__n03394916_48134.jpg,334,500,train,5,5,0.9992
n02979186__n02979186_894.jpg,500,303,train,2,2,1.0
n03394916__n03394916_46858.jpg,335,500,train,5,5,0.9717
n03000684__n03000684_14467.jpg,500,335,train,3,2,0.7302
n03394916__n03394916_26406.jpg,375,500,train,5,5,0.9999
n03417042__n03417042_12988.jpg,500,375,train,6,6,0.9999
n02102040__n02102040_4895.jpg,480,360,train,1,1,0.9983
n03425413__n03425413_18268.jpg,500,467,train,7,7,0.9998
n03425413__n03425413_26013.jpg,600,503,train,7,7,0.9998
n03888257__n03888257_11326.jpg,500,375,train,9,9,0.9982
n03028079__n03028079_5038.jpg,500,332,train,4,4,0.9995
n03888257__n03888257_42788.jpg,500,335,train,9,9,0.9998
n01440764__n01440764_7585.jpg,280,344,train,0,0,1.0
n02979186__n02979186_24275.jpg,450,450,train,2,2,0.9953
n02979186__n02979186_3428.jpg,362,261,train,2,2,0.9999
n01440764__n01440764_12069.jpg,240,180,train,0,0,1.0
n01440764__ILSVRC2012_val_00009379.jpg,500,375,train,0,0,0.9965
n03425413__n03425413_21167.jpg,500,332,train,7,7,0.9998
n02979186__n02979186_11105.jpg,200,150,train,2,2,0.9989
n03445777__n03445777_3969.jpg,480,420,train,8,8,1.0
n03028079__n03028079_10425.jpg,369,500,train,4,4,0.9997
n02102040__n02102040_573.jpg,375,500,train,1,1,0.9999
n03000684__n03000684_15083.jpg,500,375,train,3,3,0.9971
n03445777__n03445777_2017.jpg,300,263,train,8,8,0.9999
n03394916__n03394916_20446.jpg,800,600,train,5,5,0.9991
n03028079__n03028079_17597.jpg,640,480,train,4,4,0.9998
n02102040__n02102040_5635.jpg,500,375,train,1,1,1.0
n03028079__n03028079_7425.jpg,500,407,train,4,4,0.9999
n03425413__n03425413_15564.jpg,500,375,train,7,7,0.9266
n03417042__n03417042_3659.jpg,500,375,train,6,6,0.9998
n03425413__n03425413_21577.jpg,375,500,train,7,7,0.9976
n03445777__n03445777_1256.jpg,432,360,train,8,8,0.9982
n02102040__n02102040_5986.jpg,350,311,train,1,1,0.9999
n03000684__n03000684_16289.jpg,500,375,train,3,3,0.9522
n03425413__n03425413_22154.jpg,500,335,train,7,7,0.9948
n03425413__n03425413_5343.jpg,400,302,train,7,7,0.9988
n02979186__n02979186_26708.jpg,100,100,train,2,2,0.998
n02979186__n02979186_12049.jpg,348,375,train,2,2,0.9994
n02102040__n02102040_1169.jpg,500,376,train,1,1,1.0
n01440764__n01440764_9315.jpg,500,377,train,0,0,0.9951
n01440764__n01440764_9749.jpg,432,576,train,0,0,1.0
n02102040__n02102040_2634.jpg,500,438,train,1,1,1.0
n03425413__n03425413_19994.jpg,500,375,train,7,7,1.0
n02102040__n02102040_3843.jpg,531,470,train,1,1,0.9998
n01440764__n01440764_7946.jpg,200,150,train,0,0,1.0
n02102040__n02102040_1837.jpg,381,459,train,1,1,1.0
n02979186__n02979186_587.jpg,274,85,train,2,2,0.9998
n03445777__n03445777_485.jpg,816,350,train,8,8,0.9946
n03000684__n03000684_36473.jpg,500,333,train,3,3,0.9997
n02979186__n02979186_16077.jpg,500,480,train,2,2,1.0
n03445777__n03445777_3358.jpg,500,333,train,8,8,1.0
n03425413__n03425413_13206.jpg,500,389,train,7,7,0.993
n03417042__n03417042_4934.jpg,600,536,train,6,6,0.9999
n03425413__n03425413_13479.jpg,500,410,train,7,7,0.999
n03888257__n03888257_19139.jpg,240,500,train,9,9,0.9997
n03425413__n03425413_16209.jpg,345,500,train,7,7,0.9996
n03888257__n03888257_6369.jpg,500,383,train,9,9,0.9999
n02102040__ILSVRC2012_val_00040876.jpg,500,375,train,1,1,1.0
n02979186__n02979186_9758.jpg,500,375,train,2,2,1.0
n03888257__ILSVRC2012_val_00041925.jpg,500,500,train,9,9,1.0
n03000684__n03000684_10665.jpg,529,445,train,3,3,1.0
n03425413__n03425413_21508.jpg,334,500,train,7,7,0.9999
n03425413__n03425413_14528.jpg,375,500,train,7,7,0.9999
n02979186__n02979186_10303.jpg,125,101,train,2,2,0.9994
n03888257__n03888257_23339.jpg,333,500,train,9,9,0.9993
n03445777__n03445777_775.jpg,375,500,train,8,8,1.0
n01440764__n01440764_1337.jpg,350,351,train,0,0,0.9997
n03888257__n03888257_4607.jpg,500,333,train,9,9,0.9966
n03425413__n03425413_3634.jpg,320,240,train,7,7,0.9976
n03394916__n03394916_37814.jpg,375,500,train,5,5,0.9937
n02979186__n02979186_25217.jpg,500,400,train,2,2,0.9997
n02102040__n02102040_4638.jpg,500,375,train,1,1,0.9996
n03028079__n03028079_14957.jpg,500,375,train,4,4,0.9998
n03028079__n03028079_110598.jpg,500,345,train,4,4,0.9989
n03888257__n03888257_20433.jpg,500,382,train,9,9,0.9997
n03445777__n03445777_3827.jpg,500,375,train,8,8,1.0
n03445777__n03445777_4554.jpg,334,500,train,8,8,0.9467
n02979186__n02979186_11299.jpg,125,67,train,2,2,0.9944
n02979186__n02979186_12198.jpg,480,482,train,2,2,0.9994
n01440764__n01440764_21603.jpg,500,333,train,0,0,1.0
n03000684__n03000684_33188.jpg,500,375,train,3,3,0.6534
n03394916__n03394916_29247.jpg,500,394,train,5,5,0.9987
n01440764__ILSVRC2012_val_00037834.jpg,500,375,train,0,0,1.0
n03425413__n03425413_14935.jpg,500,333,train,7,7,0.7063
n03425413__n03425413_15278.jpg,375,500,train,7,7,0.9999
n03028079__n03028079_56526.jpg,375,500,train,4,4,0.9999
n03028079__n03028079_10943.jpg,500,500,train,4,4,0.9936
n03425413__n03425413_8068.jpg,500,493,train,7,7,0.9929
n03445777__ILSVRC2012_val_00036755.jpg,551,500,train,8,8,0.9998
n03445777__n03445777_2873.jpg,500,229,train,8,8,0.9991
n03417042__n03417042_1437.jpg,336,412,train,6,6,0.9998
n03394916__n03394916_43665.jpg,375,500,train,5,5,0.9996
n03445777__n03445777_6315.jpg,500,375,train,8,8,1.0
n01440764__n01440764_29788.jpg,308,500,train,0,0,1.0
n03028079__n03028079_115023.jpg,366,500,train,4,4,0.9998
n02979186__n02979186_529.jpg,400,265,train,2,2,0.9998
n03888257__n03888257_21243.jpg,320,405,train,9,9,0.9998
n03888257__n03888257_75495.jpg,500,334,train,9,9,0.7886
n03028079__n03028079_5829.jpg,500,333,train,4,4,0.9998
n03394916__n03394916_35615.jpg,500,375,train,5,5,0.9991
n03394916__n03394916_20846.jpg,400,262,train,5,5,0.9997
n03394916__n03394916_71778.jpg,500,375,train,5,5,1.0
n03394916__n03394916_58223.jpg,800,600,train,5,5,1.0
n03417042__n03417042_1978.jpg,500,375,train,6,6,1.0
n03028079__n03028079_12214.jpg,500,375,train,4,4,1.0
n03394916__n03394916_28914.jpg,333,500,train,5,5,0.9999
n03888257__n03888257_33544.jpg,500,333,train,9,9,0.998
n01440764__n01440764_8163.jpg,800,600,train,0,0,1.0
n02102040__n02102040_3963.jpg,576,432,train,1,1,1.0
n03417042__n03417042_24785.jpg,800,600,train,6,6,0.9936
n03417042__n03417042_11928.jpg,532,800,train,6,6,0.9903
n03028079__n03028079_4205.jpg,500,324,train,4,4,1.0
n03888257__n03888257_10748.jpg,332,500,train,9,9,0.9999
n03445777__n03445777_2635.jpg,180,240,train,8,8,0.9993
n03000684__n03000684_24586.jpg,401,500,train,3,3,0.9784
n03417042__n03417042_10885.jpg,500,375,train,6,6,0.9999
n01440764__n01440764_4597.jpg,500,375,train,0,0,0.993
n01440764__n01440764_7153.jpg,425,353,train,0,0,1.0
n03000684__n03000684_5969.jpg,140,140,train,3,3,0.9997
n03888257__n03888257_12593.jpg,2560,1920,train,9,9,0.9999
n01440764__n01440764_20316.jpg,500,375,train,0,0,1.0
n01440764__n01440764_9864.jpg,267,289,train,0,0,1.0
n03888257__n03888257_94.jpg,382,524,train,9,9,1.0
n03445777__n03445777_5337.jpg,500,375,train,8,8,1.0
n03888257__n03888257_19648.jpg,357,500,train,9,9,1.0
n03000684__n03000684_17585.jpg,500,462,train,3,2,0.5442
n03425413__n03425413_19156.jpg,375,500,train,7,7,0.5891
n03028079__n03028079_28057.jpg,500,333,train,4,4,0.9998
n03028079__n03028079_12183.jpg,500,387,train,4,4,0.9999
n02979186__n02979186_2965.jpg,332,500,train,2,2,0.9979
n02979186__n02979186_11865.jpg,700,525,train,2,2,1.0
n03417042__n03417042_118.jpg,480,360,train,6,6,0.9997
n03028079__n03028079_6573.jpg,500,375,train,4,4,0.9999
n02979186__n02979186_25396.jpg,500,306,train,2,2,0.9953
n03000684__n03000684_1824.jpg,272,234,train,3,3,0.9969
n02979186__n02979186_15766.jpg,500,375,train,2,2,0.9999
n03417042__n03417042_5807.jpg,1500,1122,train,6,6,0.638
n03445777__n03445777_18388.jpg,460,292,train,8,8,0.9999
n03888257__n03888257_24204.jpg,500,333,train,9,9,0.9969
n03425413__n03425413_18234.jpg,375,500,train,7,7,0.9994
n03888257__n03888257_14089.jpg,380,444,train,9,9,0.9962
n03445777__n03445777_5534.jpg,500,333,train,8,8,1.0
n03888257__n03888257_32398.jpg,500,334,train,9,9,0.9918
n03000684__n03000684_30905.jpg,500,375,train,3,2,0.3233
n03425413__n03425413_17926.jpg,375,500,train,7,7,1.0
n02102040__n02102040_604.jpg,350,500,train,1,1,1.0
n03394916__n03394916_58049.jpg,600,450,train,5,5,1.0
n03417042__n03417042_25224.jpg,452,395,train,6,6,0.9992
n03028079__n03028079_122144.jpg,375,500,train,4,4,0.9983
n03028079__n03028079_18438.jpg,500,333,train,4,4,0.9977
n02979186__n02979186_8537.jpg,90,90,train,2,3,0.5944
n02102040__n02102040_2018.jpg,500,333,train,1,1,1.0
n03028079__n03028079_6607.jpg,500,349,train,4,4,0.9998
n03000684__n03000684_14977.jpg,500,375,train,3,3,0.9742
n03888257__n03888257_16223.jpg,500,317,train,9,9,1.0
n01440764__ILSVRC2012_val_00039905.jpg,500,375,train,0,0,1.0
n02102040__n02102040_5136.jpg,500,375,train,1,1,1.0
n03394916__n03394916_36778.jpg,500,375,train,5,5,1.0
n03417042__n03417042_4675.jpg,500,375,train,6,6,1.0
n03417042__n03417042_2293.jpg,500,374,train,6,6,0.9994
n02979186__n02979186_7536.jpg,522,395,train,2,2,1.0
n03425413__n03425413_1967.jpg,500,333,train,7,7,0.9855
n03425413__n03425413_8826.jpg,500,500,train,7,7,0.9984
n03425413__n03425413_12098.jpg,400,893,train,7,7,0.9999
n03000684__n03000684_337.jpg,500,334,train,3,3,0.9971
n03000684__n03000684_9294.jpg,500,214,train,3,3,0.9984
n03417042__n03417042_23546.jpg,640,480,train,6,6,0.9981
n03000684__n03000684_14817.jpg,375,500,train,3,3,0.9522
n03888257__n03888257_2778.jpg,500,333,train,9,9,0.9998
n03445777__n03445777_1389.jpg,500,333,train,8,8,0.9999
n01440764__n01440764_14098.jpg,500,281,train,0,0,1.0
n01440764__n01440764_12498.jpg,289,230,train,0,0,0.9994
n03394916__n03394916_45969.jpg,333,500,train,5,5,0.9969
n02979186__n02979186_3504.jpg,640,480,train,2,2,0.9999
n02102040__n02102040_709.jpg,375,500,train,1,1,1.0
n02979186__n02979186_26976.jpg,130,104,train,2,2,0.9874
n03445777__n03445777_10655.jpg,500,333,train,8,8,0.9948
n03000684__n03000684_24885.jpg,333,500,train,3,3,0.9995
n03445777__n03445777_12069.jpg,300,300,train,8,8,0.9995
n03028079__n03028079_1587.jpg,500,381,train,4,4,0.9997
n02102040__n02102040_3295.jpg,333,500,train,1,1,0.9996
n03445777__n03445777_333.jpg,500,333,train,8,8,0.9946
n03445777__n03445777_2548.jpg,400,600,train,8,8,1.0
n03000684__n03000684_16728.jpg,500,375,train,3,3,0.9999
n03888257__n03888257_71069.jpg,338,500,train,9,9,1.0
n03028079__n03028079_36197.jpg,500,375,train,4,4,0.9991
n02102040__n02102040_3148.jpg,500,357,train,1,1,0.9999
n03417042__n03417042_5125.jpg,500,375,train,6,6,0.9986
n03425413__n03425413_11135.jpg,500,375,train,7,7,0.9969
n03000684__n03000684_7225.jpg,100,75,train,3,3,0.9999
n03445777__n03445777_3945.jpg,200,175,train,8,8,0.9971
n02102040__n02102040_3693.jpg,500,333,train,1,1,1.0
n03445777__n03445777_2088.jpg,500,375,train,8,8,0.9996
n01440764__n01440764_8219.jpg,1024,664,train,0,0,0.9999
n03445777__n03445777_14243.jpg,299,299,train,8,8,0.9999
n02102040__n02102040_5395.jpg,500,377,train,1,1,0.9999
n03000684__n03000684_18438.jpg,200,108,train,3,3,0.9692
n02979186__n02979186_21735.jpg,160,160,train,2,2,0.917
n03888257__n03888257_4927.jpg,333,500,train,9,9,0.9994
n02102040__n02102040_5125.jpg,580,435,train,1,1,1.0
n02102040__n02102040_5419.jpg,500,333,train,1,1,0.9999
n03888257__n03888257_14504.jpg,1284,723,train,9,9,0.7962
n03028079__n03028079_9867.jpg,500,397,train,4,4,0.9994
n03888257__n03888257_26584.jpg,347,500,train,9,9,0.9986
n01440764__n01440764_2923.jpg,311,248,train,0,0,0.9998
n03888257__n03888257_23437.jpg,800,536,train,9,9,1.0
n03445777__n03445777_1107.jpg,333,500,train,8,8,0.9999
n03425413__n03425413_28113.jpg,768,1024,train,7,7,0.9998
n03425413__n03425413_638.jpg,500,500,train,7,7,0.9936
n02102040__n02102040_6546.jpg,333,500,train,1,1,1.0
n02979186__n02979186_7103.jpg,157,129,train,2,2,0.9913
n02979186__n02979186_1587.jpg,500,333,train,2,2,0.9999
n02979186__ILSVRC2012_val_00002034.jpg,500,375,train,2,2,1.0
n03394916__n03394916_41883.jpg,374,500,train,5,5,1.0
n02979186__n02979186_21739.jpg,135,100,train,2,7,0.5958
n02102040__n02102040_338.jpg,375,500,train,1,1,1.0
n03888257__n03888257_18055.jpg,500,356,train,9,9,0.9993
n03417042__n03417042_1344.jpg,500,333,train,6,6,0.9997
n02102040__n02102040_3254.jpg,375,500,train,1,1,1.0
n03028079__ILSVRC2012_val_00024897.jpg,500,375,train,4,4,0.9999
n03028079__n03028079_2088.jpg,500,364,train,4,4,0.9999
n01440764__n01440764_416.jpg,300,225,train,0,0,1.0
n03000684__n03000684_11317.jpg,100,125,train,3,3,0.9996
n03028079__n03028079_26479.jpg,400,500,train,4,4,0.9996
n02979186__n02979186_9239.jpg,200,150,train,2,2,0.9991
n03394916__n03394916_63634.jpg,500,279,train,5,5,0.8698
n03028079__n03028079_21713.jpg,500,375,train,4,4,0.9999
n03000684__n03000684_33038.jpg,500,375,train,3,3,0.9999
n02979186__n02979186_14529.jpg,500,375,train,2,2,0.9981
n03888257__n03888257_12816.jpg,500,333,train,9,9,0.9997
n02979186__n02979186_13763.jpg,500,336,train,2,2,0.9998
n02979186__n02979186_26755.jpg,130,110,train,2,2,0.9951
n03000684__n03000684_32468.jpg,190,143,train,3,3,0.9962
n02102040__n02102040_7406.jpg,500,375,train,1,1,0.9994
n03888257__n03888257_9408.jpg,500,333,train,9,9,0.9999
n03394916__n03394916_15667.jpg,1024,792,train,5,5,1.0
n03425413__n03425413_15515.jpg,375,500,train,7,7,0.9997
n01440764__n01440764_7638.jpg,600,450,train,0,0,1.0
n03417042__n03417042_12284.jpg,640,430,train,6,6,0.9928
n03417042__n03417042_4969.jpg,200,134,train,6,6,0.9998
n02102040__n02102040_3777.jpg,374,500,train,1,1,0.9872
n03445777__n03445777_8718.jpg,500,334,train,8,8,1.0
n03425413__n03425413_31464.jpg,500,333,train,7,7,0.9998
n01440764__n01440764_12468.jpg,432,324,train,0,0,1.0
n01440764__n01440764_985.jpg,250,244,train,0,0,0.999
n03888257__n03888257_44767.jpg,500,340,train,9,9,0.996
n03425413__n03425413_15315.jpg,500,375,train,7,7,0.9993
n02979186__n02979186_11407.jpg,104,104,train,2,2,0.9994
n03417042__n03417042_3015.jpg,500,375,train,6,6,0.9981
n03888257__n03888257_23338.jpg,325,480,train,9,9,0.9948
n03000684__n03000684_7033.jpg,500,333,train,3,3,0.9998
n02102040__n02102040_987.jpg,500,376,train,1,1,0.9999
n02979186__n02979186_10009.jpg,135,135,train,2,2,0.9995
n02102040__n02102040_6986.jpg,500,333,train,1,1,1.0
n03417042__n03417042_13824.jpg,500,378,train,6,6,0.9234
n03888257__n03888257_24804.jpg,333,500,train,9,9,1.0
n03417042__n03417042_16446.jpg,500,375,train,6,6,0.9999
n03425413__n03425413_16427.jpg,500,375,train,7,7,0.9923
n03028079__n03028079_2904.jpg,461,500,train,4,4,0.9996
n03394916__n03394916_36185.jpg,500,375,train,5,5,1.0
n03425413__n03425413_29148.jpg,3072,2304,train,7,7,0.9996
n02979186__n02979186_18328.jpg,90,90,train,2,2,0.9998
n02979186__n02979186_8518.jpg,135,85,train,2,2,0.9964
n02102040__n02102040_995.jpg,500,375,train,1,1,0.9998
n02979186__n02979186_17556.jpg,177,150,train,2,2,0.9997
n03888257__n03888257_13209.jpg,333,500,train,9,9,0.9846
n01440764__n01440764_13375.jpg,200,150,train,0,0,1.0
n01440764__n01440764_16957.jpg,500,333,train,0,0,1.0
n03028079__n03028079_2526.jpg,500,375,train,4,4,0.9938
n02979186__n02979186_17277.jpg,300,100,train,2,2,0.9999
n03417042__n03417042_26713.jpg,500,375,train,6,6,0.9998
n03888257__n03888257_11886.jpg,165,200,train,9,9,0.9999
n02102040__n02102040_2583.jpg,376,500,train,1,1,1.0
n03417042__n03417042_22513.jpg,500,375,train,6,6,1.0
n03445777__n03445777_8779.jpg,500,333,train,8,8,1.0
n02102040__n02102040_3176.jpg,375,500,train,1,1,1.0
n03888257__n03888257_21923.jpg,500,333,train,9,9,0.9994
n03394916__n03394916_5548.jpg,350,263,train,5,5,1.0
n02979186__n02979186_14464.jpg,500,262,train,2,2,1.0
n03028079__n03028079_7597.jpg,640,480,train,4,4,1.0
n03417042__n03417042_3003.jpg,1939,2681,train,6,6,1.0
n03028079__n03028079_33913.jpg,359,500,train,4,4,0.9998
n02102040__n02102040_5704.jpg,500,375,train,1,1,1.0
n03445777__n03445777_2038.jpg,500,354,train,8,8,0.9999
n03394916__n03394916_58174.jpg,1162,773,train,5,5,1.0
n03394916__n03394916_32726.jpg,500,375,train,5,2,0.7151
n01440764__n01440764_13806.jpg,450,299,train,0,0,1.0
n03425413__n03425413_16013.jpg,375,500,train,7,7,0.9893
n01440764__n01440764_5636.jpg,500,375,train,0,0,1.0
n03425413__n03425413_13216.jpg,500,334,train,7,7,0.9997
n03417042__n03417042_6823.jpg,504,378,train,6,6,0.9907
n03425413__n03425413_29593.jpg,1024,768,train,7,7,1.0
n03000684__n03000684_17416.jpg,150,150,train,3,3,0.961
n02102040__n02102040_3093.jpg,500,333,train,1,1,0.8851
n02102040__n02102040_6408.jpg,500,333,train,1,1,1.0
n03425413__n03425413_15474.jpg,500,375,train,7,7,0.999
n03028079__n03028079_704.jpg,560,400,train,4,4,0.9999
n03425413__n03425413_13289.jpg,375,500,train,7,7,0.9999
n01440764__n01440764_12077.jpg,320,263,train,0,0,1.0
n02979186__n02979186_3638.jpg,200,160,train,2,2,0.9999
n03425413__n03425413_9843.jpg,300,755,train,7,7,0.9735
n03417042__n03417042_8588.jpg,500,335,train,6,6,0.9967
n02979186__n02979186_19728.jpg,500,333,train,2,2,1.0
n03888257__n03888257_13276.jpg,375,500,train,9,9,0.9477
n03028079__n03028079_10504.jpg,500,438,train,4,4,0.9998
n02102040__n02102040_1617.jpg,500,375,train,1,1,0.9999
n03417042__n03417042_19563.jpg,500,375,train,6,6,1.0
n03445777__n03445777_16733.jpg,500,333,train,8,8,0.9998
n03394916__n03394916_30739.jpg,333,500,train,5,5,0.9995
n02102040__n02102040_2523.jpg,500,333,train,1,1,0.9993
n03888257__n03888257_10364.jpg,500,357,train,9,9,0.9991
n03445777__ILSVRC2012_val_00003793.jpg,500,375,train,8,8,1.0
n03000684__n03000684_1323.jpg,500,375,train,3,3,0.9999
n03417042__n03417042_15198.jpg,500,290,train,6,6,0.9948
n03888257__n03888257_15096.jpg,500,333,train,9,9,0.9917
n03445777__n03445777_399.jpg,500,424,train,8,8,0.998
n02102040__n02102040_743.jpg,500,375,train,1,1,0.6002
n01440764__n01440764_3347.jpg,500,375,train,0,0,0.9997
n03425413__n03425413_13563.jpg,380,500,train,7,7,0.9997
n03417042__n03417042_13448.jpg,500,375,train,6,6,0.9999
n03417042__n03417042_12908.jpg,500,375,train,6,6,0.9969
n03888257__n03888257_9739.jpg,500,384,train,9,9,0.9971
n03028079__n03028079_53875.jpg,500,376,train,4,4,0.9998
n01440764__n01440764_11667.jpg,640,480,train,0,0,1.0
n03417042__n03417042_1258.jpg,500,375,train,6,6,0.9998
n01440764__n01440764_12329.jpg,343,500,train,0,0,1.0
n03394916__n03394916_47119.jpg,500,333,train,5,5,0.9927
n02979186__n02979186_15615.jpg,500,375,train,2,2,1.0
n03000684__n03000684_20136.jpg,500,375,train,3,3,0.9638
n01440764__ILSVRC2012_val_00026397.jpg,500,375,train,0,0,1.0
n03425413__n03425413_19574.jpg,500,375,train,7,7,0.9999
n03445777__n03445777_6067.jpg,221,325,train,8,8,0.9987
n01440764__n01440764_11469.jpg,320,240,train,0,0,1.0
n03888257__n03888257_34374.jpg,500,282,train,9,9,0.9378
n03417042__n03417042_1578.jpg,500,375,train,6,6,0.9983
n03445777__n03445777_4133.jpg,500,335,train,8,8,0.9829
n03888257__n03888257_33265.jpg,500,366,train,9,9,0.9998
n03445777__n03445777_7255.jpg,372,500,train,8,8,0.9997
n03445777__n03445777_2427.jpg,333,500,train,8,8,0.9974
n02979186__n02979186_2854.jpg,177,150,train,2,2,0.8289
n03445777__n03445777_8838.jpg,220,155,train,8,8,0.9996
n03425413__n03425413_22005.jpg,500,459,train,7,7,0.9997
n01440764__n01440764_3306.jpg,500,334,train,0,0,0.9997
n03417042__n03417042_4735.jpg,375,500,train,6,6,0.9998
n03445777__n03445777_8079.jpg,500,333,train,8,8,0.998
n03888257__n03888257_30008.jpg,500,375,train,9,9,0.9966
n03394916__n03394916_25086.jpg,547,395,train,5,5,1.0
n03394916__n03394916_21984.jpg,500,375,train,5,5,0.9999
n03028079__n03028079_13116.jpg,359,500,train,4,4,0.9993
n03000684__n03000684_18715.jpg,500,375,train,3,3,0.9823
n02102040__n02102040_2318.jpg,900,853,train,1,1,0.9988
n03425413__ILSVRC2012_val_00013436.jpg,375,500,train,7,7,0.9999
n03425413__n03425413_13517.jpg,500,375,train,7,7,0.8201
n03000684__n03000684_2346.jpg,200,150,train,3,3,1.0
n02102040__n02102040_1186.jpg,486,500,train,1,1,1.0
n03394916__n03394916_3705.jpg,1068,1256,train,5,5,1.0
n03425413__n03425413_22814.jpg,500,333,train,7,7,0.9981
n02979186__n02979186_12968.jpg,375,500,train,2,2,0.9976
n02979186__n02979186_2625.jpg,125,74,train,2,2,0.9996
n03417042__n03417042_3657.jpg,500,375,train,6,6,0.8908
n02102040__n02102040_2269.jpg,500,375,train,1,1,0.9997
n03028079__n03028079_21667.jpg,500,395,train,4,4,0.9999
n03394916__n03394916_5208.jpg,1211,905,train,5,5,0.9995
n02979186__n02979186_21847.jpg,400,320,train,2,2,0.9934
n03000684__n03000684_1859.jpg,147,92,train,3,3,0.9997
n02979186__n02979186_24154.jpg,1600,1200,train,2,2,1.0
n03445777__n03445777_7395.jpg,500,333,train,8,8,1.0
n02102040__n02102040_8207.jpg,438,500,train,1,1,1.0
n03445777__n03445777_5979.jpg,305,406,train,8,8,0.9557
n03417042__n03417042_6928.jpg,945,709,train,6,6,0.9951
n03394916__n03394916_34364.jpg,375,500,train,5,5,1.0
n03888257__n03888257_2187.jpg,500,333,train,9,9,0.9991
n03888257__n03888257_14703.jpg,412,500,train,9,9,0.9994
n01440764__n01440764_10365.jpg,260,275,train,0,0,0.9999
n03028079__n03028079_9433.jpg,500,374,train,4,4,0.9964
n03000684__n03000684_27885.jpg,500,375,train,3,3,0.9995
n03425413__n03425413_21285.jpg,500,334,train,7,7,0.534
n03028079__n03028079_2387.jpg,500,333,train,4,4,0.9963
n02102040__n02102040_4738.jpg,500,422,train,1,1,1.0
n02102040__n02102040_979.jpg,500,375,train,1,1,0.702
n03417042__n03417042_12013.jpg,500,375,train,6,6,1.0
n03000684__n03000684_18278.jpg,500,334,train,3,3,0.9997
n03000684__n03000684_94.jpg,420,573,train,3,3,0.9999
n03888257__n03888257_16315.jpg,333,500,train,9,9,0.9999
n03888257__n03888257_17048.jpg,307,401,train,9,9,0.9995
n03425413__n03425413_7367.jpg,1944,2592,train,7,7,0.9906
n01440764__n01440764_13009.jpg,250,164,train,0,0,1.0
n03394916__n03394916_29536.jpg,380,500,train,5,5,0.9999
n02979186__n02979186_6718.jpg,500,375,train,2,2,0.9998
n01440764__n01440764_7424.jpg,300,243,train,0,0,0.9984
n03888257__n03888257_15779.jpg,500,375,train,9,9,0.9986
n03000684__n03000684_11366.jpg,500,375,train,3,3,0.9873
n02102040__n02102040_7789.jpg,500,375,train,1,1,0.9999
n03445777__n03445777_19515.jpg,500,333,train,8,8,1.0
n03425413__n03425413_7886.jpg,375,500,train,7,7,0.9999
n03000684__n03000684_27613.jpg,500,333,train,3,3,1.0
n01440764__n01440764_1185.jpg,400,285,train,0,0,0.9998
n03445777__ILSVRC2012_val_00019268.jpg,500,375,train,8,8,1.0
n03417042__n03417042_5989.jpg,240,180,train,6,6,0.9998
n03000684__n03000684_6479.jpg,500,375,train,3,3,0.9277
n03417042__n03417042_5236.jpg,586,389,train,6,6,0.9999
n02979186__n02979186_16477.jpg,500,375,train,2,2,1.0
n02102040__n02102040_5549.jpg,500,334,train,1,1,0.9999
n03000684__n03000684_919.jpg,500,377,train,3,3,0.788
n03888257__n03888257_9456.jpg,517,488,train,9,9,0.9998
n03417042__n03417042_5514.jpg,500,381,train,6,6,0.9999
n03028079__n03028079_5076.jpg,380,500,train,4,4,0.9977
n03888257__n03888257_41055.jpg,333,500,train,9,9,0.9981
n03000684__n03000684_11734.jpg,200,151,train,3,3,1.0
n03445777__n03445777_7739.jpg,333,500,train,8,8,1.0
n03394916__n03394916_33757.jpg,375,500,train,5,5,0.9944
n03417042__n03417042_1274.jpg,1600,1200,train,6,6,0.9999
n03028079__n03028079_11565.jpg,500,365,train,4,4,0.9999
n03445777__n03445777_5423.jpg,200,150,train,8,8,1.0
n02102040__n02102040_3485.jpg,500,375,train,1,1,1.0
n03425413__ILSVRC2012_val_00005183.jpg,500,375,train,7,7,0.9926
n03425413__n03425413_20664.jpg,368,500,train,7,7,0.9999
n03888257__n03888257_36369.jpg,500,325,train,9,9,0.9969
n03445777__n03445777_5893.jpg,564,423,train,8,8,0.9999
n02102040__n02102040_2959.jpg,333,500,train,1,1,1.0
n03425413__n03425413_11944.jpg,375,500,train,7,7,0.9998
n03417042__n03417042_1718.jpg,849,565,train,6,6,1.0
n03028079__n03028079_18718.jpg,271,500,train,4,4,0.9964
n03445777__n03445777_1297.jpg,500,349,train,8,8,0.9998
n03888257__n03888257_28228.jpg,500,375,train,9,9,0.9994
n01440764__n01440764_6887.jpg,294,450,train,0,0,0.9999
n03417042__n03417042_10796.jpg,421,500,train,6,6,0.9919
n02979186__n02979186_14428.jpg,500,375,train,2,2,0.9999
n03028079__ILSVRC2012_val_00044414.jpg,375,500,train,4,4,0.9994
n01440764__n01440764_11593.jpg,500,375,train,0,0,0.9989
n02102040__n02102040_7688.jpg,480,383,train,1,1,1.0
n03445777__ILSVRC2012_val_00038447.jpg,500,332,train,8,8,1.0
n03028079__n03028079_22073.jpg,400,500,train,4,4,0.9994
n03028079__n03028079_123455.jpg,500,350,train,4,4,0.9988
n03417042__n03417042_17916.jpg,500,375,train,6,6,0.9998
n03028079__n03028079_3255.jpg,727,967,train,4,4,0.9998
n02979186__n02979186_5737.jpg,500,500,train,2,2,0.9945
n03888257__n03888257_28396.jpg,560,304,train,9,9,1.0
n03394916__n03394916_29507.jpg,500,332,train,5,5,0.9995
n03394916__n03394916_28795.jpg,419,500,train,5,5,0.9984
n03028079__n03028079_1738.jpg,375,500,train,4,4,0.9997
n03425413__n03425413_16678.jpg,331,500,train,7,7,0.9999
n02102040__n02102040_2294.jpg,500,375,train,1,1,1.0
n02102040__n02102040_4636.jpg,500,333,train,1,1,1.0
n03394916__n03394916_38009.jpg,500,375,train,5,5,0.9985
n02102040__n02102040_1098.jpg,620,350,train,1,1,1.0
n03028079__n03028079_3814.jpg,441,500,train,4,4,1.0
n03445777__n03445777_20239.jpg,500,335,train,8,8,1.0
n03425413__n03425413_13298.jpg,375,500,train,7,7,0.9999
n01440764__n01440764_2945.jpg,500,281,train,0,0,1.0
n03394916__n03394916_54643.jpg,700,524,train,5,5,1.0
n03417042__n03417042_17757.jpg,500,357,train,6,6,0.9997
n03000684__n03000684_24435.jpg,625,469,train,3,3,1.0
n03394916__n03394916_48715.jpg,500,370,train,5,5,0.9977
n03888257__n03888257_34639.jpg,640,420,train,9,9,0.9281
n03394916__n03394916_46623.jpg,333,500,train,5,5,0.9998
n01440764__n01440764_12494.jpg,724,800,train,0,0,1.0
n03417042__n03417042_21226.jpg,500,375,train,6,6,0.9999
n03425413__n03425413_6298.jpg,500,500,train,7,7,0.9999
n02102040__n02102040_1577.jpg,300,461,train,1,1,1.0
n02979186__n02979186_10805.jpg,200,200,train,2,2,0.9999
n03425413__n03425413_2076.jpg,375,500,train,7,7,0.9998
n02979186__n02979186_2807.jpg,574,431,train,2,2,1.0
n02979186__n02979186_879.jpg,500,375,train,2,2,0.9999
n03445777__n03445777_2129.jpg,300,309,train,8,8,1.0
n03000684__n03000684_16293.jpg,500,333,train,3,3,0.9998
n03445777__n03445777_3119.jpg,500,333,train,8,8,0.9999
n03028079__n03028079_36858.jpg,500,339,train,4,4,0.9992
n03028079__n03028079_93516.jpg,500,375,train,4,4,0.9997
n03417042__n03417042_1126.jpg,500,333,train,6,6,0.9999
n03417042__n03417042_8688.jpg,500,375,train,6,6,0.9307
n03425413__n03425413_21077.jpg,500,375,train,7,7,0.9999
n02102040__n02102040_8474.jpg,375,500,train,1,1,0.9997
n02979186__n02979186_15185.jpg,500,375,train,2,2,0.9999
n03888257__n03888257_18956.jpg,500,333,train,9,9,0.9994
n01440764__n01440764_2993.jpg,375,500,train,0,0,1.0
n03445777__n03445777_9133.jpg,500,333,train,8,8,0.9999
n03028079__n03028079_28434.jpg,500,404,train,4,4,0.9982
n02102040__n02102040_2035.jpg,500,375,train,1,1,0.3642
n01440764__n01440764_9875.jpg,640,480,train,0,0,1.0
n03417042__n03417042_12266.jpg,500,375,train,6,6,0.999
n03028079__n03028079_50476.jpg,500,375,train,4,4,0.9928
n03445777__n03445777_8876.jpg,432,286,train,8,8,0.5496
n03417042__ILSVRC2012_val_00004119.jpg,500,375,train,6,6,0.9992
n03417042__n03417042_9194.jpg,500,375,train,6,6,1.0
n03417042__n03417042_16396.jpg,500,375,train,6,6,0.9823
n03000684__n03000684_13236.jpg,280,280,train,3,3,1.0
n02979186__n02979186_21784.jpg,160,118,train,2,2,0.9998
n02102040__n02102040_7195.jpg,338,500,train,1,1,1.0
n02979186__n02979186_228.jpg,121,90,train,2,2,0.994
n01440764__n01440764_8529.jpg,500,375,train,0,0,0.9999
n03425413__n03425413_20814.jpg,375,500,train,7,7,0.9999
n01440764__n01440764_8589.jpg,234,232,train,0,0,0.9977
n03394916__n03394916_18396.jpg,815,1132,train,5,5,0.9998
n02979186__n02979186_19208.jpg,432,324,train,2,2,1.0
n03888257__n03888257_11378.jpg,500,333,train,9,9,0.9988
n03394916__n03394916_42786.jpg,375,500,train,5,5,0.999
n02979186__n02979186_14964.jpg,500,375,train,2,2,1.0
n03417042__n03417042_16403.jpg,500,375,train,6,6,1.0
n03394916__n03394916_68437.jpg,500,333,train,5,5,1.0
n02102040__n02102040_1085.jpg,500,412,train,1,1,0.7384
n01440764__n01440764_7876.jpg,555,555,train,0,0,0.9996
n02102040__n02102040_3175.jpg,500,332,train,1,1,0.9998
n01440764__n01440764_30045.jpg,500,334,train,0,0,1.0
n03888257__n03888257_34125.jpg,500,334,train,9,9,1.0
n03888257__n03888257_11137.jpg,550,412,train,9,9,0.9992
n02979186__ILSVRC2012_val_00029663.jpg,300,300,train,2,2,0.9995
n03888257__n03888257_36686.jpg,500,671,train,9,9,1.0
n03417042__n03417042_27538.jpg,500,434,train,6,6,1.0
n03445777__n03445777_10033.jpg,500,375,train,8,3,0.3616
n02102040__n02102040_1728.jpg,500,375,train,1,1,0.9994
n03394916__n03394916_37133.jpg,333,500,train,5,5,0.9991
n03888257__ILSVRC2012_val_00047705.jpg,500,387,train,9,9,0.9998
n02102040__n02102040_7426.jpg,500,395,train,1,1,1.0
n03425413__n03425413_22343.jpg,335,500,train,7,7,0.9998
n03888257__n03888257_4097.jpg,500,333,train,9,9,0.979
n02979186__n02979186_20107.jpg,500,375,train,2,2,1.0
n03028079__n03028079_14508.jpg,3072,2048,train,4,4,0.9996
n03417042__n03417042_7977.jpg,640,459,train,6,6,0.9969
n03417042__n03417042_12869.jpg,500,375,train,6,6,1.0
n03888257__n03888257_10796.jpg,400,521,train,9,9,0.9957
n03028079__n03028079_14439.jpg,500,375,train,4,4,0.9973
n03417042__n03417042_6537.jpg,500,375,train,6,6,1.0
n02102040__n02102040_1808.jpg,500,375,train,1,1,1.0
n02979186__n02979186_8449.jpg,500,375,train,2,2,0.9987
n02979186__n02979186_13209.jpg,500,375,train,2,2,0.9971
n01440764__n01440764_28418.jpg,500,375,train,0,0,1.0
n02979186__n02979186_27494.jpg,160,160,train,2,2,0.9979
n02979186__n02979186_2693.jpg,1864,1226,train,2,2,0.9999
n03445777__n03445777_9854.jpg,417,500,train,8,8,0.9998
n03425413__n03425413_15969.jpg,375,500,train,7,7,0.9945
n03394916__n03394916_21597.jpg,400,345,train,5,5,1.0
n02102040__n02102040_1264.jpg,500,333,train,1,1,0.9999
n03425413__n03425413_11029.jpg,1176,792,train,7,6,0.5856
n03445777__n03445777_59.jpg,320,240,train,8,8,0.9992
n03394916__n03394916_41444.jpg,500,375,train,5,5,0.9978
n01440764__n01440764_17058.jpg,500,333,train,0,0,1.0
n03417042__n03417042_6193.jpg,500,328,train,6,6,0.9999
n03417042__n03417042_4485.jpg,500,375,train,6,6,0.9999
n03000684__n03000684_15038.jpg,375,500,train,3,3,0.9999
n03028079__n03028079_55583.jpg,500,375,train,4,4,0.9986
n01440764__n01440764_7778.jpg,400,300,train,0,0,0.9999
n02979186__n02979186_9717.jpg,500,375,train,2,2,0.9999
n03417042__n03417042_7668.jpg,329,255,train,6,6,0.9995
n03888257__n03888257_73685.jpg,333,500,train,9,9,0.9999
n03445777__n03445777_6656.jpg,500,375,train,8,8,0.9999
n02102040__n02102040_2493.jpg,500,375,train,1,1,0.9999
n03394916__n03394916_26963.jpg,500,217,train,5,5,0.9984
n03888257__n03888257_19103.jpg,423,500,train,9,9,1.0
n02102040__n02102040_7594.jpg,375,500,train,1,1,0.9999
n02979186__n02979186_5779.jpg,299,163,train,2,2,0.9972
n02979186__n02979186_6558.jpg,1071,703,train,2,2,0.9999
n03028079__n03028079_3497.jpg,375,500,train,4,4,0.9998
n03425413__n03425413_16659.jpg,375,500,train,7,7,0.9985
n03445777__n03445777_10304.jpg,500,375,train,8,8,1.0
n03445777__ILSVRC2012_val_00026194.jpg,500,375,train,8,8,0.9803
n03888257__n03888257_6215.jpg,500,456,train,9,9,0.9992
n03888257__n03888257_11014.jpg,500,375,train,9,9,1.0
n03394916__n03394916_45194.jpg,333,500,train,5,5,0.9975
n03445777__ILSVRC2012_val_00024405.jpg,640,480,train,8,8,0.9999
n03394916__n03394916_11289.jpg,500,334,train,5,5,0.8811
n03417042__n03417042_11048.jpg,750,503,train,6,6,0.986
n03888257__n03888257_30655.jpg,500,334,train,9,9,0.9999
n03000684__n03000684_1015.jpg,333,500,train,3,3,1.0
n01440764__n01440764_1537.jpg,329,500,train,0,0,0.9964
n02979186__ILSVRC2012_val_00005866.jpg,260,260,train,2,2,0.908
n01440764__ILSVRC2012_val_00028158.jpg,500,375,train,0,0,1.0
n03425413__n03425413_20948.jpg,500,375,train,7,7,0.5937
n03000684__n03000684_1919.jpg,175,175,train,3,3,0.9616
n03000684__n03000684_27609.jpg,500,332,train,3,3,1.0
n03028079__n03028079_107066.jpg,500,358,train,4,4,0.9992
n03888257__n03888257_28238.jpg,500,360,train,9,9,0.999
n03028079__n03028079_44245.jpg,500,390,train,4,4,0.9978
n03417042__n03417042_15913.jpg,500,375,train,6,6,1.0
n03000684__n03000684_12225.jpg,180,136,train,3,3,0.9999
n02102040__n02102040_6123.jpg,333,500,train,1,1,0.9999
n03425413__n03425413_14783.jpg,375,500,train,7,7,0.9987
n03028079__n03028079_30176.jpg,375,500,train,4,4,0.9712
n02979186__n02979186_13027.jpg,500,375,train,2,2,1.0
n03888257__n03888257_22473.jpg,200,150,train,9,9,0.9997
n03000684__n03000684_11154.jpg,175,124,train,3,3,0.9961
n03417042__n03417042_1214.jpg,425,327,train,6,6,0.9998
n01440764__n01440764_4903.jpg,500,375,train,0,0,1.0
n03028079__n03028079_9768.jpg,500,352,train,4,4,0.9994
n03417042__n03417042_5508.jpg,600,450,train,6,6,0.9979
n03394916__n03394916_62619.jpg,750,525,train,5,5,1.0
n02102040__n02102040_1907.jpg,216,255,train,1,1,0.9993
n03425413__n03425413_16109.jpg,375,500,train,7,7,0.889
n03417042__n03417042_1218.jpg,500,375,train,6,6,0.999
n02979186__ILSVRC2012_val_00024874.jpg,270,225,train,2,2,0.996
n01440764__n01440764_44.jpg,400,287,train,0,0,1.0
n03394916__n03394916_37199.jpg,500,335,train,5,5,0.9995
n01440764__n01440764_3509.jpg,311,198,train,0,0,1.0
n03888257__n03888257_2499.jpg,810,606,train,9,9,0.9992
n03888257__n03888257_45287.jpg,500,334,train,9,9,0.9999
n03425413__n03425413_19083.jpg,500,375,train,7,7,0.9944
n02102040__n02102040_1078.jpg,377,500,train,1,1,0.9998
n03425413__n03425413_15773.jpg,500,333,train,7,7,0.9995
n01440764__n01440764_11787.jpg,500,350,train,0,0,1.0
n02979186__n02979186_2316.jpg,300,152,train,2,2,0.9997
n03445777__n03445777_3696.jpg,421,624,train,8,8,0.9846
n01440764__n01440764_2018.jpg,448,336,train,0,0,1.0
n03394916__n03394916_32588.jpg,500,375,train,5,5,0.9814
n03425413__n03425413_12903.jpg,500,375,train,7,7,0.995
n03028079__n03028079_29196.jpg,419,500,train,4,4,0.9852
n03394916__n03394916_40093.jpg,375,500,train,5,5,0.9982
n03394916__n03394916_21467.jpg,350,537,train,5,5,0.9999
n03394916__n03394916_8274.jpg,96,86,train,5,5,1.0
n03394916__n03394916_38263.jpg,500,334,train,5,5,0.9626
n03425413__n03425413_24568.jpg,460,613,train,7,7,0.6164
n02102040__n02102040_2213.jpg,500,333,train,1,1,1.0
n03000684__n03000684_2207.jpg,333,500,train,3,3,0.9952
n02102040__ILSVRC2012_val_00035723.jpg,500,390,train,1,1,0.9998
n02102040__n02102040_8304.jpg,500,375,train,1,1,0.9994
n03425413__n03425413_4855.jpg,375,500,train,7,7,0.9998
n01440764__n01440764_26257.jpg,500,374,train,0,0,1.0
n02102040__n02102040_5756.jpg,500,381,train,1,1,0.9999
n03028079__n03028079_113895.jpg,500,375,train,4,4,0.9991
n03425413__n03425413_728.jpg,500,375,train,7,7,0.9999
n03888257__n03888257_34988.jpg,500,332,train,9,9,0.9999
n02979186__n02979186_20619.jpg,500,195,train,2,2,0.9991
n03000684__n03000684_8103.jpg,333,500,train,3,3,0.9982
n03425413__n03425413_12287.jpg,438,500,train,7,7,0.9955
n03028079__n03028079_5755.jpg,333,500,train,4,4,1.0
n01440764__n01440764_6049.jpg,500,369,train,0,0,0.9998
n03394916__n03394916_38338.jpg,500,375,train,5,5,1.0
n03000684__n03000684_5433.jpg,460,219,train,3,3,1.0
n03028079__n03028079_4219.jpg,500,359,train,4,4,0.9997
n03000684__n03000684_5604.jpg,500,430,train,3,3,0.9984
n03888257__n03888257_21628.jpg,500,497,train,9,9,0.9929
n01440764__n01440764_31293.jpg,500,333,train,0,0,1.0
n03888257__n03888257_17269.jpg,500,375,train,9,5,0.3854
n03417042__n03417042_3197.jpg,350,263,train,6,6,1.0
n03394916__n03394916_60955.jpg,677,546,train,5,5,1.0
n03445777__n03445777_5029.jpg,281,500,train,8,8,0.9996
n03000684__n03000684_8464.jpg,334,500,train,3,3,0.9708
n03445777__n03445777_8678.jpg,500,333,train,8,8,0.9997
n03445777__n03445777_504.jpg,500,290,train,8,8,0.9998
n03425413__n03425413_1714.jpg,512,421,train,7,7,0.8944
n03888257__n03888257_31794.jpg,384,500,train,9,9,0.9997
n03028079__n03028079_10808.jpg,375,500,train,4,4,0.9999
n03445777__n03445777_833.jpg,500,375,train,8,8,0.9994
n03028079__n03028079_30177.jpg,500,357,train,4,4,0.9996
n03417042__n03417042_6407.jpg,500,415,train,6,6,0.9975
n01440764__n01440764_2433.jpg,500,374,train,0,0,1.0
n03445777__n03445777_4037.jpg,500,375,train,8,8,0.9999
n03888257__n03888257_45616.jpg,500,333,train,9,9,0.9963
n02979186__n02979186_2147.jpg,500,281,train,2,2,0.9992
n03417042__n03417042_8809.jpg,500,375,train,6,6,0.9979
n03000684__n03000684_7425.jpg,327,500,train,3,3,0.9997
n03000684__n03000684_18783.jpg,333,500,train,3,3,0.9898
n03445777__n03445777_10084.jpg,375,500,train,8,8,0.4197
n02102040__n02102040_2016.jpg,333,500,train,1,1,0.9997
n03417042__n03417042_2654.jpg,500,330,train,6,6,0.9995
n01440764__n01440764_993.jpg,500,375,train,0,0,0.9999
n03888257__n03888257_24025.jpg,500,333,train,9,9,0.9998
n03000684__n03000684_4746.jpg,394,199,train,3,3,1.0
n01440764__ILSVRC2012_val_00017699.jpg,500,375,train,0,0,1.0
n03394916__n03394916_26239.jpg,327,500,train,5,5,0.9815
n03000684__n03000684_2474.jpg,368,114,train,3,3,1.0
n03000684__n03000684_6696.jpg,278,106,train,3,3,0.9999
n03028079__n03028079_8597.jpg,500,375,train,4,4,0.999
n03425413__ILSVRC2012_val_00012504.jpg,375,500,train,7,7,0.9998
n03888257__n03888257_15735.jpg,362,500,train,9,9,0.9998
n02102040__n02102040_3225.jpg,500,333,train,1,1,0.9999
n03394916__n03394916_32929.jpg,500,375,train,5,5,1.0
n03445777__n03445777_6548.jpg,500,335,train,8,8,0.9984
n03394916__n03394916_50366.jpg,278,500,train,5,5,0.9983
n02979186__n02979186_4265.jpg,500,375,train,2,2,0.9925
n03000684__n03000684_32276.jpg,800,600,train,3,3,0.9998
n02102040__n02102040_78.jpg,1600,1200,train,1,1,1.0
n03394916__n03394916_27026.jpg,500,485,train,5,5,0.9991
n03028079__n03028079_3049.jpg,726,447,train,4,4,0.9997
n03000684__n03000684_18143.jpg,500,375,train,3,3,0.9952
n03394916__n03394916_16023.jpg,500,375,train,5,5,0.9999
n03000684__n03000684_425.jpg,1000,1000,train,3,3,1.0
n03425413__n03425413_21908.jpg,500,400,train,7,7,0.9999
n02979186__n02979186_5788.jpg,141,90,train,2,2,0.9837
n03028079__n03028079_3978.jpg,500,361,train,4,4,0.6252
n03445777__n03445777_2133.jpg,500,375,train,8,8,1.0
n03425413__n03425413_14575.jpg,252,500,train,7,7,0.9999
n03425413__n03425413_13117.jpg,375,500,train,7,7,0.8003
n03000684__n03000684_8304.jpg,500,375,train,3,3,0.9943
n03888257__n03888257_11109.jpg,500,375,train,9,9,1.0
n01440764__n01440764_3969.jpg,200,150,train,0,0,1.0
n03445777__n03445777_5916.jpg,500,333,train,8,8,0.9992
n03000684__n03000684_14307.jpg,500,375,train,3,3,0.9996
n03425413__n03425413_17858.jpg,375,500,train,7,7,0.9998
n03425413__n03425413_13256.jpg,500,500,train,7,7,0.9983
n03425413__n03425413_13473.jpg,375,500,train,7,7,0.9999
n01440764__n01440764_10979.jpg,240,180,train,0,0,0.9999
n03000684__n03000684_13813.jpg,375,500,train,3,3,0.9999
n03888257__n03888257_10464.jpg,375,500,train,9,9,0.8696
n02102040__n02102040_8296.jpg,260,500,train,1,1,0.9998
n03445777__n03445777_724.jpg,500,334,train,8,8,0.9999
n03000684__n03000684_13255.jpg,397,500,train,3,3,0.9005
n03417042__n03417042_21495.jpg,500,332,train,6,6,1.0
n02979186__n02979186_10874.jpg,200,150,train,2,2,0.9999
n02102040__n02102040_5027.jpg,500,333,train,1,1,1.0
n03394916__n03394916_22924.jpg,200,150,train,5,5,0.9999
n01440764__n01440764_15008.jpg,400,300,train,0,0,1.0
n02102040__n02102040_3747.jpg,500,334,train,1,1,0.9997
n03445777__n03445777_5434.jpg,259,288,train,8,8,0.9747
n03445777__n03445777_3704.jpg,201,149,train,8,8,0.9989
n02979186__n02979186_21298.jpg,437,296,train,2,2,0.9999
n03028079__n03028079_31287.jpg,500,375,train,4,4,1.0
n03000684__n03000684_2516.jpg,500,375,train,3,3,0.91
n03445777__n03445777_5289.jpg,300,220,train,8,8,0.9998
n03417042__n03417042_8325.jpg,360,239,train,6,6,0.9969
n03445777__n03445777_4615.jpg,240,180,train,8,8,0.9991
n02979186__n02979186_12598.jpg,500,333,train,2,2,0.9862
n03425413__n03425413_15086.jpg,500,375,train,7,7,0.9956
n02102040__n02102040_519.jpg,500,436,train,1,1,1.0
n01440764__n01440764_11905.jpg,300,228,train,0,0,1.0
n03417042__n03417042_8145.jpg,2560,1920,train,6,6,0.9954
n03888257__n03888257_25687.jpg,375,500,train,9,9,0.9999
n03028079__n03028079_25139.jpg,500,341,train,4,4,0.986
n02102040__n02102040_4557.jpg,500,333,train,1,1,1.0
n03394916__n03394916_31444.jpg,500,375,train,5,5,0.9999
n02102040__n02102040_4737.jpg,500,375,train,1,1,0.9894
n03445777__n03445777_6918.jpg,500,333,train,8,8,1.0
n03888257__n03888257_4614.jpg,500,375,train,9,9,0.9056
n03425413__n03425413_14277.jpg,500,375,train,7,7,1.0
n03425413__n03425413_12729.jpg,375,500,train,7,7,0.9998
n03394916__n03394916_52925.jpg,1162,773,train,5,5,0.9995
n03417042__n03417042_7653.jpg,640,480,train,6,6,1.0
n02979186__n02979186_16398.jpg,500,375,train,2,2,0.9979
n03000684__n03000684_11576.jpg,500,375,train,3,3,0.9996
n03417042__n03417042_23149.jpg,500,376,train,6,6,0.9999
n03000684__n03000684_10249.jpg,500,375,train,3,3,0.9485
n03394916__n03394916_32736.jpg,500,375,train,5,5,0.9998
n01440764__n01440764_3354.jpg,500,398,train,0,0,0.9999
n02979186__n02979186_13313.jpg,369,500,train,2,2,0.9999
n03028079__n03028079_236.jpg,500,480,train,4,4,0.9997
n03417042__n03417042_27675.jpg,500,375,train,6,6,0.9966
n03888257__n03888257_10645.jpg,500,332,train,9,9,0.9983
n03028079__ILSVRC2012_val_00016949.jpg,500,375,train,4,4,0.9998
n03445777__n03445777_9257.jpg,240,160,train,8,8,0.9999
n01440764__n01440764_6758.jpg,225,300,train,0,0,1.0
n02102040__n02102040_1388.jpg,500,375,train,1,1,0.9998
n02102040__n02102040_3304.jpg,500,333,train,1,1,0.9999
n03888257__n03888257_18105.jpg,500,327,train,9,9,0.9981
n03888257__n03888257_19499.jpg,480,250,train,9,9,0.9469
n03425413__n03425413_14508.jpg,375,500,train,7,7,0.807
n03028079__n03028079_8856.jpg,432,640,train,4,4,0.9993
n03000684__n03000684_27224.jpg,333,500,train,3,3,0.9872
n03445777__n03445777_1746.jpg,483,500,train,8,8,1.0
n03425413__n03425413_14188.jpg,500,375,train,7,7,0.9958
n01440764__n01440764_9463.jpg,500,375,train,0,0,1.0
n03425413__n03425413_14239.jpg,377,500,train,7,7,0.8565
n03445777__n03445777_4048.jpg,500,375,train,8,8,0.9682
n03000684__n03000684_24403.jpg,500,346,train,3,3,0.9984
n03417042__n03417042_2124.jpg,1024,768,train,6,6,0.9995
n03445777__n03445777_3397.jpg,375,500,train,8,8,1.0
n03425413__n03425413_1788.jpg,432,807,train,7,7,0.9953
n03425413__n03425413_15109.jpg,500,375,train,7,7,0.9926
n03888257__n03888257_6059.jpg,500,333,train,9,9,0.8395
n03000684__ILSVRC2012_val_00042907.jpg,500,375,train,3,3,0.9999
n02102040__n02102040_1188.jpg,500,375,train,1,1,0.9999
n03445777__n03445777_7178.jpg,448,336,train,8,8,1.0
n02979186__n02979186_12807.jpg,500,375,train,2,2,0.9999
n03028079__n03028079_2298.jpg,500,456,train,4,4,0.9273
n03445777__n03445777_8085.jpg,500,375,train,8,8,0.9933
n03000684__n03000684_8748.jpg,400,287,train,3,3,0.9994
n03888257__n03888257_34513.jpg,500,443,train,9,9,0.9846
n03394916__n03394916_50779.jpg,1006,704,train,5,5,0.9998
n03417042__n03417042_27966.jpg,500,375,train,6,6,0.9993
n03425413__n03425413_1834.jpg,375,500,train,7,7,0.9999
n03394916__n03394916_9999.jpg,398,554,train,5,5,1.0
n02102040__n02102040_5345.jpg,207,197,train,1,1,0.9998
n03028079__n03028079_12109.jpg,500,477,train,4,4,0.4189
n02102040__n02102040_904.jpg,375,500,train,1,1,1.0
n03417042__n03417042_6347.jpg,500,375,train,6,6,0.9977
n02979186__n02979186_13377.jpg,500,375,train,2,2,0.998
n03888257__n03888257_22146.jpg,500,375,train,9,9,0.9998
n02979186__n02979186_10056.jpg,640,480,train,2,2,0.9999
n03425413__n03425413_13034.jpg,500,375,train,7,7,0.9967
n03000684__n03000684_598.jpg,500,375,train,3,9,0.7484
n03445777__n03445777_10008.jpg,500,375,train,8,8,0.9996
n03888257__n03888257_13944.jpg,500,375,train,9,9,0.9984
n03888257__n03888257_38305.jpg,500,354,train,9,9,0.9994
n03000684__ILSVRC2012_val_00026946.jpg,500,333,train,3,3,0.9994
n03417042__n03417042_176.jpg,2218,1663,train,6,6,0.9998
n03445777__n03445777_2177.jpg,500,333,train,8,8,1.0
n03445777__n03445777_18068.jpg,500,333,train,8,8,0.9999
n03000684__n03000684_16188.jpg,500,333,train,3,3,0.9689
n03028079__n03028079_73876.jpg,500,360,train,4,4,0.9995
n03000684__n03000684_15698.jpg,375,500,train,3,3,0.9992
n03425413__n03425413_29828.jpg,466,500,train,7,7,0.9993
n03417042__n03417042_7335.jpg,480,640,train,6,6,0.9605
n01440764__n01440764_3546.jpg,500,375,train,0,0,1.0
n01440764__n01440764_827.jpg,500,375,train,0,0,1.0
n03000684__n03000684_5279.jpg,100,77,train,3,3,0.9996
n03417042__n03417042_5659.jpg,375,500,train,6,6,0.9994
n03888257__n03888257_10703.jpg,799,533,train,9,9,0.9996
n02102040__n02102040_2644.jpg,376,500,train,1,1,1.0
n02979186__n02979186_3525.jpg,320,240,train,2,2,0.9999
n03417042__n03417042_27335.jpg,500,375,train,6,6,1.0
n03425413__n03425413_14605.jpg,400,274,train,7,7,0.9978
n03394916__n03394916_46179.jpg,375,500,train,5,5,0.9928
n02102040__n02102040_5373.jpg,500,377,train,1,1,0.9809
n03445777__n03445777_4679.jpg,420,638,train,8,8,0.7795
n03888257__n03888257_17533.jpg,500,375,train,9,9,0.9967
n03888257__n03888257_31296.jpg,500,375,train,9,9,0.9681
n03888257__n03888257_37553.jpg,333,500,train,9,9,1.0
n03417042__n03417042_12936.jpg,375,500,train,6,6,0.9861
n01440764__n01440764_31656.jpg,332,500,train,0,0,1.0
n03417042__n03417042_3057.jpg,300,225,train,6,6,0.9951
n03445777__n03445777_16166.jpg,160,160,train,8,8,1.0
n03394916__n03394916_30368.jpg,500,375,train,5,5,0.9924
n02102040__n02102040_4548.jpg,500,333,train,1,1,1.0
n02102040__n02102040_304.jpg,500,375,train,1,1,0.9982
n03888257__n03888257_4239.jpg,420,600,train,9,9,0.9999
n02102040__n02102040_1147.jpg,500,333,train,1,1,0.9999
n03028079__n03028079_1633.jpg,1153,804,train,4,4,0.9997
n03425413__n03425413_13769.jpg,332,500,train,7,7,0.9997
n03888257__ILSVRC2012_val_00029149.jpg,500,500,train,9,9,0.9997
n02979186__n02979186_23727.jpg,500,400,train,2,2,0.9942
n03888257__n03888257_7825.jpg,500,375,train,9,9,0.9998
n03417042__n03417042_4774.jpg,600,800,train,6,6,0.9999
n03445777__n03445777_9248.jpg,500,334,train,8,8,1.0
n03028079__n03028079_7047.jpg,500,387,train,4,4,0.9997
n03417042__n03417042_15908.jpg,500,375,train,6,6,0.9988
n02979186__n02979186_12375.jpg,500,333,train,2,2,0.9997
n03028079__n03028079_1419.jpg,500,327,train,4,4,0.9999
n03445777__n03445777_5809.jpg,385,261,train,8,8,0.9992
n03028079__n03028079_10157.jpg,500,375,train,4,4,0.9998
n03425413__n03425413_18325.jpg,333,500,train,7,7,0.9997
n03888257__n03888257_28515.jpg,500,334,train,9,9,0.9999
n02102040__n02102040_3418.jpg,500,330,train,1,1,0.9999
n03417042__ILSVRC2012_val_00037947.jpg,500,375,train,6,6,0.7378
n01440764__n01440764_13255.jpg,450,299,train,0,0,1.0
n02102040__n02102040_205.jpg,500,375,train,1,1,1.0
n03000684__n03000684_10248.jpg,500,334,train,3,3,0.5976
n03417042__n03417042_835.jpg,640,480,train,6,6,0.999
n02979186__n02979186_26948.jpg,540,405,train,2,2,0.9991
n03394916__n03394916_42413.jpg,500,335,train,5,5,0.9972
n03425413__n03425413_21513.jpg,375,500,train,7,7,0.984
n03425413__n03425413_15647.jpg,375,500,train,7,7,0.9999
n02102040__n02102040_4263.jpg,500,384,train,1,1,1.0
n02102040__n02102040_228.jpg,350,263,train,1,1,0.9996
n03445777__n03445777_5505.jpg,240,180,train,8,8,0.9962
n01440764__n01440764_2825.jpg,336,448,train,0,0,1.0
n03417042__n03417042_5699.jpg,500,333,train,6,6,0.9968
n03888257__n03888257_30435.jpg,500,333,train,9,9,0.9885
n03417042__n03417042_5004.jpg,1144,1600,train,6,6,0.9999
n03445777__n03445777_9344.jpg,500,255,train,8,8,1.0
n02979186__n02979186_609.jpg,90,90,train,2,2,0.9998
n03445777__n03445777_13567.jpg,500,333,train,8,8,0.9999
n02979186__n02979186_18994.jpg,500,376,train,2,2,0.9998
n03417042__n03417042_8746.jpg,500,316,train,6,6,0.9968
n03445777__n03445777_3374.jpg,200,252,train,8,8,1.0
n03394916__n03394916_32987.jpg,375,500,train,5,5,1.0
n03028079__n03028079_448.jpg,375,500,train,4,4,0.9999
n03394916__n03394916_43089.jpg,375,500,train,5,5,0.9997
n03888257__n03888257_23113.jpg,606,864,train,9,9,1.0
n03445777__n03445777_7174.jpg,500,334,train,8,8,0.9617
n03445777__n03445777_14914.jpg,200,228,train,8,8,0.9953
n03394916__n03394916_2708.jpg,500,375,train,5,5,1.0
n02102040__n02102040_1145.jpg,500,375,train,1,1,0.9988
n03417042__n03417042_5809.jpg,1600,1200,train,6,6,0.9998
n03417042__n03417042_12486.jpg,375,500,train,6,6,0.9998
n03888257__n03888257_31336.jpg,500,309,train,9,9,0.9986
n02102040__n02102040_3628.jpg,333,500,train,1,1,1.0
n03888257__n03888257_24905.jpg,500,375,train,9,9,0.9999
n03425413__n03425413_14206.jpg,393,500,train,7,7,0.9944
n03445777__n03445777_838.jpg,500,375,train,8,8,0.9999
n03028079__n03028079_9448.jpg,351,500,train,4,4,0.9999
n01440764__n01440764_8623.jpg,600,450,train,0,0,1.0
n03028079__n03028079_14023.jpg,500,346,train,4,4,0.9998
n03888257__n03888257_1175.jpg,320,236,train,9,9,0.9993
n01440764__n01440764_10587.jpg,600,450,train,0,0,1.0
n02979186__n02979186_11709.jpg,500,333,train,2,2,0.9998
n02979186__n02979186_25726.jpg,500,375,train,2,2,1.0
n03425413__n03425413_21958.jpg,375,500,train,7,7,0.999
n01440764__n01440764_5638.jpg,500,375,train,0,0,1.0
n03000684__n03000684_16576.jpg,500,299,train,3,3,1.0
n03417042__n03417042_5824.jpg,288,171,train,6,6,0.9893
n03394916__n03394916_30117.jpg,333,500,train,5,5,0.814
n03425413__n03425413_15429.jpg,300,500,train,7,7,0.9997
n02102040__n02102040_5283.jpg,500,421,train,1,1,1.0
n03445777__n03445777_5023.jpg,500,308,train,8,8,0.9993
n03000684__n03000684_4819.jpg,500,375,train,3,3,0.9993
n02979186__n02979186_5853.jpg,600,450,train,2,2,1.0
n03425413__n03425413_21689.jpg,379,499,train,7,7,0.9998
n03425413__n03425413_13319.jpg,375,500,train,7,7,0.9999
n03445777__n03445777_4253.jpg,500,348,train,8,8,0.9999
n03028079__n03028079_23729.jpg,1003,667,train,4,4,0.9999
n03888257__n03888257_6417.jpg,1600,1200,train,9,9,0.9999
n03028079__n03028079_8257.jpg,500,373,train,4,4,0.9992
n03394916__n03394916_36529.jpg,333,500,train,5,5,0.9926
n03028079__n03028079_79119.jpg,375,500,train,4,4,0.9933
n03028079__n03028079_11083.jpg,359,500,train,4,4,0.9999
n03425413__n03425413_14415.jpg,500,375,train,7,7,0.9996
n01440764__n01440764_10427.jpg,180,141,train,0,0,1.0
n03425413__n03425413_11053.jpg,400,836,train,7,7,0.9963
n03417042__n03417042_10194.jpg,418,500,train,6,6,0.9999
n03445777__n03445777_3614.jpg,406,500,train,8,8,0.9998
n03394916__n03394916_20777.jpg,800,1082,train,5,5,1.0
n02979186__n02979186_5679.jpg,500,375,train,2,2,0.9657
n01440764__n01440764_5133.jpg,280,210,train,0,0,1.0
n02102040__n02102040_3604.jpg,500,375,train,1,1,0.9994
n03425413__n03425413_12714.jpg,399,500,train,7,3,0.9096
n03445777__n03445777_18007.jpg,500,375,train,8,8,1.0
n03888257__n03888257_17235.jpg,500,334,train,9,9,0.9929
n03425413__n03425413_1804.jpg,500,479,train,7,7,0.9988
n03000684__n03000684_2264.jpg,700,467,train,3,3,0.9996
n03425413__n03425413_21225.jpg,500,500,train,7,7,0.9691
n01440764__n01440764_29769.jpg,333,500,train,0,0,0.9999
n03888257__n03888257_21119.jpg,398,498,train,9,9,0.9997
n03445777__n03445777_7095.jpg,320,320,train,8,8,1.0
n02979186__n02979186_17986.jpg,333,500,train,2,2,0.9816
n03425413__n03425413_11284.jpg,500,375,train,7,7,0.9998
n02102040__n02102040_309.jpg,375,500,train,1,1,0.9981
n03028079__n03028079_46709.jpg,378,500,train,4,4,0.9996
n03888257__n03888257_5316.jpg,500,346,train,9,9,0.9998
n03000684__n03000684_7948.jpg,500,333,train,3,3,0.9996
n03000684__n03000684_20254.jpg,500,375,train,3,3,0.9999
n01440764__n01440764_10969.jpg,185,250,train,0,0,1.0
n03000684__n03000684_13343.jpg,295,295,train,3,3,0.9999
n03417042__n03417042_9239.jpg,542,338,train,6,6,0.9936
n02102040__n02102040_2693.jpg,500,375,train,1,1,1.0
n03888257__n03888257_34169.jpg,500,333,train,9,9,0.9994
n03028079__n03028079_2036.jpg,500,351,train,4,4,0.9989
n02102040__ILSVRC2012_val_00049218.jpg,375,500,train,1,1,1.0
n03425413__n03425413_1846.jpg,594,427,train,7,7,0.9976
n03425413__n03425413_15158.jpg,379,500,train,7,7,1.0
n03445777__n03445777_6029.jpg,500,500,train,8,8,0.9997
n02979186__ILSVRC2012_val_00041893.jpg,300,225,train,2,2,1.0
n03028079__n03028079_41135.jpg,333,500,train,4,4,0.9999
n03000684__n03000684_593.jpg,250,107,train,3,3,1.0
n03425413__n03425413_14097.jpg,500,375,train,7,7,0.8269
n02979186__n02979186_16836.jpg,375,500,train,2,2,0.9996
n03394916__n03394916_38313.jpg,500,333,train,5,5,0.9994
n01440764__n01440764_2117.jpg,640,480,train,0,0,1.0
n03888257__n03888257_73606.jpg,500,334,train,9,9,0.9991
n03445777__n03445777_2634.jpg,500,375,train,8,8,0.9998
n02979186__n02979186_25887.jpg,177,150,train,2,2,0.9934
n03445777__n03445777_6335.jpg,500,375,train,8,8,0.9998
n03000684__n03000684_11228.jpg,130,200,train,3,3,0.6502
n02102040__n02102040_5213.jpg,375,500,train,1,1,0.9994
n03000684__n03000684_11628.jpg,525,393,train,3,3,1.0
n02979186__n02979186_21644.jpg,160,120,train,2,2,0.6257
n01440764__n01440764_12423.jpg,500,375,train,0,0,1.0
n03028079__n03028079_19928.jpg,375,500,train,4,4,0.9999
n03445777__n03445777_356.jpg,350,159,train,8,8,0.9999
n03445777__n03445777_1547.jpg,338,450,train,8,8,0.9985
n03425413__n03425413_27657.jpg,751,1024,train,7,7,0.9997
n03417042__n03417042_7366.jpg,500,333,train,6,6,0.9999
n03000684__n03000684_4865.jpg,375,500,train,3,3,0.9889
n03028079__n03028079_8755.jpg,386,500,train,4,4,0.9988
n03445777__n03445777_755.jpg,150,113,train,8,2,0.6879
n03888257__n03888257_10079.jpg,500,364,train,9,9,1.0
n03394916__n03394916_33186.jpg,500,333,train,5,5,0.388
n02102040__n02102040_4619.jpg,500,333,train,1,1,1.0
n03445777__n03445777_5825.jpg,500,333,train,8,8,1.0
n03028079__n03028079_17345.jpg,420,500,train,4,4,0.9999
n03000684__n03000684_6095.jpg,500,152,train,3,3,0.9999
n03888257__n03888257_46696.jpg,500,333,train,9,9,0.9985
n03394916__n03394916_65604.jpg,500,496,train,5,5,0.9994
n02102040__n02102040_2823.jpg,500,333,train,1,1,1.0
n02979186__n02979186_12553.jpg,500,375,train,2,2,1.0
n03000684__n03000684_1126.jpg,500,193,train,3,3,0.9995
n03028079__ILSVRC2012_val_00039506.jpg,442,500,train,4,4,0.9824
n03000684__n03000684_3028.jpg,500,375,train,3,3,0.9989
n03000684__n03000684_13849.jpg,200,200,train,3,3,1.0
n03888257__n03888257_9839.jpg,500,333,train,9,9,0.9989
n03445777__n03445777_574.jpg,500,375,train,8,8,0.9984
n03888257__n03888257_20649.jpg,500,375,train,9,9,0.9996
n03417042__n03417042_7337.jpg,640,480,train,6,6,0.9968
n03394916__n03394916_17104.jpg,123,85,train,5,5,1.0
n03000684__n03000684_32889.jpg,333,500,train,3,3,0.992
n03425413__n03425413_7985.jpg,648,432,train,7,7,0.9998
n03425413__n03425413_11054.jpg,375,500,train,7,7,0.9998
n03888257__n03888257_8498.jpg,500,325,train,9,9,1.0
n02979186__n02979186_2656.jpg,504,640,train,2,2,0.9989
n03000684__n03000684_25115.jpg,143,107,train,3,3,0.9999
n03888257__n03888257_34536.jpg,500,333,train,9,9,0.9999
n03888257__n03888257_894.jpg,432,556,train,9,9,0.9947
n02102040__n02102040_1033.jpg,500,377,train,1,2,0.3521
n03028079__n03028079_13715.jpg,412,500,train,4,4,0.9946
n03888257__n03888257_8039.jpg,419,564,train,9,9,0.9992
n03000684__n03000684_11756.jpg,500,375,train,3,3,0.9977
n03028079__n03028079_14098.jpg,400,533,train,4,4,0.9998
n01440764__n01440764_12925.jpg,240,180,train,0,0,0.9985
n02102040__n02102040_5216.jpg,375,500,train,1,1,0.9999
n03445777__n03445777_129.jpg,332,500,train,8,8,0.9999
n03028079__n03028079_8638.jpg,500,333,train,4,4,0.9997
n02979186__n02979186_16933.jpg,328,328,train,2,2,0.9997
n03028079__n03028079_3193.jpg,500,333,train,4,4,0.9415
n03888257__n03888257_1876.jpg,600,398,train,9,9,0.9621
n03445777__n03445777_6195.jpg,190,150,train,8,8,0.9992
n01440764__n01440764_2546.jpg,500,375,train,0,0,0.9999
n03888257__n03888257_11439.jpg,322,500,train,9,9,0.9997
n02102040__n02102040_7376.jpg,500,375,train,1,1,0.9981
n03445777__n03445777_11973.jpg,420,315,train,8,8,0.9995
n03394916__n03394916_28666.jpg,500,375,train,5,5,0.923
n03394916__n03394916_1695.jpg,550,426,train,5,5,1.0
n03425413__n03425413_7518.jpg,644,958,train,7,7,0.979
n03000684__n03000684_9728.jpg,500,319,train,3,6,0.6144
n03445777__n03445777_9696.jpg,500,375,train,8,8,0.9991
n02102040__n02102040_6936.jpg,500,375,train,1,1,1.0
n02102040__n02102040_876.jpg,500,333,train,1,1,1.0
n03888257__n03888257_26149.jpg,334,500,train,9,9,1.0
n03028079__n03028079_74796.jpg,500,367,train,4,4,0.9998
n03394916__n03394916_40316.jpg,500,375,train,5,5,0.982
n03000684__n03000684_8824.jpg,375,500,train,3,3,0.9996
n02102040__n02102040_1303.jpg,500,333,train,1,1,0.9999
n03028079__n03028079_2437.jpg,500,453,train,4,4,0.999
n02102040__n02102040_213.jpg,500,375,train,1,1,0.9998
n01440764__ILSVRC2012_val_00013716.jpg,500,375,train,0,0,0.9979
n01440764__n01440764_12279.jpg,400,266,train,0,0,0.9854
n03394916__n03394916_27948.jpg,338,500,train,5,5,0.9994
n03425413__n03425413_21514.jpg,500,375,train,7,7,0.9994
n03445777__n03445777_6019.jpg,500,375,train,8,8,1.0
n03425413__n03425413_8924.jpg,300,650,train,7,7,0.998
n03000684__n03000684_19899.jpg,356,500,train,3,3,0.9989
n02979186__n02979186_16825.jpg,400,267,train,2,2,1.0
n03417042__n03417042_19958.jpg,500,375,train,6,6,1.0
n03394916__ILSVRC2012_val_00007985.jpg,400,500,train,5,5,0.998
n03028079__n03028079_14003.jpg,500,375,train,4,4,0.9921
n02979186__n02979186_27347.jpg,100,89,train,2,2,0.9975
n03445777__n03445777_4089.jpg,390,295,train,8,8,1.0
n03888257__n03888257_6336.jpg,500,333,train,9,9,0.9996
n03425413__n03425413_4695.jpg,379,585,train,7,7,0.9999
n02102040__n02102040_2958.jpg,500,333,train,1,1,0.9999
n03028079__n03028079_17715.jpg,600,376,train,4,4,0.9986
n02102040__n02102040_625.jpg,500,333,train,1,1,1.0
n01440764__n01440764_11987.jpg,500,375,train,0,0,1.0
n03417042__n03417042_9128.jpg,500,375,train,6,6,0.9999
n03417042__n03417042_27113.jpg,500,375,train,6,6,0.9968
n02979186__n02979186_10975.jpg,148,112,train,2,2,0.9993
n03028079__n03028079_15507.jpg,1152,864,train,4,4,0.9997
n03425413__n03425413_29944.jpg,500,397,train,7,7,0.9968
n02102040__n02102040_6494.jpg,500,376,train,1,1,1.0
n03888257__n03888257_20684.jpg,450,515,train,9,9,1.0
n03000684__n03000684_15977.jpg,500,333,train,3,3,0.9965
n03417042__n03417042_8295.jpg,375,500,train,6,6,0.9888
n03394916__n03394916_44243.jpg,375,500,train,5,5,0.9993
n03000684__n03000684_15233.jpg,200,200,train,3,3,1.0
n03394916__n03394916_17125.jpg,200,248,train,5,5,0.9992
n02979186__n02979186_8355.jpg,400,317,train,2,2,0.9971
n03888257__n03888257_30588.jpg,500,334,train,9,9,0.9936
n03425413__n03425413_15019.jpg,500,470,train,7,7,0.9998
n02102040__n02102040_1705.jpg,500,333,train,1,1,1.0
n02102040__n02102040_4479.jpg,500,333,train,1,1,0.9999
n03425413__n03425413_10477.jpg,500,375,train,7,6,0.8003
n03000684__n03000684_12089.jpg,190,366,train,3,3,0.9979
n03000684__n03000684_14316.jpg,500,229,train,3,3,0.9928
n03394916__n03394916_1163.jpg,400,353,train,5,5,1.0
n03394916__n03394916_34947.jpg,375,500,train,5,5,0.9999
n03888257__n03888257_62568.jpg,334,500,train,9,9,0.9999
n03425413__n03425413_29973.jpg,337,500,train,7,7,0.9412
n03000684__n03000684_4575.jpg,375,500,train,3,3,0.9444
n03394916__n03394916_62157.jpg,640,480,train,5,5,0.9999
n02102040__n02102040_245.jpg,500,375,train,1,1,1.0
n03445777__n03445777_4883.jpg,500,332,train,8,8,0.9999
n03445777__n03445777_7794.jpg,409,500,train,8,8,1.0
n03888257__n03888257_11609.jpg,500,334,train,9,9,0.8124
n03394916__n03394916_21228.jpg,400,400,train,5,5,1.0
n03425413__n03425413_596.jpg,640,480,train,7,7,0.9999
n02102040__n02102040_403.jpg,500,333,train,1,1,1.0
n02102040__n02102040_3096.jpg,422,500,train,1,1,1.0
n02102040__n02102040_2246.jpg,240,160,train,1,1,0.9998
n03028079__n03028079_10717.jpg,500,375,train,4,4,0.9953
n03445777__n03445777_3995.jpg,337,500,train,8,8,0.9999
n03394916__n03394916_35713.jpg,365,500,train,5,5,0.9999
n03000684__n03000684_13897.jpg,500,281,train,3,3,0.9924
n03445777__n03445777_9289.jpg,500,375,train,8,8,0.9994
n02102040__n02102040_3816.jpg,500,338,train,1,1,0.9998
n03417042__n03417042_4016.jpg,700,480,train,6,6,0.9998
n03425413__n03425413_14785.jpg,396,500,train,7,7,1.0
n02979186__n02979186_10583.jpg,500,348,train,2,2,0.9951
n02979186__n02979186_13444.jpg,500,333,train,2,2,0.9998
n03028079__n03028079_11288.jpg,500,375,train,4,4,0.9999
n03000684__n03000684_1459.jpg,350,500,train,3,3,0.5078
n03445777__n03445777_8624.jpg,240,180,train,8,8,0.9995
n03394916__n03394916_63965.jpg,285,426,train,5,5,0.9959
n03394916__n03394916_33177.jpg,500,335,train,5,5,0.9999
n03028079__ILSVRC2012_val_00042207.jpg,500,375,train,4,4,0.9999
n01440764__n01440764_7157.jpg,400,261,train,0,0,1.0
n01440764__n01440764_8908.jpg,283,213,train,0,0,0.988
n02979186__n02979186_14958.jpg,500,375,train,2,2,0.9985
n03000684__n03000684_10175.jpg,333,500,train,3,3,0.6955
n03445777__n03445777_9793.jpg,500,382,train,8,8,0.9998
n03417042__n03417042_3643.jpg,622,467,train,6,6,0.9998
n03394916__n03394916_35725.jpg,450,413,train,5,5,0.9856
n03028079__n03028079_32125.jpg,500,332,train,4,4,0.9992
n03417042__n03417042_2633.jpg,500,375,train,6,6,0.9999
n03394916__n03394916_36614.jpg,500,375,train,5,5,0.9929
n03425413__n03425413_19119.jpg,333,500,train,7,7,0.998
n03417042__n03417042_10717.jpg,375,500,train,6,6,0.9994
n02102040__n02102040_2737.jpg,500,375,train,1,1,1.0
n02979186__n02979186_23516.jpg,500,334,train,2,2,0.9977
n03417042__n03417042_265.jpg,462,500,train,6,6,0.9998
n03417042__n03417042_26919.jpg,500,394,train,6,6,0.9967
n03888257__n03888257_9193.jpg,500,333,train,9,9,0.9789
n03394916__n03394916_30459.jpg,500,375,train,5,5,0.9346
n01440764__n01440764_7514.jpg,300,225,train,0,0,1.0
n03028079__n03028079_31995.jpg,500,333,train,4,4,1.0
n02979186__n02979186_9076.jpg,500,375,train,2,2,0.9999
n03425413__n03425413_14146.jpg,308,500,train,7,7,0.9995
n03425413__n03425413_23413.jpg,333,500,train,7,7,0.909
n02102040__n02102040_3159.jpg,500,333,train,1,1,1.0
n03425413__n03425413_8465.jpg,375,500,train,7,7,0.9999
n01440764__n01440764_20915.jpg,240,180,train,0,0,1.0
n03888257__n03888257_45277.jpg,500,318,train,9,9,0.9972
n03394916__n03394916_41888.jpg,500,375,train,5,5,1.0
n03425413__n03425413_14445.jpg,375,500,train,7,7,0.9996
n03028079__n03028079_13983.jpg,500,390,train,4,4,0.9999
n03888257__n03888257_12326.jpg,500,375,train,9,9,0.9849
n02102040__n02102040_1103.jpg,500,334,train,1,1,1.0
n02102040__n02102040_3187.jpg,500,334,train,1,1,0.9493
n03394916__n03394916_28567.jpg,500,362,train,5,5,0.9998
n03888257__n03888257_67668.jpg,333,500,train,9,9,0.9942
n03417042__n03417042_6034.jpg,500,392,train,6,6,0.9999
n03888257__n03888257_12094.jpg,500,375,train,9,9,0.9992
n03445777__n03445777_4834.jpg,338,450,train,8,8,0.99
n03000684__n03000684_10944.jpg,120,120,train,3,3,1.0
n03394916__n03394916_23424.jpg,110,147,train,5,5,1.0
n03000684__n03000684_19753.jpg,500,359,train,3,3,0.9173
n03028079__ILSVRC2012_val_00034534.jpg,500,458,train,4,4,0.9979
n03000684__n03000684_27776.jpg,500,333,train,3,3,0.9851
n03394916__n03394916_24023.jpg,319,175,train,5,5,0.9998
n03888257__n03888257_43839.jpg,366,500,train,9,9,0.9997
n02979186__n02979186_2093.jpg,500,375,train,2,2,1.0
n03445777__n03445777_153.jpg,331,344,train,8,8,1.0
n03888257__n03888257_30735.jpg,400,400,train,9,9,0.9995
n01440764__n01440764_8367.jpg,300,279,train,0,0,0.9998
n03888257__n03888257_9666.jpg,500,333,train,9,9,0.9766
n03000684__n03000684_9424.jpg,375,500,train,3,3,0.9998
n01440764__n01440764_11626.jpg,240,320,train,0,0,1.0
n03028079__n03028079_13265.jpg,376,500,train,4,4,0.9981
n03445777__n03445777_8448.jpg,500,375,train,8,8,0.9987
n03028079__n03028079_966.jpg,500,333,train,4,4,0.9996
n03394916__n03394916_44815.jpg,500,333,train,5,5,1.0
n03417042__n03417042_17623.jpg,382,500,train,6,6,0.9999
n03028079__n03028079_39986.jpg,371,500,train,4,4,0.9979
n03425413__n03425413_13283.jpg,375,500,train,7,7,0.9992
n03394916__n03394916_2324.jpg,230,256,train,5,5,0.9961
n03888257__n03888257_38709.jpg,500,488,train,9,9,0.9999
n03028079__n03028079_15265.jpg,500,303,train,4,4,0.9998
n03394916__n03394916_57144.jpg,600,450,train,5,5,1.0
n03425413__n03425413_21354.jpg,375,500,train,7,7,0.9002
n02979186__n02979186_12319.jpg,500,375,train,2,2,1.0
n03028079__n03028079_3326.jpg,500,333,train,4,4,0.999
n03888257__n03888257_12378.jpg,333,500,train,9,9,0.9998
n03888257__n03888257_36317.jpg,500,340,train,9,9,0.9143
n03394916__n03394916_34605.jpg,500,334,train,5,5,0.9993
n03417042__n03417042_12874.jpg,1600,1200,train,6,6,0.999
n02979186__n02979186_12664.jpg,500,375,train,2,2,0.9991
n03445777__n03445777_9199.jpg,500,333,train,8,8,0.9989
n03028079__n03028079_484.jpg,500,372,train,4,4,0.9824
n03445777__n03445777_5467.jpg,500,333,train,8,8,0.9998
n02979186__n02979186_26475.jpg,950,332,train,2,2,0.9991
n03425413__n03425413_8363.jpg,375,500,train,7,7,0.9988
n03425413__n03425413_403.jpg,720,644,train,7,2,0.6016
n02979186__n02979186_16545.jpg,140,140,train,2,2,0.9575
n02979186__n02979186_19634.jpg,131,72,train,2,2,0.9998
n01440764__n01440764_5579.jpg,500,375,train,0,0,0.9999
n01440764__n01440764_26569.jpg,343,500,train,0,0,0.9991
n03417042__n03417042_3735.jpg,1280,960,train,6,6,0.9987
n03425413__n03425413_19377.jpg,375,500,train,7,7,0.9818
n03417042__n03417042_8175.jpg,500,375,train,6,6,1.0
n02102040__n02102040_1058.jpg,379,500,train,1,1,1.0
n02979186__n02979186_17764.jpg,400,283,train,2,2,0.9999
n03888257__n03888257_26867.jpg,500,333,train,9,9,0.9995
n03445777__n03445777_3633.jpg,250,252,train,8,8,0.9999
n03000684__n03000684_1014.jpg,50,50,train,3,6,0.6951
n01440764__n01440764_12388.jpg,400,300,train,0,0,1.0
n03445777__ILSVRC2012_val_00038768.jpg,2048,1536,train,8,8,0.7801
n03445777__n03445777_9543.jpg,500,333,train,8,8,0.9999
n03445777__n03445777_19586.jpg,375,500,train,8,8,1.0
n02102040__n02102040_946.jpg,500,375,train,1,1,0.9993
n01440764__n01440764_1113.jpg,500,391,train,0,0,1.0
n02102040__n02102040_6615.jpg,375,500,train,1,1,0.9984
n02102040__n02102040_2079.jpg,500,375,train,1,1,0.9999
n03000684__n03000684_14576.jpg,333,500,train,3,3,0.9897
n03417042__n03417042_22539.jpg,500,375,train,6,6,1.0
n03417042__n03417042_3165.jpg,500,375,train,6,6,0.9837
n03425413__n03425413_20558.jpg,431,500,train,7,7,0.9994
n03028079__n03028079_52414.jpg,500,375,train,4,4,0.9999
n03394916__n03394916_35109.jpg,500,375,train,5,5,0.9994
n01440764__n01440764_18128.jpg,480,320,train,0,0,1.0
n03394916__n03394916_46898.jpg,500,375,train,5,5,0.9978
n03445777__n03445777_3895.jpg,700,525,train,8,8,0.9588
n03425413__n03425413_14127.jpg,500,375,train,7,7,0.9986
n03445777__n03445777_4333.jpg,350,471,train,8,8,0.8674
n03888257__n03888257_42605.jpg,500,333,train,9,9,0.9975
n02102040__n02102040_2476.jpg,500,375,train,1,1,0.9999
n01440764__n01440764_2636.jpg,640,428,train,0,0,1.0
n01440764__n01440764_7274.jpg,445,229,train,0,0,1.0
n02102040__n02102040_5666.jpg,800,604,train,1,1,0.9979
n03028079__n03028079_6149.jpg,375,500,train,4,4,0.9968
n03417042__n03417042_6847.jpg,384,288,train,6,6,0.9992
n03000684__n03000684_34284.jpg,333,500,train,3,3,0.9915
n03417042__n03417042_22635.jpg,500,375,train,6,6,0.9999
n03425413__n03425413_15014.jpg,484,482,train,7,7,0.9999
n02979186__n02979186_2733.jpg,511,480,train,2,2,0.9998
n03028079__n03028079_24109.jpg,500,353,train,4,4,0.9999
n03394916__n03394916_56187.jpg,590,480,train,5,5,0.9996
n03425413__n03425413_13617.jpg,500,375,train,7,7,0.9705
n03425413__n03425413_1306.jpg,500,500,train,7,7,0.9996
n02979186__n02979186_16736.jpg,500,375,train,2,2,1.0
n03417042__n03417042_23888.jpg,688,413,train,6,6,0.9996
n03888257__n03888257_9155.jpg,500,333,train,9,9,0.9998
n03417042__n03417042_3829.jpg,400,480,train,6,6,0.9999
n03028079__n03028079_11614.jpg,364,500,train,4,4,0.9993
n03417042__n03417042_9096.jpg,500,375,train,6,6,0.9921
n02102040__n02102040_6124.jpg,500,333,train,1,1,0.9999
n02979186__n02979186_9527.jpg,400,300,train,2,2,0.9993
n02979186__n02979186_14304.jpg,500,374,train,2,2,0.9999
n03445777__n03445777_4685.jpg,200,200,train,8,8,0.9999
n02979186__n02979186_4629.jpg,110,92,train,2,2,0.9981
n03425413__n03425413_16724.jpg,375,500,train,7,7,0.8923
n03888257__n03888257_10157.jpg,215,169,train,9,9,0.9989
n03417042__n03417042_16249.jpg,456,342,train,6,6,1.0
n03425413__n03425413_24884.jpg,576,768,train,7,7,0.9998
n03394916__n03394916_32745.jpg,375,500,train,5,5,0.9995
n03425413__n03425413_33015.jpg,500,400,train,7,7,0.9999
n03417042__n03417042_9335.jpg,945,709,train,6,6,0.9325
n01440764__n01440764_505.jpg,500,381,train,0,0,1.0
n03445777__n03445777_13783.jpg,600,509,train,8,8,1.0
n03000684__n03000684_4666.jpg,500,375,train,3,3,0.9627
n02979186__n02979186_9746.jpg,640,420,train,2,2,0.9998
n03394916__n03394916_1149.jpg,400,500,train,5,5,0.9997
n03000684__n03000684_18367.jpg,500,350,train,3,3,1.0
n03028079__n03028079_3075.jpg,334,500,train,4,4,1.0
n03888257__n03888257_5543.jpg,500,375,train,9,9,0.9919
n03417042__n03417042_4238.jpg,500,375,train,6,6,0.9999
n03445777__n03445777_10039.jpg,500,375,train,8,8,0.9999
n02102040__n02102040_4558.jpg,500,367,train,1,1,1.0
n03417042__n03417042_12095.jpg,500,375,train,6,6,0.9998
n03445777__n03445777_6188.jpg,500,375,train,8,8,1.0
n03000684__n03000684_10259.jpg,96,60,train,3,3,0.9998
n03425413__n03425413_6048.jpg,500,430,train,7,7,0.9819
n03000684__n03000684_19755.jpg,375,500,train,3,3,0.9795
n03000684__n03000684_3429.jpg,500,375,train,3,3,0.9903
n03445777__n03445777_10759.jpg,333,500,train,8,8,0.8448
n01440764__n01440764_17789.jpg,425,429,train,0,0,1.0
n03425413__n03425413_5065.jpg,486,582,train,7,7,1.0
n03394916__n03394916_52708.jpg,411,428,train,5,5,0.9998
n02979186__n02979186_10828.jpg,500,375,train,2,2,0.5548
n03394916__n03394916_38515.jpg,375,500,train,5,5,0.9992
n02979186__n02979186_1893.jpg,333,500,train,2,2,0.9999
n03000684__n03000684_20117.jpg,391,500,train,3,3,1.0
n03425413__n03425413_7944.jpg,375,500,train,7,7,0.9999
n02102040__n02102040_4956.jpg,351,360,train,1,1,0.9987
n03417042__n03417042_5895.jpg,500,375,train,6,6,0.8582
n01440764__n01440764_3393.jpg,500,375,train,0,0,1.0
n01440764__n01440764_1469.jpg,500,413,train,0,0,0.9999
n03445777__n03445777_5428.jpg,760,210,train,8,8,0.9982
n03417042__n03417042_4216.jpg,500,375,train,6,6,1.0
n03394916__n03394916_28258.jpg,500,333,train,5,5,0.9999
n03394916__n03394916_30494.jpg,500,375,train,5,5,0.9996
n02102040__n02102040_5584.jpg,500,333,train,1,1,1.0
n01440764__n01440764_5869.jpg,375,500,train,0,0,0.9996
n03394916__n03394916_32638.jpg,500,375,train,5,5,0.9999
n03417042__n03417042_6725.jpg,350,263,train,6,6,1.0
n03000684__n03000684_13587.jpg,400,300,train,3,3,0.9998
n03394916__n03394916_30516.jpg,332,500,train,5,5,0.9998
n03028079__n03028079_2286.jpg,500,357,train,4,4,0.9996
n03394916__n03394916_51457.jpg,500,400,train,5,5,1.0
n02979186__ILSVRC2012_val_00003944.jpg,500,375,train,2,2,0.9994
n02102040__n02102040_5173.jpg,500,333,train,1,1,0.9999
n03394916__n03394916_54786.jpg,2112,2816,train,5,5,0.5505
n03445777__n03445777_7015.jpg,288,241,train,8,8,0.9998
n03888257__n03888257_13114.jpg,500,375,train,9,9,0.9645
n02979186__n02979186_19173.jpg,160,128,train,2,2,0.9967
n03000684__n03000684_16095.jpg,500,375,train,3,3,0.4439
n03000684__n03000684_10136.jpg,500,375,train,3,3,0.9988
n03417042__n03417042_15893.jpg,500,375,train,6,6,1.0
n02102040__n02102040_1259.jpg,500,375,train,1,1,0.8987
n03888257__n03888257_42945.jpg,500,366,train,9,9,0.9994
n02102040__n02102040_4884.jpg,500,333,train,1,1,0.9991
n03417042__n03417042_6984.jpg,700,554,train,6,6,0.997
n01440764__n01440764_658.jpg,450,252,train,0,0,1.0
n03425413__n03425413_8337.jpg,500,377,train,7,7,0.726
n03888257__n03888257_8193.jpg,500,375,train,9,9,0.8374
n01440764__n01440764_6118.jpg,750,562,train,0,0,0.998
n03000684__n03000684_2265.jpg,450,225,train,3,3,1.0
n02102040__n02102040_3736.jpg,500,335,train,1,1,0.5341
n03394916__n03394916_25135.jpg,500,335,train,5,5,0.9999
n03417042__n03417042_23815.jpg,500,375,train,6,6,0.9991
n03417042__n03417042_14574.jpg,500,375,train,6,6,1.0
n02979186__n02979186_3349.jpg,400,300,train,2,2,0.9995
n03394916__n03394916_23645.jpg,454,680,train,5,5,0.9993
n03417042__n03417042_16625.jpg,640,480,train,6,6,0.996
n03417042__n03417042_17589.jpg,500,375,train,6,6,0.9997
n03445777__n03445777_2605.jpg,500,333,train,8,8,1.0
n01440764__n01440764_5154.jpg,375,500,train,0,0,1.0
n03445777__n03445777_7563.jpg,500,333,train,8,8,0.9999
n03000684__n03000684_15319.jpg,335,500,train,3,3,0.9965
n03000684__n03000684_2296.jpg,250,250,train,3,3,0.9994
n03394916__n03394916_33047.jpg,500,375,train,5,5,1.0
n03445777__n03445777_4249.jpg,500,375,train,8,8,0.9982
n02979186__n02979186_7494.jpg,800,600,train,2,2,0.9998
n02979186__n02979186_22754.jpg,111,111,train,2,2,0.9935
n03394916__n03394916_9884.jpg,500,375,train,5,5,0.997
n03028079__n03028079_17008.jpg,500,333,train,4,4,0.9987
n03425413__n03425413_16613.jpg,333,500,train,7,7,0.9997
n03425413__n03425413_22296.jpg,500,334,train,7,7,1.0
n03417042__n03417042_708.jpg,500,375,train,6,6,1.0
n03417042__n03417042_7116.jpg,500,476,train,6,6,0.9979
n03888257__n03888257_15697.jpg,500,334,train,9,9,0.9999
n03417042__n03417042_8046.jpg,731,485,train,6,6,1.0
n03445777__n03445777_189.jpg,500,332,train,8,8,0.9959
n01440764__n01440764_137.jpg,500,334,train,0,0,0.9986
n03425413__n03425413_18357.jpg,500,375,train,7,7,0.9364
n03394916__n03394916_34926.jpg,500,375,train,5,5,0.9995
n03417042__n03417042_15045.jpg,500,375,train,6,6,0.9994
n02102040__n02102040_676.jpg,500,375,train,1,1,1.0
n03888257__n03888257_34433.jpg,500,333,train,9,9,1.0
n03888257__n03888257_23669.jpg,500,333,train,9,9,0.9996
n02979186__n02979186_20733.jpg,280,280,train,2,2,0.9728
n03445777__n03445777_17703.jpg,500,333,train,8,8,0.9999
n03028079__n03028079_9484.jpg,500,439,train,4,4,0.9995
n02979186__n02979186_15876.jpg,500,338,train,2,2,1.0
n03888257__n03888257_1074.jpg,401,500,train,9,9,0.9999
n03888257__n03888257_9637.jpg,333,500,train,9,9,0.9992
n03425413__n03425413_13434.jpg,432,500,train,7,7,0.9681
n01440764__n01440764_6075.jpg,600,399,train,0,0,0.9997
n02102040__n02102040_795.jpg,375,500,train,1,1,1.0
n03394916__n03394916_30669.jpg,480,360,train,5,5,0.9996
n03425413__n03425413_21595.jpg,500,375,train,7,7,0.9889
n03000684__n03000684_3268.jpg,333,500,train,3,2,0.5602
n03000684__n03000684_4586.jpg,200,105,train,3,3,1.0
n01440764__n01440764_1577.jpg,500,340,train,0,0,1.0
n02979186__n02979186_3716.jpg,375,500,train,2,2,0.9986
n01440764__n01440764_21005.jpg,300,500,train,0,0,1.0
n02979186__n02979186_16584.jpg,375,500,train,2,2,0.9989
n03028079__n03028079_9104.jpg,521,354,train,4,4,0.9997
n02102040__n02102040_2539.jpg,500,333,train,1,1,1.0
n03888257__n03888257_12883.jpg,333,500,train,9,9,1.0
n03394916__n03394916_17985.jpg,500,375,train,5,5,1.0
n03445777__n03445777_20777.jpg,500,333,train,8,8,1.0
n03445777__n03445777_8694.jpg,500,375,train,8,8,0.9996
n03445777__n03445777_6854.jpg,200,167,train,8,8,0.9987
n03888257__n03888257_43086.jpg,500,333,train,9,9,0.9998
n03394916__n03394916_46997.jpg,333,500,train,5,5,0.9995
n03445777__n03445777_4145.jpg,500,367,train,8,8,0.9997
n02979186__n02979186_17757.jpg,200,200,train,2,2,0.9971
n03394916__n03394916_35956.jpg,375,500,train,5,5,0.9997
n02979186__n02979186_2597.jpg,500,375,train,2,2,0.9937
n02102040__n02102040_759.jpg,376,500,train,1,1,1.0
n03028079__n03028079_24899.jpg,375,500,train,4,4,0.9987
n03028079__n03028079_3914.jpg,500,355,train,4,4,0.9996
n01440764__n01440764_9898.jpg,100,100,train,0,0,0.9999
n03888257__n03888257_7234.jpg,500,333,train,9,9,0.9983
n03394916__n03394916_31735.jpg,375,500,train,5,5,0.9801
n02979186__n02979186_5346.jpg,450,385,train,2,2,0.9985
n03425413__n03425413_14027.jpg,362,500,train,7,7,0.9999
n03417042__n03417042_6235.jpg,720,540,train,6,6,0.9998
n01440764__n01440764_21043.jpg,500,355,train,0,0,1.0
n03445777__n03445777_3413.jpg,500,375,train,8,8,1.0
n03394916__n03394916_37417.jpg,500,333,train,5,5,1.0
n03425413__n03425413_14614.jpg,375,500,train,7,7,0.9999
n03394916__n03394916_32529.jpg,496,500,train,5,5,0.4693
n03417042__n03417042_4975.jpg,500,375,train,6,6,0.9983
n03394916__n03394916_11824.jpg,500,375,train,5,5,1.0
n03417042__n03417042_2156.jpg,375,500,train,6,6,0.3876
n03000684__n03000684_15014.jpg,1600,1200,train,3,3,0.9996
n02102040__n02102040_4879.jpg,500,333,train,1,1,0.9986
n03445777__n03445777_9993.jpg,374,500,train,8,8,0.8966
n02979186__n02979186_1783.jpg,500,334,train,2,2,1.0
n03028079__n03028079_31306.jpg,500,363,train,4,4,0.9998
n03394916__n03394916_27425.jpg,499,500,train,5,5,1.0
n02979186__n02979186_10135.jpg,124,93,train,2,2,0.9985
n03445777__n03445777_5939.jpg,215,142,train,8,8,0.9993
n02102040__n02102040_449.jpg,500,333,train,1,1,1.0
n02102040__ILSVRC2012_val_00007568.jpg,500,489,train,1,1,1.0
n03028079__n03028079_36686.jpg,500,350,train,4,4,0.9992
n02102040__n02102040_1883.jpg,500,375,train,1,1,0.992
n03028079__n03028079_14856.jpg,400,500,train,4,4,0.9997
n03417042__n03417042_5257.jpg,500,333,train,6,6,1.0
n01440764__n01440764_10464.jpg,300,186,train,0,0,1.0
n03888257__n03888257_19485.jpg,500,333,train,9,9,1.0
n03000684__n03000684_9935.jpg,213,307,train,3,3,0.9993
n03417042__ILSVRC2012_val_00028914.jpg,500,375,train,6,6,1.0
n02979186__n02979186_2265.jpg,500,375,train,2,2,0.9994
n03888257__n03888257_1346.jpg,690,320,train,9,9,0.9999
n03000684__n03000684_13629.jpg,500,375,train,3,3,0.9974
n03394916__n03394916_30918.jpg,500,333,train,5,3,0.4134
n01440764__n01440764_7055.jpg,283,378,train,0,0,1.0
n03417042__n03417042_3163.jpg,500,375,train,6,6,0.9997
n03028079__n03028079_22655.jpg,500,332,train,4,4,0.9998
n03394916__n03394916_30866.jpg,500,333,train,5,5,1.0
n03445777__n03445777_8197.jpg,500,375,train,8,8,1.0
n03394916__n03394916_43255.jpg,499,334,train,5,5,0.9997
n03028079__n03028079_1765.jpg,500,368,train,4,4,0.9998
n03000684__n03000684_13559.jpg,500,359,train,3,2,0.7021
n01440764__n01440764_19759.jpg,500,375,train,0,0,1.0
n02979186__n02979186_5156.jpg,500,375,train,2,2,0.9984
n03445777__n03445777_6158.jpg,500,333,train,8,8,0.9894
n03394916__n03394916_27529.jpg,500,375,train,5,5,0.9947
n03888257__n03888257_4409.jpg,500,375,train,9,9,0.9975
n03394916__n03394916_12949.jpg,613,821,train,5,5,1.0
n02979186__n02979186_23188.jpg,500,375,train,2,2,1.0
n01440764__ILSVRC2012_val_00009396.jpg,500,375,train,0,0,0.9999
n03888257__n03888257_72045.jpg,333,500,train,9,9,0.9995
n03445777__n03445777_3064.jpg,367,444,train,8,8,1.0
n03445777__n03445777_10117.jpg,500,375,train,8,8,0.9998
n03445777__n03445777_7616.jpg,356,239,train,8,8,0.997
n01440764__n01440764_7988.jpg,200,155,train,0,0,1.0
n03888257__n03888257_29854.jpg,500,334,train,9,9,0.9853
n03028079__n03028079_32056.jpg,500,334,train,4,4,0.9999
n03425413__n03425413_13369.jpg,333,500,train,7,7,0.9998
n03394916__ILSVRC2012_val_00003587.jpg,500,375,train,5,5,0.9999
n02102040__n02102040_1855.jpg,500,375,train,1,1,0.9873
n02979186__n02979186_12237.jpg,160,184,train,2,2,0.9882
n02102040__n02102040_605.jpg,500,382,train,1,1,1.0
n03394916__n03394916_32423.jpg,342,500,train,5,5,0.9996
n01440764__n01440764_3259.jpg,515,386,train,0,0,1.0
n01440764__n01440764_1905.jpg,541,398,train,0,0,1.0
n03417042__n03417042_4516.jpg,333,500,train,6,6,0.9999
n03417042__n03417042_11944.jpg,500,378,train,6,6,1.0
n03028079__ILSVRC2012_val_00042264.jpg,500,375,train,4,4,0.9995
n03425413__n03425413_9723.jpg,1524,2032,train,7,7,0.9961
n01440764__n01440764_4106.jpg,400,300,train,0,0,1.0
n03417042__n03417042_19479.jpg,500,375,train,6,6,1.0
n03417042__n03417042_10506.jpg,500,375,train,6,6,1.0
n03417042__n03417042_3047.jpg,700,525,train,6,6,1.0
n03028079__n03028079_773.jpg,351,500,train,4,4,0.9998
n03425413__n03425413_12788.jpg,333,500,train,7,7,0.9981
n02979186__n02979186_66.jpg,500,375,train,2,2,1.0
n03394916__n03394916_20035.jpg,190,225,train,5,5,1.0
n03417042__n03417042_15484.jpg,500,375,train,6,6,0.9999
n03425413__n03425413_22197.jpg,500,334,train,7,7,0.9994
n03417042__n03417042_4114.jpg,2560,1920,train,6,6,0.9999
n03425413__n03425413_21604.jpg,500,375,train,7,7,0.8941
n03888257__n03888257_15826.jpg,500,333,train,9,9,0.9998
n02979186__n02979186_15188.jpg,500,375,train,2,7,0.864
n03425413__n03425413_5716.jpg,640,480,train,7,7,0.5054
n03888257__n03888257_13283.jpg,500,333,train,9,9,0.9492
n03425413__n03425413_18867.jpg,375,500,train,7,7,0.9954
n03445777__n03445777_7243.jpg,500,332,train,8,8,0.9989
n01440764__n01440764_9465.jpg,205,339,train,0,0,1.0
n03425413__n03425413_9794.jpg,400,533,train,7,7,0.7844
n01440764__n01440764_11586.jpg,1024,768,train,0,0,0.9999
n01440764__n01440764_9846.jpg,270,180,train,0,0,1.0
n03445777__n03445777_455.jpg,557,800,train,8,8,1.0
n03417042__n03417042_1334.jpg,225,137,train,6,6,0.9999
n02979186__n02979186_20937.jpg,90,90,train,2,2,0.9828
n03888257__n03888257_7447.jpg,320,320,train,9,9,1.0
n03028079__n03028079_20957.jpg,500,343,train,4,4,0.9999
n03417042__n03417042_11603.jpg,640,480,train,6,6,0.9999
n03394916__ILSVRC2012_val_00024837.jpg,500,334,train,5,5,0.9973
n03028079__n03028079_24587.jpg,500,375,train,4,4,1.0
n02102040__n02102040_4794.jpg,500,333,train,1,1,1.0
n02979186__n02979186_809.jpg,500,464,train,2,2,0.9999
n03000684__n03000684_20243.jpg,333,500,train,3,3,0.973
n03000684__n03000684_999.jpg,118,76,train,3,3,0.9293
n03425413__n03425413_26258.jpg,500,335,train,7,7,0.9966
n03417042__n03417042_2535.jpg,1280,1024,train,6,6,0.9989
n03028079__n03028079_1475.jpg,341,500,train,4,4,0.9998
n03888257__n03888257_24984.jpg,500,439,train,9,9,0.9996
n03888257__n03888257_20893.jpg,500,333,train,9,9,0.9996
n03000684__n03000684_30989.jpg,399,500,train,3,3,0.9996
n03028079__n03028079_4363.jpg,500,334,train,4,4,0.9997
n02979186__n02979186_3579.jpg,160,133,train,2,2,0.9994
n03445777__n03445777_10376.jpg,500,375,train,8,8,0.9747
n03394916__n03394916_6694.jpg,545,409,train,5,5,1.0
n03888257__n03888257_6503.jpg,500,333,train,9,9,0.9995
n02102040__n02102040_3587.jpg,375,500,train,1,1,0.9893
n03028079__n03028079_63677.jpg,348,500,train,4,4,0.9988
n03888257__n03888257_16778.jpg,500,333,train,9,9,0.9988
n03445777__n03445777_6856.jpg,350,215,train,8,8,0.9998
n03000684__n03000684_293.jpg,500,333,train,3,3,0.9999
n03417042__n03417042_29849.jpg,500,375,train,6,6,0.9979
n03425413__n03425413_20918.jpg,333,500,train,7,7,0.9992
n02979186__n02979186_10027.jpg,500,341,train,2,2,0.997
n02979186__n02979186_5043.jpg,500,333,train,2,2,0.9994
n03394916__n03394916_16324.jpg,400,300,train,5,5,0.9999
n03394916__n03394916_69558.jpg,333,500,train,5,5,0.9997
n03417042__n03417042_3238.jpg,500,334,train,6,6,0.9991
n03425413__n03425413_28327.jpg,453,453,train,7,7,0.8774
n03028079__n03028079_2499.jpg,500,375,train,4,4,0.9993
n03028079__n03028079_11244.jpg,500,500,train,4,4,1.0
n03445777__n03445777_127.jpg,1024,768,train,8,8,1.0
n02102040__n02102040_2209.jpg,400,500,train,1,1,0.9966
n03028079__n03028079_56793.jpg,375,500,train,4,4,1.0
n03445777__n03445777_15019.jpg,240,175,train,8,8,0.9983
n03394916__n03394916_29145.jpg,417,500,train,5,5,1.0
n01440764__n01440764_12817.jpg,250,214,train,0,0,1.0
n02979186__n02979186_10365.jpg,130,119,train,2,2,0.9462
n01440764__n01440764_9893.jpg,557,800,train,0,0,1.0
n02102040__n02102040_83.jpg,500,334,train,1,1,1.0
n03000684__n03000684_13758.jpg,500,375,train,3,3,1.0
n03394916__n03394916_30898.jpg,500,375,train,5,5,0.9996
n01440764__n01440764_6945.jpg,583,438,train,0,0,0.9998
n02979186__n02979186_13543.jpg,500,375,train,2,2,0.9995
n03000684__n03000684_7336.jpg,500,375,train,3,3,1.0
n03394916__n03394916_9783.jpg,500,333,train,5,5,1.0
n03028079__n03028079_80757.jpg,500,375,train,4,4,0.9604
n03425413__n03425413_19747.jpg,333,500,train,7,7,0.9996
n03000684__n03000684_14048.jpg,500,333,train,3,3,0.9984
n02102040__n02102040_2528.jpg,500,376,train,1,1,1.0
n02979186__n02979186_6636.jpg,600,532,train,2,2,0.9742
n03888257__n03888257_13315.jpg,500,333,train,9,9,0.9993
n03425413__n03425413_19719.jpg,333,500,train,7,7,0.9999
n03028079__n03028079_32105.jpg,371,500,train,4,4,1.0
n03888257__n03888257_11697.jpg,500,333,train,9,9,1.0
n03425413__n03425413_21137.jpg,500,333,train,7,7,0.9931
n02102040__n02102040_637.jpg,500,376,train,1,1,1.0
n03417042__ILSVRC2012_val_00021253.jpg,500,378,train,6,6,0.9997
n02102040__n02102040_1305.jpg,640,480,train,1,1,0.664
n02979186__n02979186_15409.jpg,500,500,train,2,2,0.9984
n03445777__n03445777_5743.jpg,500,376,train,8,8,0.9999
n03888257__n03888257_8089.jpg,500,333,train,9,9,0.9998
n02102040__n02102040_7567.jpg,500,375,train,1,1,0.9999
n03417042__n03417042_8439.jpg,700,525,train,6,6,0.9985
n01440764__n01440764_7269.jpg,500,375,train,0,0,1.0
n01440764__n01440764_5163.jpg,400,300,train,0,0,0.9954
n03888257__n03888257_6688.jpg,500,375,train,9,9,0.9999
n03445777__n03445777_6637.jpg,173,262,train,8,8,0.9999
n03394916__n03394916_30297.jpg,382,500,train,5,5,0.9999
n03417042__n03417042_3633.jpg,500,375,train,6,6,0.9999
n03888257__n03888257_18664.jpg,500,375,train,9,9,0.9982
n03445777__n03445777_4398.jpg,215,147,train,8,8,0.9999
n02102040__n02102040_5754.jpg,302,500,train,1,1,1.0
n03445777__n03445777_10633.jpg,274,475,train,8,8,0.9746
n02102040__n02102040_1265.jpg,500,333,train,1,1,1.0
n03417042__n03417042_3406.jpg,500,375,train,6,6,0.3847
n03445777__n03445777_3063.jpg,400,266,train,8,8,0.9999
n02979186__n02979186_4737.jpg,500,384,train,2,2,0.9995
n03425413__n03425413_2594.jpg,500,376,train,7,7,0.9991
n03445777__n03445777_2077.jpg,500,456,train,8,8,1.0
n03028079__n03028079_39509.jpg,500,338,train,4,4,0.9834
n03417042__n03417042_1029.jpg,640,378,train,6,6,0.9994
n03445777__n03445777_3345.jpg,300,225,train,8,8,0.9997
n03028079__n03028079_30503.jpg,500,375,train,4,4,0.9987
n03417042__n03417042_153.jpg,500,375,train,6,6,0.9996
n02979186__ILSVRC2012_val_00031964.jpg,250,250,train,2,2,0.999
n03417042__n03417042_18127.jpg,500,375,train,6,6,0.9999
n02102040__n02102040_1339.jpg,500,500,train,1,1,0.9997
n03417042__n03417042_20489.jpg,590,442,train,6,6,0.9999
n02102040__n02102040_5356.jpg,500,375,train,1,1,1.0
n03425413__n03425413_20557.jpg,375,500,train,7,7,0.9999
n01440764__n01440764_10373.jpg,240,180,train,0,0,1.0
n03417042__n03417042_4095.jpg,500,335,train,6,6,1.0
n03888257__n03888257_34756.jpg,500,407,train,9,9,0.9998
n02979186__n02979186_2338.jpg,460,240,train,2,2,0.9991
n03028079__n03028079_4097.jpg,960,1280,train,4,4,0.9999
n03445777__n03445777_3456.jpg,500,333,train,8,8,0.9995
n02102040__n02102040_3993.jpg,375,500,train,1,1,1.0
n03028079__n03028079_3925.jpg,399,500,train,4,4,0.9999
n03425413__n03425413_24019.jpg,500,334,train,7,7,0.9994
n02979186__n02979186_15703.jpg,500,333,train,2,2,0.987
n02979186__n02979186_21218.jpg,124,73,train,2,2,0.9986
n03028079__n03028079_27577.jpg,320,500,train,4,4,0.9981
n03888257__n03888257_13565.jpg,480,360,train,9,9,0.9999
n02102040__n02102040_3575.jpg,375,500,train,1,1,0.9968
n03417042__n03417042_10289.jpg,500,374,train,6,6,0.9999
n03000684__n03000684_2336.jpg,500,375,train,3,3,0.9792
n03394916__ILSVRC2012_val_00005548.jpg,500,333,train,5,5,0.9997
n03445777__n03445777_2775.jpg,334,224,train,8,8,0.9999
n03445777__n03445777_18428.jpg,500,375,train,8,8,1.0
n03000684__n03000684_649.jpg,375,500,train,3,3,0.9767
n03000684__n03000684_31035.jpg,500,375,train,3,3,0.9959
n01440764__n01440764_8384.jpg,640,480,train,0,0,1.0
n03888257__n03888257_30243.jpg,480,640,train,9,9,1.0
n01440764__n01440764_10029.jpg,500,375,train,0,0,1.0
n03425413__n03425413_6657.jpg,480,640,train,7,7,1.0
n03028079__n03028079_10069.jpg,500,396,train,4,4,0.9993
n02979186__n02979186_14353.jpg,500,375,train,2,2,0.9997
n02979186__n02979186_83.jpg,100,89,train,2,2,0.9903
n03000684__n03000684_859.jpg,500,333,train,3,3,0.9993
n03888257__n03888257_1586.jpg,500,333,train,9,9,0.999
n01440764__n01440764_13436.jpg,500,375,train,0,0,1.0
n03888257__n03888257_904.jpg,315,500,train,9,9,1.0
n02979186__n02979186_27597.jpg,135,100,train,2,2,0.998
n03000684__n03000684_6247.jpg,160,118,train,3,3,0.9998
n03394916__n03394916_21205.jpg,800,450,train,5,5,1.0
n03417042__n03417042_553.jpg,720,520,train,6,6,0.9997
n02979186__n02979186_603.jpg,640,480,train,2,6,0.4718
n02979186__n02979186_5337.jpg,400,300,train,2,2,0.9997
n03888257__n03888257_18023.jpg,500,333,train,9,9,0.9996
n01440764__n01440764_9428.jpg,390,362,train,0,0,0.9999
n03417042__n03417042_6278.jpg,500,281,train,6,6,1.0
n01440764__n01440764_4409.jpg,354,500,train,0,0,1.0
n03028079__n03028079_6645.jpg,500,347,train,4,4,0.9981
n02979186__n02979186_11936.jpg,500,261,train,2,2,0.9998
n03394916__n03394916_54699.jpg,773,1162,train,5,5,1.0
n03028079__n03028079_86329.jpg,375,500,train,4,4,0.9998
n03000684__n03000684_28395.jpg,500,365,train,3,3,0.9328
n03028079__n03028079_4204.jpg,500,341,train,4,4,0.9968
n01440764__n01440764_9563.jpg,500,339,train,0,0,0.9977
n01440764__n01440764_14506.jpg,500,375,train,0,0,1.0
n03888257__n03888257_2267.jpg,176,232,train,9,9,0.9997
n01440764__n01440764_5286.jpg,500,334,train,0,0,1.0
n03000684__n03000684_3123.jpg,333,500,train,3,3,0.9141
n03888257__n03888257_24644.jpg,500,334,train,9,9,0.9999
n03417042__n03417042_27546.jpg,500,375,train,6,6,0.9997
n03417042__n03417042_26437.jpg,1024,768,train,6,6,0.9994
n02979186__n02979186_11864.jpg,300,225,train,2,2,0.9941
n03888257__n03888257_11628.jpg,500,309,train,9,9,0.9994
n03417042__n03417042_7633.jpg,500,375,train,6,6,0.9997
n03425413__n03425413_31505.jpg,500,333,train,7,7,0.8954
n03425413__n03425413_14536.jpg,405,500,train,7,7,1.0
n01440764__n01440764_4478.jpg,660,880,train,0,0,1.0
n03417042__n03417042_13729.jpg,500,335,train,6,6,1.0
n03000684__n03000684_24534.jpg,500,375,train,3,3,0.9998
n03028079__n03028079_37888.jpg,359,500,train,4,4,0.9999
n03888257__n03888257_35969.jpg,500,335,train,9,9,0.9999
n02979186__n02979186_8856.jpg,145,71,train,2,2,0.9998
n02979186__n02979186_20073.jpg,90,90,train,2,2,0.9965
n03888257__n03888257_74946.jpg,500,334,train,9,9,0.9904
n03000684__n03000684_15578.jpg,500,375,train,3,3,0.9982
n02979186__n02979186_11656.jpg,324,500,train,2,2,0.9997
n03445777__n03445777_4354.jpg,500,304,train,8,8,0.9999
n03417042__ILSVRC2012_val_00044976.jpg,500,335,train,6,6,0.9999
n03888257__n03888257_15948.jpg,500,333,train,9,9,0.9998
n03445777__n03445777_2597.jpg,400,400,train,8,8,0.9993
n02102040__n02102040_3759.jpg,500,333,train,1,1,0.9999
n01440764__n01440764_1009.jpg,500,375,train,0,0,1.0
n02102040__n02102040_1027.jpg,500,375,train,1,1,1.0
n03888257__n03888257_39575.jpg,500,332,train,9,9,1.0
n03394916__n03394916_23259.jpg,94,127,train,5,5,1.0
n03028079__n03028079_10494.jpg,500,383,train,4,4,0.999
n03000684__n03000684_2916.jpg,240,219,train,3,3,0.9998
n03000684__n03000684_13014.jpg,375,500,train,3,3,0.9996
n02102040__n02102040_7998.jpg,500,375,train,1,1,1.0
n02979186__n02979186_16253.jpg,500,375,train,2,2,0.9997
n02979186__n02979186_13669.jpg,500,375,train,2,2,0.9997
n03000684__n03000684_16257.jpg,500,458,train,3,3,0.9985
n03000684__n03000684_646.jpg,375,500,train,3,3,0.9978
n03417042__n03417042_18536.jpg,650,488,train,6,6,0.9989
n01440764__n01440764_10307.jpg,371,279,train,0,0,1.0
n02979186__n02979186_15278.jpg,500,375,train,2,2,1.0
n02979186__n02979186_27619.jpg,450,450,train,2,2,0.9997
n03417042__n03417042_6973.jpg,500,375,train,6,6,0.9989
n01440764__n01440764_8479.jpg,600,515,train,0,0,1.0
n03425413__n03425413_21483.jpg,375,500,train,7,7,0.9998
n03000684__n03000684_15775.jpg,375,500,train,3,3,0.9997
n03445777__n03445777_6384.jpg,370,281,train,8,8,0.9874
n01440764__n01440764_6628.jpg,400,300,train,0,0,1.0
n02979186__n02979186_9646.jpg,137,103,train,2,6,0.6586
n03417042__n03417042_14838.jpg,500,375,train,6,6,1.0
n02979186__n02979186_10386.jpg,150,128,train,2,2,0.997
n03000684__n03000684_15196.jpg,400,188,train,3,3,0.9975
n03028079__n03028079_26457.jpg,500,375,train,4,4,0.9999
n03888257__n03888257_30916.jpg,500,333,train,9,9,0.9975
n01440764__n01440764_6174.jpg,717,538,train,0,0,1.0
n03425413__n03425413_20286.jpg,500,375,train,7,7,0.9999
n03000684__n03000684_5469.jpg,500,375,train,3,3,0.8761
n02102040__n02102040_3209.jpg,333,500,train,1,1,0.9999
n03394916__n03394916_42296.jpg,375,500,train,5,5,0.9999
n03028079__n03028079_15188.jpg,596,374,train,4,4,0.9992
n02979186__n02979186_1218.jpg,400,300,train,2,2,1.0
n03417042__n03417042_1716.jpg,500,375,train,6,6,0.9949
n03888257__n03888257_18436.jpg,333,500,train,9,9,0.9997
n03028079__n03028079_9797.jpg,375,500,train,4,4,1.0
n03888257__n03888257_57707.jpg,500,313,train,9,9,0.9992
n01440764__n01440764_5456.jpg,500,375,train,0,0,1.0
n03445777__n03445777_7758.jpg,334,500,train,8,8,1.0
n03000684__n03000684_12284.jpg,500,333,train,3,3,0.9156
n03028079__n03028079_27507.jpg,400,500,train,4,4,0.9999
n03028079__n03028079_42179.jpg,500,323,train,4,4,0.9997
n02102040__n02102040_388.jpg,400,465,train,1,1,0.9516
n02102040__n02102040_1829.jpg,500,333,train,1,1,1.0
n03417042__n03417042_9969.jpg,375,500,train,6,6,0.9994
n03000684__n03000684_12474.jpg,500,375,train,3,3,0.999
n03425413__n03425413_14016.jpg,500,336,train,7,7,0.9997
n03417042__n03417042_5249.jpg,500,375,train,6,6,0.9965
n03888257__n03888257_8334.jpg,500,357,train,9,9,0.9999
n03028079__n03028079_10449.jpg,500,386,train,4,4,0.9999
n03394916__n03394916_30943.jpg,500,375,train,5,5,0.9998
n03394916__n03394916_53334.jpg,599,613,train,5,5,0.9996
n02979186__n02979186_5404.jpg,500,375,train,2,2,0.9803
n03028079__n03028079_3314.jpg,500,358,train,4,4,0.9781
n01440764__n01440764_7846.jpg,500,375,train,0,0,1.0
n03888257__n03888257_20903.jpg,500,359,train,9,9,0.9999
n03888257__n03888257_4905.jpg,533,400,train,9,9,0.9997
n03888257__n03888257_21154.jpg,500,333,train,9,9,0.9946
n03425413__n03425413_19097.jpg,400,500,train,7,7,0.9882
n03425413__n03425413_16097.jpg,375,500,train,7,7,0.703
n02102040__n02102040_3397.jpg,500,422,train,1,1,1.0
n02102040__n02102040_4295.jpg,500,400,train,1,1,1.0
n03394916__n03394916_47077.jpg,333,500,train,5,5,0.9898
n03425413__n03425413_20016.jpg,375,500,train,7,7,0.9998
n03888257__n03888257_68897.jpg,333,500,train,9,9,0.9818
n02979186__n02979186_12259.jpg,800,800,train,2,2,0.9983
n03425413__n03425413_14665.jpg,375,500,train,7,7,0.998
n03417042__n03417042_26843.jpg,500,375,train,6,6,0.9968
n02102040__n02102040_859.jpg,375,500,train,1,1,1.0
n03888257__n03888257_1446.jpg,582,293,train,9,9,0.9488
n02102040__n02102040_3115.jpg,500,375,train,1,1,0.9978
n03425413__ILSVRC2012_val_00024806.jpg,375,500,train,7,7,0.9997
n03394916__n03394916_42314.jpg,352,500,train,5,5,0.9983
n03028079__n03028079_3159.jpg,500,375,train,4,4,0.9999
n03000684__ILSVRC2012_val_00046764.jpg,331,500,train,3,2,0.7477
n02102040__n02102040_3255.jpg,493,614,train,1,1,1.0
n01440764__n01440764_9504.jpg,425,319,train,0,0,1.0
n03028079__n03028079_12233.jpg,376,500,train,4,4,0.9997
n03394916__n03394916_2935.jpg,400,501,train,5,5,1.0
n03417042__n03417042_3656.jpg,160,107,train,6,6,0.9999
n03028079__n03028079_7246.jpg,424,500,train,4,4,0.9998
n02979186__ILSVRC2012_val_00009404.jpg,600,413,train,2,2,0.9993
n03000684__n03000684_6874.jpg,500,375,train,3,3,0.9744
n02102040__n02102040_4026.jpg,500,333,train,1,1,1.0
n03888257__n03888257_71113.jpg,500,333,train,9,9,0.9996
n03445777__n03445777_24.jpg,215,193,train,8,8,0.9998
n02102040__n02102040_3637.jpg,500,333,train,1,1,1.0
n03417042__n03417042_14525.jpg,577,332,train,6,6,1.0
n03445777__n03445777_9976.jpg,150,150,train,8,8,0.9988
n03417042__n03417042_22973.jpg,500,376,train,6,6,0.9822
n01440764__n01440764_6816.jpg,3264,2448,train,0,0,1.0
n03028079__n03028079_198.jpg,327,500,train,4,4,0.9996
n03425413__n03425413_10128.jpg,375,500,train,7,7,0.9993
n03445777__n03445777_16895.jpg,400,300,train,8,8,1.0
n03417042__n03417042_5886.jpg,439,500,train,6,6,0.9705
n02979186__n02979186_678.jpg,125,100,train,2,7,0.3911
n03888257__ILSVRC2012_val_00013527.jpg,500,475,train,9,9,0.9995
n01440764__n01440764_6647.jpg,176,230,train,0,0,0.9993
n03417042__n03417042_2103.jpg,500,375,train,6,6,0.9999
n03888257__n03888257_19095.jpg,404,350,train,9,9,0.9886
n03417042__ILSVRC2012_val_00034078.jpg,500,375,train,6,6,0.9976
n01440764__n01440764_8504.jpg,200,154,train,0,0,1.0
n03028079__n03028079_2836.jpg,448,480,train,4,4,0.9998
n03394916__n03394916_27838.jpg,333,500,train,5,5,0.9996
n03445777__n03445777_95.jpg,1892,2048,train,8,8,0.9997
n03888257__n03888257_50108.jpg,500,354,train,9,9,0.9999
n01440764__n01440764_6936.jpg,369,276,train,0,0,1.0
n01440764__n01440764_14005.jpg,320,293,train,0,0,1.0
n03394916__n03394916_8019.jpg,343,400,train,5,5,1.0
n03417042__n03417042_1469.jpg,579,431,train,6,6,0.9998
n03417042__n03417042_3796.jpg,500,338,train,6,6,0.999
n02102040__n02102040_4209.jpg,500,358,train,1,1,0.9999
n03000684__n03000684_13836.jpg,96,63,train,3,3,0.9961
n01440764__n01440764_8067.jpg,320,241,train,0,0,0.9999
n02979186__n02979186_11695.jpg,270,270,train,2,2,0.9732
n02102040__n02102040_2864.jpg,500,339,train,1,1,1.0
n03425413__n03425413_3416.jpg,514,950,train,7,7,0.9998
n03445777__n03445777_3299.jpg,300,297,train,8,8,0.9998
n03445777__n03445777_828.jpg,500,375,train,8,8,1.0
n03394916__n03394916_31354.jpg,500,360,train,5,5,0.9999
n03417042__n03417042_1176.jpg,172,130,train,6,6,1.0
n03445777__n03445777_3755.jpg,391,500,train,8,8,0.9899
n03888257__n03888257_4348.jpg,500,333,train,9,9,0.9323
n02979186__n02979186_13764.jpg,192,240,train,2,2,0.9798
n03425413__n03425413_16809.jpg,375,500,train,7,7,0.9437
n03425413__n03425413_14755.jpg,375,500,train,7,7,0.9785
n03000684__n03000684_11368.jpg,500,375,train,3,3,0.9428
n03394916__n03394916_427.jpg,385,557,train,5,5,1.0
n03000684__n03000684_1148.jpg,400,294,train,3,3,0.9686
n03425413__n03425413_14244.jpg,500,375,train,7,7,0.9998
n01440764__n01440764_8334.jpg,400,285,train,0,0,0.9994
n02979186__n02979186_11524.jpg,271,200,train,2,2,0.9891
n02979186__n02979186_9858.jpg,100,157,train,2,7,0.536
n03028079__n03028079_4086.jpg,500,478,train,4,4,0.9995
n03000684__n03000684_22896.jpg,500,332,train,3,3,1.0
n01440764__n01440764_1154.jpg,334,250,train,0,0,1.0
n01440764__n01440764_9799.jpg,386,554,train,0,0,0.9996
n01440764__n01440764_13495.jpg,200,286,train,0,0,1.0
n01440764__n01440764_4726.jpg,500,396,train,0,0,0.9912
n03425413__n03425413_16468.jpg,375,500,train,7,7,0.9993
n03888257__n03888257_9529.jpg,500,356,train,9,9,0.9999
n02979186__n02979186_11447.jpg,500,333,train,2,2,0.9999
n03445777__n03445777_19159.jpg,500,334,train,8,8,1.0
n03888257__ILSVRC2012_val_00002508.jpg,438,500,train,9,9,0.9944
n01440764__n01440764_14435.jpg,300,221,train,0,0,1.0
n02102040__n02102040_2377.jpg,2272,1704,train,1,1,1.0
n03028079__n03028079_29983.jpg,500,389,train,4,4,0.9999
n03394916__n03394916_31534.jpg,500,334,train,5,5,0.992
n03394916__n03394916_35343.jpg,375,500,train,5,5,0.9997
n03028079__n03028079_26859.jpg,500,328,train,4,4,0.9993
n03425413__n03425413_7656.jpg,500,375,train,7,7,0.9999
n03000684__n03000684_4989.jpg,819,321,train,3,3,0.9999
n03425413__n03425413_15395.jpg,334,500,train,7,7,0.9999
n03425413__n03425413_16864.jpg,333,500,train,7,7,1.0
n03028079__n03028079_994.jpg,500,341,train,4,4,0.9994
n01440764__ILSVRC2012_val_00025527.jpg,500,375,train,0,0,1.0
n03417042__n03417042_29419.jpg,500,375,train,6,6,0.996
n03000684__n03000684_11019.jpg,384,500,train,3,3,0.9989
n01440764__n01440764_3308.jpg,600,287,train,0,0,0.9999
n03000684__n03000684_33898.jpg,474,442,train,3,3,0.9948
n03417042__ILSVRC2012_val_00006234.jpg,500,335,train,6,6,1.0
n03028079__n03028079_4953.jpg,500,400,train,4,4,0.9997
n03028079__n03028079_4794.jpg,375,500,train,4,4,0.9996
n03028079__n03028079_13774.jpg,500,333,train,4,4,0.9999
n03425413__n03425413_16458.jpg,500,375,train,7,7,0.9996
n02979186__n02979186_21139.jpg,111,111,train,2,2,0.9924
n02979186__n02979186_10895.jpg,500,304,train,2,2,0.9993
n03445777__n03445777_3939.jpg,500,334,train,8,8,0.9996
n02979186__n02979186_25179.jpg,500,332,train,2,2,0.9998
n03417042__n03417042_17099.jpg,500,375,train,6,6,1.0
n02102040__n02102040_6298.jpg,500,333,train,1,1,0.9996
n02102040__n02102040_726.jpg,500,334,train,1,1,0.9969
n03417042__n03417042_10229.jpg,425,280,train,6,6,1.0
n03425413__n03425413_8003.jpg,336,575,train,7,7,0.9999
n02102040__n02102040_2883.jpg,500,333,train,1,1,0.9519
n03425413__n03425413_17114.jpg,335,500,train,7,7,0.9999
n02102040__n02102040_1157.jpg,375,500,train,1,1,1.0
n02979186__n02979186_15305.jpg,500,375,train,2,2,1.0
n03445777__n03445777_2963.jpg,640,480,train,8,8,1.0
n02979186__n02979186_11918.jpg,400,270,train,2,2,0.9991
n03417042__n03417042_16737.jpg,500,374,train,6,6,1.0
n01440764__n01440764_5993.jpg,360,480,train,0,0,1.0
n03888257__n03888257_10044.jpg,375,500,train,9,9,0.7728
n01440764__n01440764_3725.jpg,500,375,train,0,0,1.0
n01440764__n01440764_10878.jpg,500,337,train,0,0,1.0
n02979186__n02979186_6758.jpg,272,173,train,2,2,0.9909
n03028079__n03028079_46908.jpg,500,375,train,4,4,0.9995
n01440764__n01440764_8613.jpg,640,480,train,0,0,0.9999
n03417042__n03417042_13223.jpg,500,375,train,6,6,0.9906
n03394916__ILSVRC2012_val_00048507.jpg,500,384,train,5,5,1.0
n02102040__n02102040_954.jpg,1127,569,train,1,1,0.9994
n03028079__n03028079_12426.jpg,500,401,train,4,4,0.9993
n03394916__n03394916_30697.jpg,500,375,train,5,5,0.9984
n03445777__n03445777_7184.jpg,500,375,train,8,8,0.9999
n03000684__n03000684_26247.jpg,383,478,train,3,3,0.9945
n02102040__n02102040_7898.jpg,500,357,train,1,1,1.0
n03394916__n03394916_60793.jpg,1378,839,train,5,5,1.0
n03000684__n03000684_11098.jpg,500,375,train,3,3,0.9974
n03445777__n03445777_2955.jpg,375,500,train,8,8,0.9999
n01440764__n01440764_459.jpg,500,375,train,0,0,1.0
n03888257__n03888257_6265.jpg,209,241,train,9,9,0.9997
n02979186__n02979186_8025.jpg,500,375,train,2,2,1.0
n03888257__n03888257_2103.jpg,1800,1200,train,9,9,0.9999
n01440764__n01440764_6275.jpg,640,480,train,0,0,1.0
n03394916__n03394916_37436.jpg,500,328,train,5,5,0.999
n03028079__n03028079_2759.jpg,360,270,train,4,4,0.9999
n03000684__n03000684_15096.jpg,320,240,train,3,3,0.9998
n03417042__n03417042_5024.jpg,400,300,train,6,6,0.9993
n03417042__n03417042_23784.jpg,640,480,train,6,6,0.9988
n02102040__ILSVRC2012_val_00010994.jpg,500,375,train,1,1,0.9999
n01440764__n01440764_7304.jpg,1024,768,train,0,0,1.0
n03888257__n03888257_15486.jpg,500,333,train,9,9,0.9928
n03417042__n03417042_4173.jpg,500,350,train,6,6,0.9855
n03417042__n03417042_20158.jpg,500,375,train,6,6,1.0
n01440764__n01440764_10845.jpg,500,374,train,0,0,0.9997
n03445777__n03445777_1668.jpg,500,333,train,8,8,0.9999
n03028079__n03028079_10357.jpg,500,375,train,4,4,0.9961
n03028079__n03028079_27106.jpg,330,500,train,4,4,0.9996
n03000684__n03000684_7143.jpg,376,500,train,3,3,0.9841
n03417042__n03417042_9829.jpg,945,626,train,6,6,0.9994
n03000684__n03000684_1466.jpg,333,500,train,3,2,0.8913
n03425413__n03425413_14279.jpg,375,500,train,7,7,0.9998
n03394916__n03394916_38514.jpg,500,375,train,5,5,0.6502
n02979186__n02979186_7505.jpg,280,280,train,2,2,0.9999
n01440764__n01440764_39.jpg,500,334,train,0,0,0.9988
n03417042__n03417042_20133.jpg,500,375,train,6,6,1.0
n03425413__n03425413_9236.jpg,500,375,train,7,7,0.9998
n03425413__n03425413_21695.jpg,375,500,train,7,7,1.0
n03028079__n03028079_27545.jpg,332,500,train,4,4,0.9997
n03425413__n03425413_14826.jpg,500,375,train,7,7,0.9996
n02979186__n02979186_24829.jpg,580,315,train,2,2,0.9985
n03888257__n03888257_24043.jpg,383,500,train,9,9,0.9999
n03394916__n03394916_44395.jpg,375,500,train,5,5,0.9996
n02102040__n02102040_1419.jpg,500,358,train,1,1,0.9944
n03445777__n03445777_424.jpg,500,375,train,8,8,1.0
n03888257__n03888257_8423.jpg,500,399,train,9,9,0.9962
n03425413__n03425413_6779.jpg,500,333,train,7,7,0.9915
n03417042__n03417042_13806.jpg,500,330,train,6,6,1.0
n03417042__ILSVRC2012_val_00013958.jpg,500,375,train,6,6,0.9963
n02979186__n02979186_6137.jpg,500,375,train,2,2,0.9998
n03028079__n03028079_16583.jpg,500,388,train,4,4,0.9992
n03000684__n03000684_11849.jpg,400,153,train,3,3,0.9966
n03000684__n03000684_28363.jpg,500,375,train,3,3,0.9979
n03425413__n03425413_14904.jpg,374,500,train,7,7,1.0
n03028079__n03028079_75704.jpg,375,500,train,4,4,0.9998
n03425413__n03425413_8394.jpg,324,300,train,7,7,1.0
n03394916__ILSVRC2012_val_00038727.jpg,500,334,train,5,5,1.0
n03445777__n03445777_10129.jpg,333,500,train,8,9,0.3155
n03394916__n03394916_35748.jpg,500,375,train,5,5,1.0
n03028079__n03028079_3375.jpg,375,500,train,4,4,0.9581
n02979186__n02979186_3306.jpg,333,500,train,2,2,0.996
n03417042__n03417042_2909.jpg,500,284,train,6,6,1.0
n03000684__n03000684_5709.jpg,500,333,train,3,3,0.9998
n02102040__n02102040_1079.jpg,500,335,train,1,1,1.0
n03394916__n03394916_37715.jpg,500,375,train,5,5,0.9987
n03028079__n03028079_29714.jpg,500,332,train,4,4,0.9972
n03417042__n03417042_2159.jpg,500,315,train,6,6,0.9993
n03417042__n03417042_4357.jpg,447,403,train,6,6,0.9973
n03028079__ILSVRC2012_val_00006268.jpg,383,500,train,4,4,0.9998
n03417042__n03417042_15124.jpg,456,342,train,6,6,1.0
n03445777__ILSVRC2012_val_00008599.jpg,640,480,train,8,8,0.9971
n03394916__n03394916_53473.jpg,773,1162,train,5,5,1.0
n03425413__n03425413_7298.jpg,550,403,train,7,7,0.9996
n02979186__n02979186_11976.jpg,400,300,train,2,2,0.9999
n03888257__n03888257_73265.jpg,340,500,train,9,9,0.9994
n03000684__n03000684_5176.jpg,409,500,train,3,3,0.9973
n03888257__n03888257_33739.jpg,500,467,train,9,9,0.9996
n03425413__n03425413_15379.jpg,333,500,train,7,7,0.9999
n03445777__n03445777_6388.jpg,500,500,train,8,8,1.0
n03028079__n03028079_41474.jpg,342,500,train,4,4,0.6513
n03417042__n03417042_2143.jpg,500,375,train,6,6,0.999
n03425413__n03425413_14214.jpg,375,500,train,7,7,0.9998
n03425413__n03425413_21134.jpg,500,375,train,7,7,0.9999
n02979186__n02979186_16193.jpg,500,375,train,2,2,1.0
n03445777__n03445777_5996.jpg,500,440,train,8,8,0.9998
n03445777__n03445777_14457.jpg,270,149,train,8,8,0.9995
n03417042__n03417042_5843.jpg,500,392,train,6,6,0.9918
n03888257__n03888257_2924.jpg,500,342,train,9,9,0.9999
n03425413__n03425413_9453.jpg,375,500,train,7,7,0.9995
n03028079__n03028079_12133.jpg,500,375,train,4,4,0.9996
n03028079__n03028079_69.jpg,600,450,train,4,4,1.0
n03000684__n03000684_8985.jpg,101,45,train,3,3,0.9994
n03417042__n03417042_28794.jpg,500,381,train,6,6,0.9959
n02979186__n02979186_495.jpg,200,150,train,2,2,0.9996
n02979186__n02979186_2049.jpg,175,127,train,2,2,1.0
n03445777__n03445777_1866.jpg,500,333,train,8,8,0.9998
n02979186__n02979186_9688.jpg,500,441,train,2,2,0.9942
n03028079__n03028079_10515.jpg,500,365,train,4,4,0.9998
n03394916__n03394916_28926.jpg,500,375,train,5,5,0.9997
n03888257__n03888257_44074.jpg,500,333,train,9,9,0.9983
n03028079__n03028079_3905.jpg,500,375,train,4,4,1.0
n03394916__n03394916_38208.jpg,500,375,train,5,5,0.9565
n03417042__n03417042_8996.jpg,323,500,train,6,6,0.9978
n03888257__n03888257_9983.jpg,720,1035,train,9,9,0.9998
n03417042__n03417042_17513.jpg,500,314,train,6,6,1.0
n02979186__n02979186_1724.jpg,1115,707,train,2,2,0.9967
n03028079__n03028079_15417.jpg,344,500,train,4,4,0.9995
n02102040__n02102040_5553.jpg,2048,1536,train,1,1,1.0
n03888257__n03888257_11584.jpg,500,333,train,9,9,0.9991
n03888257__n03888257_5404.jpg,500,375,train,9,9,0.9999
n02979186__n02979186_11396.jpg,280,280,train,2,2,0.9973
n03000684__n03000684_13356.jpg,500,375,train,3,3,0.9748
n01440764__n01440764_1973.jpg,800,531,train,0,0,1.0
n03445777__n03445777_8007.jpg,500,396,train,8,8,0.9995
n01440764__n01440764_4517.jpg,500,412,train,0,0,1.0
n03425413__n03425413_6978.jpg,500,375,train,7,7,0.9073
n03425413__n03425413_12915.jpg,375,500,train,7,7,0.9995
n02102040__n02102040_2825.jpg,500,333,train,1,1,0.9999
n03425413__n03425413_24734.jpg,500,337,train,7,7,0.9982
n03445777__n03445777_759.jpg,270,360,train,8,8,0.9999
n03394916__n03394916_59764.jpg,500,303,train,5,5,0.9998
n03445777__n03445777_16256.jpg,283,274,train,8,8,0.9997
n03445777__n03445777_6807.jpg,500,338,train,8,8,0.9498
n03394916__n03394916_15175.jpg,507,768,train,5,5,0.9868
n01440764__n01440764_10543.jpg,640,853,train,0,0,0.9996
n02979186__n02979186_11957.jpg,500,333,train,2,2,0.8883
n03394916__n03394916_36407.jpg,500,333,train,5,5,1.0
n03394916__n03394916_72537.jpg,500,334,train,5,5,0.9932
n02102040__n02102040_2585.jpg,333,500,train,1,1,1.0
n03417042__n03417042_189.jpg,1024,768,train,6,6,1.0
n03028079__n03028079_9969.jpg,780,344,train,4,4,0.9993
n03445777__n03445777_3023.jpg,500,484,train,8,8,0.9995
n03028079__n03028079_8968.jpg,500,500,train,4,4,0.9999
n02979186__n02979186_2608.jpg,400,249,train,2,2,0.9978
n02979186__n02979186_1658.jpg,1280,960,train,2,2,0.9912
n03888257__n03888257_33668.jpg,500,327,train,9,9,0.9998
n03000684__n03000684_31833.jpg,500,335,train,3,3,0.9998
n02979186__n02979186_15046.jpg,500,375,train,2,2,0.9999
n03888257__n03888257_23937.jpg,536,762,train,9,9,0.9999
n02102040__n02102040_959.jpg,500,393,train,1,1,0.9999
n01440764__n01440764_7629.jpg,294,132,train,0,0,0.9936
n01440764__n01440764_22277.jpg,500,329,train,0,0,1.0
n03888257__n03888257_17619.jpg,801,599,train,9,9,0.9997
n02979186__n02979186_844.jpg,280,280,train,2,2,0.9965
n03888257__n03888257_69263.jpg,332,500,train,9,9,0.9999
n01440764__n01440764_12708.jpg,375,500,train,0,0,1.0
n03888257__n03888257_18725.jpg,500,319,train,9,9,0.9991
n03425413__n03425413_8428.jpg,1536,1024,train,7,7,0.9995
n03445777__n03445777_585.jpg,333,500,train,8,8,0.9999
n03425413__n03425413_29238.jpg,640,480,train,7,7,0.9999
n01440764__n01440764_5213.jpg,297,500,train,0,0,0.9997
n01440764__n01440764_14639.jpg,500,333,train,0,0,1.0
n03445777__n03445777_6134.jpg,500,400,train,8,3,0.3199
n03425413__n03425413_12984.jpg,500,375,train,7,7,0.9954
n03445777__n03445777_10425.jpg,500,332,train,8,8,0.9988
n02979186__n02979186_13424.jpg,500,375,train,2,2,0.9993
n03445777__n03445777_5804.jpg,220,280,train,8,8,0.9978
n03888257__n03888257_38025.jpg,500,334,train,9,9,0.9768
n03445777__n03445777_17789.jpg,500,332,train,8,8,0.9999
n03028079__n03028079_14604.jpg,600,506,train,4,4,0.9999
n01440764__n01440764_30985.jpg,500,334,train,0,0,1.0
n03028079__n03028079_31686.jpg,387,500,train,4,4,0.9997
n03425413__n03425413_8248.jpg,500,500,train,7,7,0.9997
n02979186__n02979186_7354.jpg,640,480,train,2,2,1.0
n03425413__n03425413_11673.jpg,287,418,train,7,7,0.998
n03028079__n03028079_4414.jpg,500,375,train,4,4,0.9985
n02102040__n02102040_5408.jpg,648,740,train,1,1,0.9864
n01440764__n01440764_31518.jpg,431,287,train,0,0,0.9999
n03417042__n03417042_18705.jpg,551,413,train,6,6,0.9985
n02102040__n02102040_1077.jpg,500,337,train,1,1,1.0
n03028079__n03028079_176.jpg,500,483,train,4,4,0.9997
n03028079__n03028079_120764.jpg,500,355,train,4,4,0.993
n02979186__n02979186_14258.jpg,500,375,train,2,2,0.9999
n03888257__n03888257_5565.jpg,394,539,train,9,9,0.9815
n03425413__n03425413_19416.jpg,333,500,train,7,7,0.9998
n01440764__n01440764_1703.jpg,500,375,train,0,0,0.9999
n03028079__n03028079_28954.jpg,500,375,train,4,4,0.9991
n03417042__n03417042_2563.jpg,500,375,train,6,6,1.0
n03425413__n03425413_245.jpg,545,636,train,7,7,0.9978
n03888257__n03888257_3669.jpg,400,400,train,9,9,0.9988
n03028079__n03028079_3264.jpg,351,500,train,4,4,0.9995
n02979186__n02979186_12008.jpg,275,267,train,2,2,0.9967
n03425413__n03425413_25387.jpg,640,480,train,7,7,0.9985
n01440764__n01440764_4058.jpg,500,375,train,0,0,1.0
n03394916__n03394916_39769.jpg,500,375,train,5,5,1.0
n03028079__n03028079_3804.jpg,500,375,train,4,4,0.9999
n03888257__n03888257_18464.jpg,1000,667,train,9,9,0.9995
n03425413__n03425413_9659.jpg,444,600,train,7,7,0.997
n03425413__n03425413_14877.jpg,500,375,train,7,7,0.9967
n03425413__n03425413_1829.jpg,500,375,train,7,7,0.9984
n03000684__n03000684_8393.jpg,500,375,train,3,3,0.9929
n02102040__n02102040_3918.jpg,500,375,train,1,1,0.9995
n01440764__ILSVRC2012_val_00048969.jpg,490,500,train,0,0,1.0
n03028079__n03028079_2908.jpg,500,333,train,4,4,0.7929
n02979186__n02979186_3656.jpg,400,300,train,2,2,0.9985
n01440764__n01440764_5477.jpg,563,425,train,0,0,0.9999
n01440764__n01440764_8688.jpg,195,159,train,0,0,1.0
n03394916__n03394916_36774.jpg,500,334,train,5,5,0.9997
n01440764__n01440764_10756.jpg,600,452,train,0,0,1.0
n03394916__n03394916_34333.jpg,500,375,train,5,5,0.9919
n02102040__n02102040_1834.jpg,500,333,train,1,1,1.0
n03394916__n03394916_36535.jpg,500,333,train,5,5,0.9929
n03425413__n03425413_14756.jpg,500,499,train,7,7,0.9998
n03000684__n03000684_27164.jpg,281,500,train,3,3,1.0
n01440764__n01440764_833.jpg,400,300,train,0,0,1.0
n03445777__n03445777_8628.jpg,375,500,train,8,8,0.9996
n03000684__n03000684_927.jpg,307,500,train,3,3,1.0
n02979186__n02979186_9284.jpg,463,347,train,2,2,0.894
n03000684__n03000684_17606.jpg,259,500,train,3,2,0.663
n02979186__n02979186_5495.jpg,409,103,train,2,2,0.9943
n02979186__n02979186_2119.jpg,114,114,train,2,3,0.5027
n01440764__n01440764_3048.jpg,400,276,train,0,0,0.9998
n01440764__n01440764_12178.jpg,288,216,train,0,0,1.0
n03000684__n03000684_13738.jpg,150,121,train,3,3,0.9991
n03028079__n03028079_4727.jpg,500,332,train,4,4,0.9995
n03425413__n03425413_2103.jpg,300,510,train,7,7,0.9988
n02102040__n02102040_939.jpg,500,333,train,1,1,1.0
n03028079__n03028079_6373.jpg,748,531,train,4,4,0.9996
n03417042__n03417042_10594.jpg,500,375,train,6,6,1.0
n03417042__n03417042_13635.jpg,500,375,train,6,6,0.9997
n03425413__n03425413_1477.jpg,375,500,train,7,7,0.9799
n03417042__n03417042_11165.jpg,500,476,train,6,6,1.0
n03888257__n03888257_11699.jpg,500,333,train,9,9,0.9988
n03394916__n03394916_33137.jpg,500,339,train,5,5,0.9997
n03028079__n03028079_30375.jpg,375,500,train,4,4,0.9987
n03000684__n03000684_1934.jpg,200,150,train,3,3,0.9986
n01440764__n01440764_11668.jpg,290,308,train,0,0,0.9998
n03394916__n03394916_37365.jpg,500,333,train,5,5,1.0
n03000684__n03000684_19025.jpg,350,120,train,3,3,0.9995
n03888257__n03888257_18356.jpg,550,577,train,9,9,0.9976
n03394916__n03394916_51543.jpg,700,519,train,5,5,1.0
n02102040__n02102040_825.jpg,500,446,train,1,1,0.9988
n03445777__n03445777_5218.jpg,388,105,train,8,8,0.9985
n03445777__n03445777_9236.jpg,500,375,train,8,8,0.9984
n02102040__n02102040_1244.jpg,376,500,train,1,1,1.0
n03445777__n03445777_18613.jpg,250,250,train,8,8,1.0
n03888257__n03888257_28865.jpg,500,375,train,9,9,0.9141
n03445777__n03445777_10127.jpg,500,375,train,8,8,0.9997
n03394916__n03394916_35274.jpg,333,500,train,5,5,0.9982
n03000684__n03000684_10413.jpg,1078,1084,train,3,3,1.0
n02102040__n02102040_6009.jpg,640,480,train,1,1,1.0
n03028079__n03028079_86729.jpg,500,349,train,4,4,0.9998
n03417042__n03417042_21788.jpg,500,375,train,6,6,0.9999
n01440764__n01440764_11816.jpg,500,375,train,0,0,1.0
n03028079__n03028079_6988.jpg,375,500,train,4,4,0.9998
n03028079__n03028079_8016.jpg,500,364,train,4,4,0.9988
n02979186__n02979186_26997.jpg,500,305,train,2,2,0.9991
n03417042__n03417042_5186.jpg,1000,1000,train,6,6,0.9999
n03888257__n03888257_27624.jpg,500,333,train,9,9,0.7045
n03394916__n03394916_34306.jpg,500,376,train,5,5,0.9999
n03394916__n03394916_3093.jpg,640,426,train,5,5,1.0
n02979186__n02979186_5638.jpg,1034,982,train,2,2,0.9996
n03000684__n03000684_12913.jpg,333,500,train,3,3,0.9864
n03028079__ILSVRC2012_val_00033509.jpg,500,497,train,4,4,0.9998
n02102040__n02102040_1036.jpg,500,413,train,1,1,0.9864
n02979186__n02979186_9328.jpg,437,357,train,2,2,0.9999
n03425413__n03425413_1854.jpg,320,240,train,7,7,0.9992
n03417042__ILSVRC2012_val_00012925.jpg,500,375,train,6,6,1.0
n03425413__n03425413_15057.jpg,500,375,train,7,7,0.9574
n03417042__n03417042_17215.jpg,500,375,train,6,6,1.0
n03445777__n03445777_6016.jpg,500,386,train,8,8,0.9999
n03394916__n03394916_55505.jpg,332,500,train,5,5,1.0
n02102040__n02102040_7256.jpg,500,334,train,1,1,1.0
n03394916__n03394916_59176.jpg,1162,773,train,5,5,1.0
n02102040__n02102040_1346.jpg,376,500,train,1,1,1.0
n03417042__n03417042_18116.jpg,500,375,train,6,6,0.999
n02979186__n02979186_6218.jpg,200,150,train,2,2,0.9999
n03417042__n03417042_9935.jpg,332,500,train,6,6,0.9982
n03425413__n03425413_20836.jpg,500,375,train,7,7,0.9999
n03445777__n03445777_1838.jpg,500,375,train,8,8,0.9997
n03028079__n03028079_26673.jpg,500,375,train,4,4,0.9999
n03000684__n03000684_16635.jpg,500,375,train,3,3,0.9998
n03028079__n03028079_37199.jpg,344,500,train,4,4,0.9983
n03417042__n03417042_3466.jpg,375,500,train,6,6,0.9999
n01440764__n01440764_8077.jpg,235,176,train,0,0,0.9808
n03425413__n03425413_19225.jpg,500,375,train,7,7,0.9278
n01440764__n01440764_5698.jpg,200,150,train,0,0,1.0
n02979186__n02979186_6203.jpg,500,375,train,2,2,1.0
n01440764__n01440764_467.jpg,500,375,train,0,0,1.0
n02979186__n02979186_17848.jpg,90,90,train,2,2,0.9997
n03394916__n03394916_29177.jpg,375,500,train,5,5,0.8581
n03394916__n03394916_40519.jpg,500,375,train,5,5,1.0
n02102040__n02102040_1276.jpg,500,334,train,1,1,1.0
n03425413__n03425413_20786.jpg,399,500,train,7,7,0.9996
n03394916__n03394916_44724.jpg,500,390,train,5,5,0.9993
n01440764__n01440764_7787.jpg,400,300,train,0,0,1.0
n03445777__n03445777_5216.jpg,400,353,train,8,8,0.9999
n03425413__n03425413_12743.jpg,375,500,train,7,7,0.9646
n02979186__ILSVRC2012_val_00009833.jpg,416,299,train,2,2,0.9991
n03417042__n03417042_11527.jpg,500,375,train,6,6,0.998
n03028079__n03028079_20888.jpg,500,350,train,4,4,0.9998
n03028079__n03028079_577.jpg,500,333,train,4,4,0.9998
n02979186__ILSVRC2012_val_00042648.jpg,500,375,train,2,2,0.9999
n03888257__n03888257_7793.jpg,500,333,train,9,5,0.5151
n03888257__n03888257_15777.jpg,391,500,train,9,9,0.9999
n01440764__n01440764_27339.jpg,240,180,train,0,0,1.0
n03445777__n03445777_13918.jpg,160,191,train,8,8,0.9998
n03028079__n03028079_93165.jpg,500,354,train,4,4,0.9973
n03445777__n03445777_4047.jpg,500,292,train,8,8,0.9999
n03000684__n03000684_13615.jpg,100,84,train,3,3,0.9999
n03888257__n03888257_20025.jpg,500,375,train,9,9,0.9959
n03028079__n03028079_5484.jpg,337,500,train,4,4,0.9996
n03888257__ILSVRC2012_val_00011324.jpg,500,375,train,9,9,0.9999
n03000684__n03000684_5543.jpg,441,410,train,3,3,0.9974
n02102040__n02102040_7183.jpg,500,375,train,1,1,1.0
n03417042__n03417042_12019.jpg,500,375,train,6,6,0.9999
n03417042__n03417042_3264.jpg,333,500,train,6,4,0.7318
n03445777__n03445777_2059.jpg,240,160,train,8,8,0.9998
n03000684__n03000684_9328.jpg,500,375,train,3,7,0.5888
n02979186__n02979186_3328.jpg,300,184,train,2,2,1.0
n03425413__n03425413_13293.jpg,500,338,train,7,7,0.9999
n03445777__n03445777_5594.jpg,230,230,train,8,8,0.9998
n03394916__n03394916_28673.jpg,465,350,train,5,5,0.8738
n02979186__n02979186_3603.jpg,125,88,train,2,2,0.9995
n02979186__n02979186_23577.jpg,111,111,train,2,2,0.9965
n03028079__n03028079_8815.jpg,640,480,train,4,4,0.9994
n03425413__n03425413_416.jpg,400,533,train,7,7,0.9961
n03417042__n03417042_7287.jpg,500,371,train,6,6,0.9999
n03000684__n03000684_2886.jpg,500,375,train,3,3,0.9453
n03888257__n03888257_9874.jpg,323,500,train,9,9,0.9999
n03445777__n03445777_8048.jpg,500,375,train,8,8,1.0
n03425413__n03425413_11123.jpg,500,375,train,7,7,0.9918
n02102040__n02102040_933.jpg,500,375,train,1,1,0.9999
n02102040__n02102040_4027.jpg,500,374,train,1,1,1.0
n02979186__n02979186_449.jpg,400,283,train,2,2,1.0
n03000684__n03000684_31936.jpg,500,375,train,3,3,0.9996
n01440764__n01440764_12339.jpg,500,375,train,0,0,1.0
n03445777__n03445777_3507.jpg,300,250,train,8,8,0.998
n03417042__n03417042_29267.jpg,500,375,train,6,6,1.0
n03394916__n03394916_19905.jpg,267,275,train,5,5,0.9998
n03394916__n03394916_57299.jpg,500,353,train,5,5,0.9985
n03888257__ILSVRC2012_val_00026575.jpg,500,457,train,9,9,0.9999
n01440764__n01440764_5908.jpg,500,375,train,0,0,1.0
n03445777__n03445777_4914.jpg,250,150,train,8,8,0.9979
n03425413__n03425413_28064.jpg,600,478,train,7,7,1.0
n03394916__n03394916_35408.jpg,500,333,train,5,5,0.9814
n03425413__n03425413_18713.jpg,375,500,train,7,7,0.9996
n03445777__n03445777_4416.jpg,500,375,train,8,8,1.0
n03000684__n03000684_6266.jpg,669,502,train,3,3,1.0
n03417042__n03417042_588.jpg,253,177,train,6,6,1.0
n02979186__n02979186_5266.jpg,500,333,train,2,2,1.0
n01440764__n01440764_13274.jpg,1451,1088,train,0,0,0.9998
n03028079__n03028079_4773.jpg,375,500,train,4,4,0.7772
n03445777__n03445777_7853.jpg,500,334,train,8,8,0.9961
n01440764__n01440764_10319.jpg,944,708,train,0,0,0.9992
n02102040__n02102040_248.jpg,500,375,train,1,1,1.0
n03000684__n03000684_35246.jpg,400,292,train,3,3,0.9998
n03394916__n03394916_28345.jpg,500,375,train,5,5,0.9999
n03028079__n03028079_5918.jpg,500,375,train,4,4,1.0
n03394916__n03394916_73213.jpg,375,500,train,5,5,0.9904
n03394916__n03394916_40134.jpg,351,500,train,5,5,0.9996
n02102040__n02102040_7705.jpg,500,375,train,1,1,0.9995
n01440764__n01440764_13545.jpg,500,375,train,0,0,1.0
n03417042__n03417042_18738.jpg,500,375,train,6,6,0.9999
n03425413__n03425413_16847.jpg,500,375,train,7,7,0.9964
n02979186__n02979186_3543.jpg,298,201,train,2,2,0.9694
n03417042__ILSVRC2012_val_00025379.jpg,500,397,train,6,6,0.9971
n03417042__n03417042_18699.jpg,500,375,train,6,6,0.9932
n03425413__n03425413_9748.jpg,640,424,train,7,7,0.9961
n01440764__n01440764_20299.jpg,500,375,train,0,0,1.0
n03028079__n03028079_3913.jpg,500,375,train,4,4,0.9778
n01440764__n01440764_5776.jpg,300,368,train,0,0,1.0
n02102040__n02102040_2674.jpg,500,375,train,1,1,0.9999
n03000684__n03000684_11497.jpg,329,158,train,3,3,0.9993
n03445777__n03445777_5114.jpg,574,408,train,8,8,1.0
n03445777__n03445777_5353.jpg,200,150,train,8,8,0.9956
n03425413__n03425413_20186.jpg,500,375,train,7,7,1.0
n01440764__n01440764_12289.jpg,400,383,train,0,0,1.0
n03028079__n03028079_9507.jpg,500,387,train,4,4,0.9996
n03000684__n03000684_9065.jpg,102,53,train,3,3,0.9987
n03445777__n03445777_11635.jpg,600,250,train,8,8,0.9991
n03417042__n03417042_7506.jpg,500,375,train,6,6,0.9954
n03417042__n03417042_5505.jpg,510,373,train,6,6,0.9974
n03425413__n03425413_19428.jpg,318,500,train,7,7,0.9984
n03417042__n03417042_27085.jpg,500,375,train,6,6,0.9999
n02979186__n02979186_2717.jpg,500,375,train,2,2,0.9992
n02979186__n02979186_6398.jpg,250,250,train,2,2,0.9994
n01440764__ILSVRC2012_val_00040358.jpg,500,375,train,0,0,1.0
n03425413__n03425413_20137.jpg,500,375,train,7,7,0.9995
n03888257__n03888257_9908.jpg,500,357,train,9,9,0.9999
n02979186__n02979186_1148.jpg,200,150,train,2,2,0.9388
n03888257__n03888257_3169.jpg,427,600,train,9,9,1.0
n02102040__n02102040_4066.jpg,333,500,train,1,1,1.0
n03000684__n03000684_19695.jpg,200,150,train,3,3,0.9999
n03425413__ILSVRC2012_val_00005996.jpg,375,500,train,7,7,0.9986
n03425413__n03425413_2079.jpg,500,737,train,7,7,0.9986
n03000684__n03000684_36449.jpg,240,160,train,3,3,0.9581
n03888257__n03888257_4553.jpg,500,333,train,9,9,0.9999
n03000684__ILSVRC2012_val_00034727.jpg,333,500,train,3,3,0.9992
n03888257__n03888257_13596.jpg,480,360,train,9,9,0.9994
n03425413__n03425413_20747.jpg,333,500,train,7,3,0.8331
n03417042__n03417042_7849.jpg,500,367,train,6,6,1.0
n03425413__n03425413_31216.jpg,500,458,train,7,7,0.9992
n02979186__n02979186_18554.jpg,380,237,train,2,2,0.9976
n03445777__n03445777_5694.jpg,300,320,train,8,8,0.9999
n02979186__n02979186_5497.jpg,600,400,train,2,2,0.9999
n01440764__n01440764_14885.jpg,500,332,train,0,0,1.0
n01440764__n01440764_11726.jpg,500,317,train,0,0,0.993
n03417042__n03417042_768.jpg,500,375,train,6,6,0.5167
n02102040__n02102040_7125.jpg,500,375,train,1,1,0.9998
n03445777__n03445777_7238.jpg,432,288,train,8,8,0.9972
n03425413__n03425413_20014.jpg,375,500,train,7,7,0.8492
n03000684__n03000684_5106.jpg,500,375,train,3,3,0.9999
n03394916__n03394916_33423.jpg,400,500,train,5,5,0.9903
n03425413__n03425413_1707.jpg,500,385,train,7,7,0.9993
n03445777__n03445777_3278.jpg,400,400,train,8,8,0.9997
n03028079__n03028079_5448.jpg,500,456,train,4,4,0.9988
n03445777__n03445777_9374.jpg,398,500,train,8,8,0.9979
n03028079__n03028079_13935.jpg,500,333,train,4,4,0.9985
n03445777__n03445777_3296.jpg,500,375,train,8,8,0.9999
n02979186__n02979186_8796.jpg,100,92,train,2,7,0.9295
n01440764__n01440764_5633.jpg,500,375,train,0,0,1.0
n03000684__n03000684_9139.jpg,300,144,train,3,3,0.9996
n03445777__n03445777_14638.jpg,640,480,train,8,8,0.9983
n03425413__n03425413_21455.jpg,500,375,train,7,7,0.9999
n03417042__n03417042_18743.jpg,500,375,train,6,6,1.0
n02102040__n02102040_624.jpg,650,747,train,1,1,0.9961
n03028079__n03028079_30207.jpg,500,375,train,4,4,0.9998
n02102040__n02102040_5468.jpg,375,500,train,1,1,1.0
n02102040__n02102040_35.jpg,500,333,train,1,1,1.0
n03028079__n03028079_2419.jpg,327,500,train,4,4,0.9976
n03417042__ILSVRC2012_val_00031313.jpg,500,375,train,6,6,1.0
n03445777__n03445777_1697.jpg,400,299,train,8,8,0.999
n02979186__n02979186_21903.jpg,160,153,train,2,2,0.9451
n03028079__n03028079_4479.jpg,334,500,train,4,4,0.991
n03417042__n03417042_10567.jpg,560,420,train,6,6,0.9996
n02979186__n02979186_14767.jpg,400,239,train,2,2,0.9977
n03028079__n03028079_17577.jpg,500,334,train,4,4,1.0
n03888257__n03888257_6395.jpg,500,375,train,9,9,0.8264
n03417042__n03417042_3158.jpg,500,202,train,6,6,0.9999
n03028079__n03028079_15438.jpg,375,500,train,4,4,0.9996
n03425413__n03425413_15063.jpg,500,375,train,7,7,0.8573
n03394916__n03394916_16274.jpg,500,333,train,5,5,0.9998
n03394916__n03394916_37438.jpg,333,500,train,5,5,1.0
n03394916__n03394916_68687.jpg,500,375,train,5,5,1.0
n03028079__n03028079_7888.jpg,500,336,train,4,4,0.9999
n02102040__n02102040_2135.jpg,500,333,train,1,1,1.0
n03425413__n03425413_14257.jpg,500,375,train,7,7,1.0
n03000684__n03000684_16044.jpg,600,748,train,3,3,0.9998
n02979186__n02979186_1159.jpg,435,285,train,2,2,1.0
n03417042__n03417042_2978.jpg,372,500,train,6,6,0.9997
n01440764__n01440764_12446.jpg,469,352,train,0,0,0.9999
n01440764__n01440764_13344.jpg,500,375,train,0,0,1.0
n02102040__n02102040_3984.jpg,500,375,train,1,1,0.9999
n02979186__n02979186_13637.jpg,500,379,train,2,2,0.9981
n01440764__n01440764_13316.jpg,350,234,train,0,0,1.0
n02102040__n02102040_265.jpg,500,375,train,1,1,1.0
n03417042__n03417042_18554.jpg,500,375,train,6,6,0.9999
n03394916__n03394916_6037.jpg,375,500,train,5,5,1.0
n03000684__n03000684_19594.jpg,200,150,train,3,3,1.0
n03445777__n03445777_16309.jpg,250,375,train,8,8,0.9978
n01440764__n01440764_1278.jpg,300,212,train,0,0,1.0
n03394916__n03394916_71795.jpg,500,333,train,5,5,1.0
n02102040__n02102040_2988.jpg,500,333,train,1,1,0.9995
n03000684__ILSVRC2012_val_00027785.jpg,320,240,train,3,3,0.9996
n02979186__n02979186_15127.jpg,500,375,train,2,2,0.9996
n03028079__n03028079_5983.jpg,453,547,train,4,4,0.9999
n03394916__n03394916_32927.jpg,500,335,train,5,5,1.0
n03000684__ILSVRC2012_val_00000537.jpg,334,500,train,3,3,0.9999
n03888257__n03888257_65206.jpg,500,353,train,9,9,0.9976
n03028079__n03028079_943.jpg,500,401,train,4,4,0.8561
n03417042__n03417042_7209.jpg,1600,1200,train,6,6,0.9999
n01440764__n01440764_8426.jpg,375,500,train,0,0,0.9999
n03028079__n03028079_10303.jpg,500,362,train,4,4,0.9971
n03028079__n03028079_9575.jpg,351,500,train,4,4,0.9999
n03394916__n03394916_72419.jpg,336,500,train,5,5,0.9999
n03000684__n03000684_11163.jpg,500,333,train,3,3,0.9973
n02102040__n02102040_5168.jpg,423,500,train,1,1,0.9994
n03445777__n03445777_894.jpg,192,255,train,8,8,0.7048
n03425413__n03425413_14039.jpg,375,500,train,7,7,0.9997
n01440764__n01440764_8699.jpg,640,480,train,0,0,1.0
n01440764__n01440764_7426.jpg,500,377,train,0,0,0.9999
n02979186__n02979186_3665.jpg,137,103,train,2,6,0.7748
n02979186__n02979186_553.jpg,200,162,train,2,2,0.981
n03417042__n03417042_6903.jpg,375,500,train,6,6,0.7844
n03000684__n03000684_6279.jpg,637,479,train,3,3,1.0
n01440764__n01440764_9289.jpg,250,173,train,0,0,0.9999
n02979186__n02979186_15567.jpg,375,500,train,2,2,0.9882
n01440764__n01440764_28394.jpg,500,365,train,0,0,0.9998
n01440764__n01440764_3365.jpg,456,489,train,0,0,1.0
n03000684__n03000684_10707.jpg,153,102,train,3,3,1.0
n01440764__n01440764_1766.jpg,400,300,train,0,0,0.9999
n03445777__n03445777_5713.jpg,500,375,train,8,8,1.0
n03445777__n03445777_5398.jpg,640,480,train,8,8,0.9999
n02979186__n02979186_22659.jpg,200,120,train,2,2,0.997
n03445777__n03445777_13307.jpg,615,461,train,8,8,0.9999
n03000684__n03000684_7798.jpg,480,360,train,3,3,0.9934
n02979186__n02979186_14357.jpg,500,408,train,2,2,0.9999
n03417042__n03417042_8887.jpg,628,472,train,6,6,0.9999
n03394916__ILSVRC2012_val_00038137.jpg,500,333,train,5,5,0.9997
n02102040__n02102040_514.jpg,375,500,train,1,1,1.0
n01440764__n01440764_3325.jpg,300,225,train,0,0,0.9999
n03394916__n03394916_56165.jpg,500,333,train,5,5,1.0
n03000684__n03000684_22269.jpg,375,500,train,3,3,0.9923
n03000684__n03000684_26066.jpg,226,200,train,3,3,1.0
n02102040__n02102040_4335.jpg,312,371,train,1,1,1.0
n02102040__n02102040_5096.jpg,500,334,train,1,1,1.0
n02102040__n02102040_705.jpg,500,375,train,1,1,0.9999
n01440764__n01440764_8013.jpg,800,583,train,0,0,1.0
n02979186__n02979186_216.jpg,600,450,train,2,2,0.9976
n03888257__n03888257_9444.jpg,333,500,train,9,9,0.9999
n01440764__n01440764_8057.jpg,1600,1200,train,0,0,1.0
n03888257__ILSVRC2012_val_00034544.jpg,500,500,train,9,9,0.9999
n03445777__n03445777_15688.jpg,500,397,train,8,8,0.9999
n03394916__n03394916_37817.jpg,333,500,train,5,5,0.9998
n01440764__n01440764_2298.jpg,500,375,train,0,0,1.0
n03000684__n03000684_3216.jpg,300,300,train,3,3,0.8765
n03417042__n03417042_10218.jpg,264,162,train,6,6,0.9998
n03000684__n03000684_34584.jpg,333,500,train,3,3,0.9994
n03028079__n03028079_14263.jpg,464,500,train,4,4,0.9995
n03028079__n03028079_27833.jpg,500,375,train,4,4,0.9994
n02102040__n02102040_2818.jpg,500,375,train,1,1,1.0
n03000684__n03000684_2688.jpg,640,346,train,3,3,1.0
n02979186__n02979186_17829.jpg,100,100,train,2,2,0.9992
n02102040__n02102040_5167.jpg,400,300,train,1,1,0.9986
n03394916__n03394916_32644.jpg,500,334,train,5,5,0.9895
n03417042__n03417042_3586.jpg,500,375,train,6,6,0.9775
n03445777__n03445777_9245.jpg,500,332,train,8,8,0.9992
n03425413__n03425413_7995.jpg,500,375,train,7,7,0.9989
n03888257__n03888257_5357.jpg,500,375,train,9,9,0.9661
n03888257__n03888257_15395.jpg,248,248,train,9,9,1.0
n03888257__n03888257_38438.jpg,500,333,train,9,9,0.9997
n03425413__n03425413_22107.jpg,500,375,train,7,7,0.9247
n02102040__n02102040_6974.jpg,500,384,train,1,1,0.9998
n03394916__n03394916_55205.jpg,650,800,train,5,5,0.9992
n02979186__n02979186_16275.jpg,500,375,train,2,2,0.9996
n02102040__n02102040_7958.jpg,375,500,train,1,1,1.0
n03028079__n03028079_7455.jpg,640,444,train,4,4,0.9944
n02979186__n02979186_5027.jpg,121,90,train,2,2,0.9991
n03417042__n03417042_3277.jpg,500,375,train,6,6,0.963
n03888257__n03888257_56279.jpg,500,347,train,9,9,1.0
n03028079__n03028079_68853.jpg,500,375,train,4,4,0.9997
n03394916__n03394916_16555.jpg,120,229,train,5,5,1.0
n03417042__n03417042_19158.jpg,500,375,train,6,6,1.0
n03000684__n03000684_28288.jpg,200,144,train,3,3,0.9993
n03028079__n03028079_15444.jpg,640,480,train,4,4,1.0
n01440764__n01440764_1135.jpg,370,500,train,0,0,1.0
n03028079__n03028079_20024.jpg,332,500,train,4,4,0.9989
n03028079__n03028079_102107.jpg,500,411,train,4,4,0.9993
n03394916__n03394916_18048.jpg,500,348,train,5,5,0.9999
n03394916__n03394916_26346.jpg,500,333,train,5,5,0.9952
n03425413__n03425413_15094.jpg,500,335,train,7,7,0.9999
n03028079__n03028079_9137.jpg,500,375,train,4,4,0.9999
n02979186__n02979186_10013.jpg,360,360,train,2,2,0.9999
n01440764__n01440764_19005.jpg,500,375,train,0,0,0.9983
n03445777__n03445777_3879.jpg,155,283,train,8,8,0.9897
n03394916__n03394916_35465.jpg,500,375,train,5,5,0.9998
n03000684__n03000684_14107.jpg,500,333,train,3,3,0.9335
n02102040__n02102040_1785.jpg,377,500,train,1,1,1.0
n03394916__n03394916_33008.jpg,338,500,train,5,2,0.9309
n03445777__n03445777_16078.jpg,200,268,train,8,8,0.9997
n01440764__n01440764_12573.jpg,192,300,train,0,0,0.9796
n03425413__n03425413_9229.jpg,413,310,train,7,7,0.9993
n03028079__n03028079_5589.jpg,500,500,train,4,4,0.9976
n03394916__n03394916_46183.jpg,500,375,train,5,5,0.9963
n01440764__n01440764_12405.jpg,640,480,train,0,0,1.0
n03445777__n03445777_2776.jpg,200,200,train,8,8,0.9431
n03417042__n03417042_11704.jpg,598,326,train,6,6,0.9998
n03425413__n03425413_13598.jpg,333,500,train,7,7,0.9871
n02102040__n02102040_1019.jpg,500,333,train,1,1,1.0
n03000684__n03000684_3114.jpg,500,375,train,3,3,0.978
n03000684__n03000684_10373.jpg,375,500,train,3,3,0.9998
n03425413__n03425413_145.jpg,640,480,train,7,7,0.997
n01440764__ILSVRC2012_val_00018317.jpg,500,375,train,0,0,0.9998
n02102040__n02102040_2099.jpg,383,500,train,1,1,1.0
n03417042__n03417042_2794.jpg,640,480,train,6,6,0.9987
n02102040__n02102040_4644.jpg,447,491,train,1,1,1.0
n03000684__n03000684_9894.jpg,500,390,train,3,3,0.9987
n01440764__n01440764_11486.jpg,580,628,train,0,0,1.0
n03445777__n03445777_18643.jpg,500,375,train,8,8,0.9988
n03000684__n03000684_16097.jpg,160,240,train,3,3,0.7416
n01440764__n01440764_7457.jpg,500,400,train,0,0,0.9961
n03445777__n03445777_4278.jpg,375,500,train,8,8,1.0
n02102040__n02102040_2799.jpg,500,375,train,1,1,0.9998
n02979186__n02979186_11063.jpg,500,375,train,2,2,0.9998
n02102040__n02102040_4489.jpg,335,500,train,1,1,1.0
n03028079__n03028079_4174.jpg,375,500,train,4,4,0.9999
n03394916__n03394916_43973.jpg,500,375,train,5,5,0.9939
n03028079__n03028079_1259.jpg,500,352,train,4,4,0.9992
n03445777__n03445777_366.jpg,500,375,train,8,8,1.0
n03445777__n03445777_3915.jpg,180,240,train,8,8,0.9998
n02102040__n02102040_5488.jpg,375,500,train,1,1,1.0
n03000684__n03000684_5997.jpg,364,500,train,3,3,0.9849
n03417042__n03417042_8076.jpg,500,352,train,6,6,1.0
n03394916__n03394916_33806.jpg,375,500,train,5,5,0.9921
n03028079__n03028079_50248.jpg,500,345,train,4,4,0.9992
n02979186__n02979186_11769.jpg,500,375,train,2,2,0.9999
n02102040__n02102040_1319.jpg,640,480,train,1,1,1.0
n03028079__n03028079_10407.jpg,500,375,train,4,4,0.9583
n03888257__n03888257_10708.jpg,320,500,train,9,9,0.9791
n03028079__n03028079_29414.jpg,500,375,train,4,4,0.9842
n01440764__n01440764_5628.jpg,500,375,train,0,0,0.9999
n03445777__n03445777_12463.jpg,380,285,train,8,8,0.9991
n03028079__n03028079_12435.jpg,375,500,train,4,4,1.0
n02102040__n02102040_4704.jpg,500,375,train,1,1,0.9955
n03445777__n03445777_3833.jpg,500,375,train,8,8,0.9999
n01440764__n01440764_3713.jpg,640,480,train,0,0,1.0
n03394916__n03394916_33456.jpg,500,333,train,5,5,0.9373
n03394916__n03394916_70259.jpg,500,375,train,5,5,1.0
n03028079__n03028079_7755.jpg,342,500,train,4,4,1.0
n03028079__n03028079_8103.jpg,500,471,train,4,4,0.9999
n02979186__n02979186_14916.jpg,375,500,train,2,2,0.9837
n03417042__n03417042_274.jpg,651,488,train,6,6,0.9999
n03888257__n03888257_5293.jpg,334,500,train,9,9,0.9999
n03445777__n03445777_303.jpg,500,333,train,8,8,0.9999
n03445777__n03445777_11967.jpg,400,342,train,8,8,0.9988
n03417042__n03417042_23535.jpg,472,500,train,6,6,1.0
n03028079__n03028079_105285.jpg,500,351,train,4,4,0.9968
n03028079__n03028079_25776.jpg,375,500,train,4,4,0.9999
n03888257__n03888257_23198.jpg,500,374,train,9,9,0.9975
n03394916__n03394916_7809.jpg,185,183,train,5,5,0.9994
n03425413__n03425413_1355.jpg,375,500,train,7,7,0.9999
n03888257__n03888257_21265.jpg,500,333,train,9,9,1.0
n02102040__n02102040_3867.jpg,500,375,train,1,1,0.9999
n03445777__n03445777_2158.jpg,500,375,train,8,8,0.9994
n03445777__ILSVRC2012_val_00044936.jpg,1344,894,train,8,8,0.9991
n03028079__n03028079_5974.jpg,495,500,train,4,4,0.9995
n03394916__n03394916_36308.jpg,500,375,train,5,5,1.0
n03445777__n03445777_886.jpg,500,375,train,8,8,0.9998
n03888257__n03888257_4403.jpg,500,333,train,9,9,0.9998
n03394916__n03394916_3699.jpg,250,250,train,5,5,1.0
n03000684__n03000684_37.jpg,430,150,train,3,3,0.984
n02979186__n02979186_20224.jpg,350,240,train,2,2,0.9999
n03394916__n03394916_44308.jpg,500,334,train,5,5,0.9994
n02102040__n02102040_7363.jpg,500,375,train,1,1,1.0
n02979186__n02979186_5856.jpg,500,281,train,2,2,0.9999
n01440764__n01440764_13468.jpg,600,450,train,0,0,1.0
n02102040__n02102040_1229.jpg,500,334,train,1,1,0.9997
n03417042__n03417042_23038.jpg,500,375,train,6,6,0.9997
n03425413__n03425413_11085.jpg,375,500,train,7,7,0.9997
n03417042__n03417042_7547.jpg,500,375,train,6,6,1.0
n03417042__n03417042_1496.jpg,500,334,train,6,6,0.9583
n03417042__n03417042_10859.jpg,500,375,train,6,6,1.0
n03028079__n03028079_28243.jpg,500,400,train,4,4,1.0
n03888257__n03888257_46943.jpg,500,358,train,9,9,0.9993
n03888257__n03888257_14128.jpg,500,374,train,9,9,1.0
n03417042__n03417042_27093.jpg,300,281,train,6,6,0.997
n03000684__n03000684_10653.jpg,333,500,train,3,3,0.9979
n03425413__n03425413_14708.jpg,333,500,train,7,7,0.9998
n03888257__n03888257_39543.jpg,525,394,train,9,9,0.9599
n03394916__n03394916_33176.jpg,375,500,train,5,5,0.9943
n03417042__n03417042_14575.jpg,500,377,train,6,6,0.9998
n02102040__n02102040_853.jpg,420,401,train,1,1,1.0
n01440764__n01440764_105.jpg,500,375,train,0,0,1.0
n02979186__n02979186_14524.jpg,500,333,train,2,2,0.9991
n02979186__n02979186_14158.jpg,333,500,train,2,2,0.987
n02102040__n02102040_988.jpg,333,500,train,1,1,1.0
n01440764__n01440764_11566.jpg,369,276,train,0,0,1.0
n03445777__n03445777_19807.jpg,195,232,train,8,8,0.9996
n02102040__ILSVRC2012_val_00015499.jpg,500,375,train,1,1,1.0
n03888257__n03888257_25509.jpg,468,459,train,9,9,1.0
n03425413__n03425413_20823.jpg,375,500,train,7,7,1.0
n01440764__n01440764_19119.jpg,500,333,train,0,0,1.0
n02102040__n02102040_1097.jpg,449,500,train,1,1,1.0
n02979186__n02979186_5695.jpg,111,111,train,2,2,0.9201
n03394916__n03394916_58826.jpg,1162,773,train,5,5,0.9998
n03888257__n03888257_12973.jpg,487,347,train,9,9,0.9999
n03425413__n03425413_18974.jpg,500,375,train,7,7,0.9971
n03425413__n03425413_16417.jpg,332,500,train,7,7,1.0
n01440764__n01440764_898.jpg,500,253,train,0,0,1.0
n02102040__n02102040_1037.jpg,500,375,train,1,1,1.0
n03000684__n03000684_16884.jpg,375,500,train,3,3,1.0
n03028079__n03028079_12079.jpg,800,460,train,4,4,0.9996
n03425413__n03425413_14437.jpg,375,500,train,7,7,0.9926
n02102040__n02102040_3496.jpg,500,335,train,1,1,0.9999
n02102040__n02102040_565.jpg,494,500,train,1,1,0.9972
n02979186__n02979186_27539.jpg,100,100,train,2,2,0.9869
n03888257__n03888257_5334.jpg,355,500,train,9,9,0.9999
n01440764__n01440764_7963.jpg,200,150,train,0,0,1.0
n03445777__n03445777_1804.jpg,320,213,train,8,8,0.9995
n03888257__n03888257_22956.jpg,500,375,train,9,9,0.9857
n03000684__n03000684_6794.jpg,500,500,train,3,3,1.0
n01440764__n01440764_6568.jpg,500,484,train,0,0,0.9999
n03888257__n03888257_18096.jpg,500,333,train,9,9,0.9999
n03394916__n03394916_45433.jpg,500,385,train,5,5,0.9947
n03888257__n03888257_6749.jpg,2304,3456,train,9,9,0.9788
n01440764__n01440764_8689.jpg,500,375,train,0,0,1.0
n01440764__n01440764_13575.jpg,300,225,train,0,0,1.0
n03000684__n03000684_5368.jpg,500,375,train,3,3,0.9967
n03000684__n03000684_18617.jpg,500,334,train,3,3,0.9864
n03000684__n03000684_5899.jpg,500,333,train,3,3,1.0
n02102040__n02102040_1713.jpg,375,500,train,1,1,0.9999
n03425413__n03425413_15167.jpg,500,375,train,7,4,0.2815
n03445777__n03445777_7286.jpg,374,500,train,8,8,0.9998
n01440764__n01440764_8453.jpg,364,336,train,0,0,1.0
n03000684__n03000684_16063.jpg,326,500,train,3,3,0.9982
n03394916__n03394916_30733.jpg,375,500,train,5,5,0.9901
n02102040__n02102040_1106.jpg,500,375,train,1,1,0.9999
n01440764__n01440764_14634.jpg,640,480,train,0,0,1.0
n03028079__ILSVRC2012_val_00005295.jpg,500,500,train,4,4,0.9998
n02102040__n02102040_114.jpg,130,98,train,1,1,1.0
n03394916__n03394916_8733.jpg,375,500,train,5,5,1.0
n03445777__n03445777_15064.jpg,600,450,train,8,8,0.9998
n03417042__n03417042_14037.jpg,500,375,train,6,6,0.9999
n03000684__n03000684_30534.jpg,500,233,train,3,3,1.0
n03028079__n03028079_17776.jpg,400,500,train,4,4,0.9998
n03417042__n03417042_4658.jpg,500,332,train,6,6,0.9999
n02979186__n02979186_10186.jpg,284,300,train,2,2,0.7795
n03425413__n03425413_7203.jpg,500,375,train,7,7,0.9977
n03445777__n03445777_15747.jpg,700,420,train,8,8,0.9997
n02979186__n02979186_13166.jpg,500,375,train,2,2,0.999
n03425413__n03425413_8004.jpg,1125,1500,train,7,7,0.9989
n03888257__n03888257_16575.jpg,500,375,train,9,9,1.0
n01440764__n01440764_3129.jpg,640,480,train,0,0,1.0
n03417042__n03417042_104.jpg,640,388,train,6,6,0.9996
n03028079__n03028079_9287.jpg,500,333,train,4,4,0.9999
n03888257__n03888257_48087.jpg,500,334,train,9,9,0.9992
n03888257__n03888257_18208.jpg,224,168,train,9,9,0.9998
n01440764__n01440764_4979.jpg,500,375,train,0,0,1.0
n01440764__n01440764_97.jpg,500,375,train,0,0,0.9994
n03888257__n03888257_36129.jpg,500,334,train,9,9,0.9985
n02979186__n02979186_2163.jpg,500,375,train,2,2,0.9999
n01440764__n01440764_11339.jpg,500,377,train,0,0,0.9979
n03394916__n03394916_54638.jpg,500,375,train,5,5,0.9944
n03394916__n03394916_54265.jpg,480,360,train,5,5,0.9801
n02979186__n02979186_7288.jpg,400,300,train,2,2,0.9996
n03028079__n03028079_3786.jpg,500,377,train,4,4,0.9997
n03425413__n03425413_21747.jpg,500,364,train,7,7,0.9974
n03425413__ILSVRC2012_val_00007186.jpg,375,500,train,7,7,0.9948
n03028079__n03028079_26108.jpg,500,500,train,4,4,0.9985
n01440764__ILSVRC2012_val_00048204.jpg,500,375,train,0,0,0.9993
n03445777__n03445777_10615.jpg,375,500,train,8,8,0.9114
n03425413__n03425413_16544.jpg,375,500,train,7,7,0.999
n03394916__n03394916_46989.jpg,500,375,train,5,5,0.9961
n02102040__n02102040_5528.jpg,500,375,train,1,1,1.0
n03425413__n03425413_16936.jpg,375,500,train,7,7,0.9999
n03888257__n03888257_6106.jpg,500,375,train,9,9,0.9999
n02102040__n02102040_3733.jpg,500,333,train,1,1,0.9996
n02979186__n02979186_10295.jpg,500,199,train,2,2,0.999
n03000684__n03000684_13599.jpg,180,160,train,3,3,0.8537
n03425413__n03425413_13545.jpg,500,330,train,7,7,0.9998
n03028079__n03028079_16633.jpg,412,500,train,4,4,0.9477
n03028079__n03028079_7234.jpg,500,333,train,4,4,0.9987
n03888257__n03888257_167.jpg,500,333,train,9,9,0.9482
n03417042__n03417042_18246.jpg,500,375,train,6,6,1.0
n03417042__n03417042_26378.jpg,500,375,train,6,6,1.0
n03028079__n03028079_86296.jpg,375,500,train,4,4,0.9984
n03394916__n03394916_17176.jpg,956,1201,train,5,5,0.9978
n02979186__n02979186_13407.jpg,333,500,train,2,2,0.9983
n02979186__n02979186_13463.jpg,180,135,train,2,2,0.9991
n01440764__n01440764_1063.jpg,1600,1200,train,0,0,1.0
n02102040__n02102040_735.jpg,400,280,train,1,1,0.7262
n03417042__n03417042_7398.jpg,398,280,train,6,6,1.0
n02979186__n02979186_18114.jpg,360,270,train,2,2,1.0
n03445777__n03445777_7168.jpg,500,375,train,8,8,0.9999
n03888257__n03888257_13208.jpg,332,500,train,9,9,0.9999
n03417042__n03417042_3886.jpg,500,375,train,6,6,0.9999
n03000684__n03000684_16598.jpg,500,400,train,3,3,0.9557
n03445777__n03445777_1057.jpg,500,338,train,8,8,1.0
n03445777__n03445777_9515.jpg,161,240,train,8,8,1.0
n03445777__n03445777_939.jpg,250,251,train,8,8,0.9995
n01440764__n01440764_13397.jpg,500,375,train,0,0,1.0
n03888257__n03888257_28259.jpg,500,375,train,9,9,0.9997
n01440764__n01440764_6169.jpg,400,300,train,0,0,0.9996
n03000684__n03000684_26833.jpg,500,375,train,3,3,0.4901
n02102040__n02102040_7194.jpg,500,333,train,1,1,0.9996
n03425413__n03425413_13168.jpg,315,500,train,7,7,0.9987
n03417042__n03417042_23953.jpg,500,362,train,6,6,0.9999
n03425413__n03425413_29218.jpg,801,1200,train,7,7,0.9996
n02979186__n02979186_2767.jpg,712,534,train,2,2,0.9877
n03888257__n03888257_41648.jpg,500,333,train,9,9,0.987
n03000684__n03000684_22294.jpg,100,100,train,3,3,0.9999
n02102040__n02102040_1824.jpg,500,376,train,1,1,1.0
n03445777__n03445777_6435.jpg,400,500,train,8,8,0.9994
n03028079__n03028079_17263.jpg,500,340,train,4,4,0.9997
n01440764__n01440764_14027.jpg,242,298,train,0,0,0.9977
n02979186__n02979186_4344.jpg,500,375,train,2,2,0.9996
n03445777__n03445777_1928.jpg,500,334,train,8,8,0.9999
n03000684__n03000684_16683.jpg,500,242,train,3,3,1.0
n01440764__n01440764_19003.jpg,500,333,train,0,0,1.0
n03425413__n03425413_21654.jpg,375,500,train,7,7,0.9616
n03425413__n03425413_2637.jpg,580,435,train,7,7,0.9993
n03425413__ILSVRC2012_val_00048059.jpg,500,371,train,7,7,0.9299
n03028079__n03028079_49083.jpg,354,500,train,4,4,0.9821
n02979186__n02979186_2216.jpg,500,375,train,2,2,0.9996
n02979186__n02979186_10993.jpg,220,200,train,2,2,0.7635
n03425413__n03425413_12898.jpg,394,500,train,7,7,0.9979
n03445777__n03445777_7146.jpg,500,650,train,8,8,0.9999
n01440764__n01440764_3867.jpg,576,432,train,0,0,1.0
n03028079__n03028079_7296.jpg,333,500,train,4,4,0.9967
n03417042__n03417042_1376.jpg,333,500,train,6,6,1.0
n03000684__n03000684_12074.jpg,500,375,train,3,3,0.7567
n03445777__n03445777_13538.jpg,203,219,train,8,8,0.9892
n03417042__n03417042_12219.jpg,320,240,train,6,6,1.0
n03394916__n03394916_3727.jpg,640,480,train,5,5,0.9999
n02102040__n02102040_7603.jpg,375,500,train,1,1,0.9998
n03028079__n03028079_22628.jpg,500,360,train,4,4,0.9999
n02102040__n02102040_3456.jpg,427,421,train,1,1,1.0
n02979186__n02979186_9153.jpg,400,300,train,2,2,1.0
n01440764__n01440764_17514.jpg,500,309,train,0,0,1.0
n03028079__n03028079_4509.jpg,375,500,train,4,4,0.9988
n03394916__n03394916_16577.jpg,181,200,train,5,5,1.0
n03000684__n03000684_22425.jpg,500,375,train,3,3,0.9995
n03888257__n03888257_5939.jpg,500,333,train,9,9,0.9948
n03445777__n03445777_9105.jpg,1024,727,train,8,8,1.0
n01440764__n01440764_13133.jpg,500,375,train,0,0,1.0
n03000684__n03000684_22246.jpg,500,468,train,3,3,0.9998
n03000684__n03000684_15194.jpg,800,600,train,3,3,0.999
n03394916__n03394916_53429.jpg,523,353,train,5,5,0.9998
n01440764__n01440764_8878.jpg,400,267,train,0,0,1.0
n03394916__n03394916_56426.jpg,468,674,train,5,5,1.0
n03888257__n03888257_24338.jpg,357,500,train,9,9,0.9992
n03028079__n03028079_24254.jpg,377,500,train,4,4,0.9975
n01440764__n01440764_7425.jpg,400,300,train,0,0,1.0
n02102040__n02102040_1759.jpg,500,332,train,1,1,0.9997
n02102040__n02102040_3065.jpg,350,262,train,1,1,0.9999
n03417042__n03417042_27907.jpg,500,375,train,6,6,0.9951
n03028079__n03028079_5787.jpg,500,375,train,4,4,0.9999
n03425413__n03425413_15075.jpg,500,500,train,7,7,0.9967
n03445777__n03445777_6574.jpg,229,152,train,8,8,0.9989
n03445777__n03445777_3104.jpg,640,480,train,8,8,0.9999
n03394916__n03394916_40453.jpg,500,333,train,5,5,0.9998
n03445777__n03445777_1953.jpg,600,475,train,8,8,0.9987
n03028079__n03028079_3677.jpg,500,328,train,4,4,0.9997
n03000684__n03000684_18193.jpg,280,109,train,3,3,1.0
n03028079__n03028079_786.jpg,500,499,train,4,4,0.9996
n03000684__ILSVRC2012_val_00017719.jpg,333,500,train,3,3,0.5633
n02979186__n02979186_18289.jpg,238,119,train,2,2,0.9999
n03000684__n03000684_3707.jpg,375,500,train,3,3,0.9958
n02979186__n02979186_4674.jpg,500,375,train,2,2,1.0
n02102040__ILSVRC2012_val_00024246.jpg,500,376,train,1,1,1.0
n03028079__n03028079_11276.jpg,500,367,train,4,4,0.9978
n02102040__n02102040_7465.jpg,500,375,train,1,1,0.9998
n03425413__n03425413_14779.jpg,379,500,train,7,7,0.9688
n03028079__n03028079_8066.jpg,500,400,train,4,4,0.9997
n03417042__n03417042_5208.jpg,500,375,train,6,6,1.0
n03445777__n03445777_15656.jpg,500,347,train,8,8,0.974
n03425413__n03425413_13096.jpg,356,500,train,7,7,0.9996
n03445777__n03445777_4246.jpg,500,375,train,8,8,0.9997
n03000684__ILSVRC2012_val_00006578.jpg,438,500,train,3,3,0.9779
n03445777__n03445777_6397.jpg,500,375,train,8,8,0.9999
n03028079__n03028079_26345.jpg,500,500,train,4,4,0.9303
n03394916__n03394916_5878.jpg,187,261,train,5,5,0.997
n02102040__n02102040_905.jpg,300,359,train,1,1,1.0
n03000684__n03000684_17254.jpg,250,250,train,3,3,1.0
n03028079__n03028079_39506.jpg,500,381,train,4,4,0.9998
n02102040__n02102040_2129.jpg,500,375,train,1,1,1.0
n03417042__n03417042_2603.jpg,500,375,train,6,6,0.9989
n01440764__n01440764_14624.jpg,500,333,train,0,0,0.9998
n03028079__n03028079_36037.jpg,346,500,train,4,4,0.9997
n03394916__n03394916_7095.jpg,400,462,train,5,5,0.9998
n03000684__n03000684_16537.jpg,333,500,train,3,2,0.7154
n01440764__n01440764_13947.jpg,500,375,train,0,0,1.0
n03445777__n03445777_3829.jpg,338,450,train,8,8,0.9986
n02102040__n02102040_6388.jpg,500,333,train,1,1,1.0
n02979186__n02979186_27479.jpg,130,98,train,2,2,0.9991
n03000684__n03000684_2899.jpg,500,335,train,3,3,0.9999
n03425413__n03425413_19228.jpg,375,500,train,7,7,0.9999
n03394916__n03394916_48819.jpg,773,1162,train,5,5,1.0
n03028079__n03028079_9176.jpg,500,219,train,4,4,0.9977
n02979186__n02979186_13346.jpg,500,333,train,2,2,0.9933
n03000684__n03000684_3008.jpg,200,200,train,3,3,1.0
n03000684__n03000684_16134.jpg,500,375,train,3,3,1.0
n01440764__ILSVRC2012_val_00016018.jpg,500,375,train,0,0,1.0
n02979186__n02979186_18863.jpg,500,375,train,2,2,0.9995
n03028079__n03028079_36497.jpg,375,500,train,4,4,0.9999
n01440764__n01440764_10514.jpg,640,480,train,0,0,1.0
n03028079__n03028079_5619.jpg,369,500,train,4,4,0.9999
n03028079__n03028079_2017.jpg,500,389,train,4,4,0.9998
n03394916__n03394916_38196.jpg,500,445,train,5,5,0.9823
n03394916__n03394916_29285.jpg,500,375,train,5,5,0.9999
n03888257__n03888257_13285.jpg,787,638,train,9,9,0.9994
n01440764__n01440764_10667.jpg,400,300,train,0,0,1.0
n03445777__n03445777_4966.jpg,500,375,train,8,8,0.9996
n03445777__n03445777_646.jpg,165,226,train,8,8,0.9717
n03000684__n03000684_15697.jpg,500,375,train,3,3,0.998
n03394916__n03394916_38605.jpg,500,333,train,5,5,0.9998
n03445777__n03445777_9587.jpg,500,375,train,8,8,1.0
n03425413__n03425413_16203.jpg,375,500,train,7,7,0.9242
n03394916__n03394916_47296.jpg,335,500,train,5,5,0.3587
n03888257__n03888257_12088.jpg,500,281,train,9,9,0.9999
n02979186__n02979186_606.jpg,500,375,train,2,2,0.9299
n03417042__n03417042_27364.jpg,500,375,train,6,6,1.0
n03394916__n03394916_54247.jpg,640,480,train,5,5,0.9995
n03425413__n03425413_19217.jpg,375,500,train,7,7,0.9997
n03394916__n03394916_30244.jpg,500,375,train,5,5,1.0
n03000684__n03000684_28607.jpg,190,143,train,3,3,0.9962
n03425413__n03425413_7283.jpg,400,675,train,7,7,0.9985
n03445777__n03445777_1848.jpg,451,332,train,8,8,0.9999
n02102040__n02102040_6844.jpg,647,470,train,1,1,0.9996
n02979186__n02979186_25278.jpg,200,200,train,2,2,0.7145
n03888257__n03888257_16369.jpg,405,875,train,9,9,0.9999
n02979186__n02979186_21736.jpg,200,150,train,2,2,0.6705
n02102040__n02102040_7099.jpg,312,454,train,1,1,1.0
n03394916__n03394916_57685.jpg,640,480,train,5,5,1.0
n03888257__n03888257_1809.jpg,500,353,train,9,9,0.9999
n02102040__n02102040_7188.jpg,500,333,train,1,1,0.9964
n02102040__n02102040_3263.jpg,500,375,train,1,1,0.9995
n03417042__n03417042_4966.jpg,393,500,train,6,6,0.9997
n02102040__n02102040_603.jpg,375,500,train,1,1,1.0
n02102040__n02102040_5227.jpg,500,333,train,1,1,1.0
n02102040__n02102040_1156.jpg,500,333,train,1,1,1.0
n03417042__n03417042_3448.jpg,500,375,train,6,6,1.0
n03888257__n03888257_31169.jpg,620,470,train,9,9,0.9999
n02979186__n02979186_3195.jpg,225,169,train,2,2,0.9999
n02979186__n02979186_19736.jpg,100,82,train,2,2,0.9973
n02979186__n02979186_13055.jpg,500,375,train,2,2,1.0
n03888257__n03888257_36918.jpg,500,375,train,9,9,1.0
n03417042__n03417042_9478.jpg,500,375,train,6,6,0.9997
n03394916__n03394916_52106.jpg,607,412,train,5,5,0.9771
n03888257__n03888257_1496.jpg,500,374,train,9,9,0.9995
n03425413__n03425413_10534.jpg,500,379,train,7,7,1.0
n03394916__n03394916_68856.jpg,375,500,train,5,5,0.9973
n03028079__n03028079_24595.jpg,400,546,train,4,4,0.9998
n03445777__n03445777_10657.jpg,500,365,train,8,8,0.9991
n03417042__n03417042_19047.jpg,500,375,train,6,6,0.9949
n03417042__n03417042_4884.jpg,144,112,train,6,6,0.9897
n02102040__n02102040_3157.jpg,495,500,train,1,1,0.9997
n03000684__n03000684_1557.jpg,500,419,train,3,3,0.9999
n01440764__n01440764_7774.jpg,240,235,train,0,0,1.0
n03425413__n03425413_2625.jpg,375,500,train,7,7,0.9976
n02979186__n02979186_12885.jpg,500,374,train,2,2,1.0
n03000684__n03000684_11104.jpg,324,310,train,3,3,0.9997
n03425413__n03425413_10357.jpg,500,375,train,7,7,0.9983
n02979186__n02979186_3618.jpg,375,500,train,2,2,0.9998
n02979186__n02979186_5903.jpg,400,300,train,2,2,0.9989
n02102040__n02102040_4384.jpg,416,500,train,1,1,0.9999
n03888257__n03888257_38256.jpg,500,334,train,9,9,0.9997
n03445777__ILSVRC2012_val_00002314.jpg,500,357,train,8,8,0.9995
n03425413__n03425413_13668.jpg,332,500,train,7,7,0.9835
n03028079__n03028079_9528.jpg,500,395,train,4,4,0.9999
n03000684__n03000684_565.jpg,236,146,train,3,3,1.0
n01440764__n01440764_29057.jpg,500,333,train,0,0,1.0
n03394916__n03394916_49516.jpg,640,480,train,5,5,1.0
n01440764__n01440764_12063.jpg,370,493,train,0,0,1.0
n03394916__n03394916_31157.jpg,479,500,train,5,5,1.0
n03888257__n03888257_59985.jpg,500,333,train,9,9,0.9998
n03000684__ILSVRC2012_val_00042035.jpg,500,360,train,3,3,0.9568
n02102040__n02102040_2785.jpg,375,500,train,1,1,0.9973
n02979186__n02979186_6899.jpg,400,400,train,2,2,0.982
n03394916__n03394916_38499.jpg,500,375,train,5,5,0.9999
n02979186__n02979186_3429.jpg,500,375,train,2,2,0.9998
n01440764__n01440764_6954.jpg,448,336,train,0,0,0.9999
n03394916__n03394916_58349.jpg,512,480,train,5,5,0.9999
n03445777__n03445777_13067.jpg,169,240,train,8,8,1.0
n03028079__n03028079_22537.jpg,500,363,train,4,4,0.9995
n03028079__n03028079_3395.jpg,500,379,train,4,4,0.9994
n03394916__n03394916_38625.jpg,500,333,train,5,5,0.9975
n03445777__n03445777_4426.jpg,274,313,train,8,8,0.9999
n03417042__n03417042_10154.jpg,500,332,train,6,6,0.9877
n03000684__n03000684_653.jpg,175,131,train,3,3,0.9998
n02979186__n02979186_14489.jpg,500,333,train,2,2,1.0
n02979186__ILSVRC2012_val_00013735.jpg,350,404,train,2,2,0.9866
n03394916__n03394916_34573.jpg,500,408,train,5,5,0.9945
n01440764__n01440764_9667.jpg,600,400,train,0,0,1.0
n03445777__n03445777_14879.jpg,500,250,train,8,8,0.9999
n03417042__n03417042_10307.jpg,1512,968,train,6,6,0.9997
n03425413__n03425413_1759.jpg,500,375,train,7,7,0.9985
n02102040__n02102040_8298.jpg,500,333,train,1,1,1.0
n03394916__n03394916_29164.jpg,375,500,train,5,5,0.9984
n03425413__n03425413_13496.jpg,333,500,train,7,7,0.9998
n01440764__n01440764_10649.jpg,203,152,train,0,0,1.0
n03028079__n03028079_24634.jpg,500,416,train,4,4,0.9998
n02102040__n02102040_598.jpg,500,338,train,1,1,0.9932
n02979186__n02979186_13443.jpg,500,356,train,2,2,0.9967
n02102040__n02102040_334.jpg,987,707,train,1,1,1.0
n03888257__n03888257_39168.jpg,500,357,train,9,9,0.9966
n03888257__n03888257_4259.jpg,535,356,train,9,3,0.8313
n03445777__n03445777_2925.jpg,279,150,train,8,8,0.9999
n02102040__n02102040_6515.jpg,500,357,train,1,1,1.0
n03417042__n03417042_7497.jpg,500,375,train,6,6,1.0
n01440764__n01440764_2574.jpg,500,375,train,0,0,1.0
n03888257__n03888257_10564.jpg,500,333,train,9,9,0.9998
n03000684__n03000684_3784.jpg,500,375,train,3,3,0.9322
n03425413__n03425413_2354.jpg,500,375,train,7,7,0.9983
n03000684__n03000684_6746.jpg,500,375,train,3,3,0.7662
n03000684__n03000684_12848.jpg,200,111,train,3,3,0.9953
n02102040__ILSVRC2012_val_00016768.jpg,500,375,train,1,1,1.0
n03028079__n03028079_29793.jpg,500,394,train,4,4,0.9995
n02102040__n02102040_3088.jpg,375,500,train,1,1,1.0
n03028079__n03028079_7635.jpg,447,500,train,4,4,0.9972
n03417042__n03417042_17865.jpg,500,375,train,6,6,0.9999
n02102040__n02102040_7983.jpg,500,333,train,1,1,1.0
n03417042__n03417042_16038.jpg,500,375,train,6,6,0.9999
n03445777__n03445777_9753.jpg,500,374,train,8,8,0.9999
n03394916__n03394916_42289.jpg,500,375,train,5,5,1.0
n03028079__n03028079_3254.jpg,353,500,train,4,4,0.9998
n03028079__n03028079_10503.jpg,500,350,train,4,4,0.9992
n03888257__n03888257_70876.jpg,500,333,train,9,9,0.9892
n03888257__n03888257_79004.jpg,500,333,train,9,9,0.9999
n02979186__n02979186_2839.jpg,150,112,train,2,6,0.8155
n01440764__n01440764_14609.jpg,400,300,train,0,0,1.0
n02979186__n02979186_15189.jpg,240,180,train,2,2,0.8708
n03417042__n03417042_877.jpg,500,375,train,6,6,0.9999
n01440764__n01440764_7285.jpg,500,375,train,0,0,0.9997
n03417042__n03417042_2074.jpg,500,375,train,6,6,1.0
n01440764__n01440764_9776.jpg,390,275,train,0,0,1.0
n03445777__n03445777_3217.jpg,333,500,train,8,8,0.998
n03000684__n03000684_7713.jpg,500,273,train,3,3,0.9995
n03417042__n03417042_7403.jpg,500,333,train,6,6,0.9995
n03394916__n03394916_32649.jpg,498,500,train,5,5,0.999
n01440764__n01440764_298.jpg,800,600,train,0,0,1.0
n01440764__n01440764_6714.jpg,200,195,train,0,0,1.0
n02979186__n02979186_23564.jpg,480,640,train,2,2,0.998
n03394916__n03394916_54395.jpg,682,416,train,5,5,1.0
n03425413__n03425413_19034.jpg,275,500,train,7,7,0.9993
n02979186__n02979186_14116.jpg,419,500,train,2,2,0.9995
n03425413__n03425413_14114.jpg,500,405,train,7,7,0.9997
n03445777__n03445777_17104.jpg,500,401,train,8,8,1.0
n02979186__n02979186_12024.jpg,310,150,train,2,2,0.9962
n03000684__n03000684_14453.jpg,375,500,train,3,3,0.7748
n02979186__n02979186_13289.jpg,375,500,train,2,2,0.9651
n03417042__n03417042_2726.jpg,945,626,train,6,6,0.9994
n03028079__n03028079_24277.jpg,379,500,train,4,4,0.9994
n02979186__n02979186_2383.jpg,250,250,train,2,2,0.9992
n03394916__n03394916_52455.jpg,500,474,train,5,5,1.0
n03445777__n03445777_1334.jpg,374,500,train,8,8,1.0
n02979186__n02979186_24754.jpg,729,600,train,2,2,0.9998
n03417042__n03417042_27486.jpg,500,367,train,6,6,1.0
n03394916__n03394916_12266.jpg,500,333,train,5,5,0.9997
n03394916__n03394916_63083.jpg,500,333,train,5,5,0.9998
n02979186__n02979186_12705.jpg,500,449,train,2,2,0.9999
n03000684__n03000684_7014.jpg,375,500,train,3,3,0.9999
n03394916__n03394916_44549.jpg,500,375,train,5,5,0.9995
n02102040__n02102040_5834.jpg,375,500,train,1,1,0.9999
n03417042__n03417042_15928.jpg,599,344,train,6,6,0.9988
n02979186__n02979186_10117.jpg,500,375,train,2,2,0.9996
n03445777__n03445777_1403.jpg,322,500,train,8,8,0.9999
n03394916__n03394916_1906.jpg,466,520,train,5,0,0.6882
n02979186__n02979186_4044.jpg,640,426,train,2,2,0.9998
n03445777__n03445777_3928.jpg,500,333,train,8,8,0.9959
n03394916__n03394916_41435.jpg,375,500,train,5,5,0.9999
n03888257__n03888257_13264.jpg,1024,768,train,9,9,0.9988
n03888257__n03888257_23265.jpg,500,333,train,9,9,0.9998
n03028079__n03028079_13506.jpg,400,461,train,4,4,0.9998
n03394916__n03394916_58687.jpg,773,1162,train,5,5,1.0
n01440764__n01440764_9753.jpg,350,263,train,0,0,0.9995
n02979186__n02979186_4704.jpg,500,500,train,2,2,0.9999
n02102040__n02102040_973.jpg,500,375,train,1,1,0.9977
n03028079__n03028079_27153.jpg,560,409,train,4,4,0.9989
n03028079__n03028079_455.jpg,417,500,train,4,4,0.9974
n02979186__n02979186_13445.jpg,400,300,train,2,2,0.9933
n02102040__n02102040_5648.jpg,500,425,train,1,1,1.0
n03445777__n03445777_13455.jpg,1280,720,train,8,8,0.9998
n03417042__n03417042_256.jpg,281,153,train,6,6,0.9999
n03394916__n03394916_24785.jpg,500,424,train,5,5,1.0
n01440764__n01440764_19777.jpg,500,277,train,0,0,1.0
n03888257__n03888257_25703.jpg,500,312,train,9,9,0.9989
n03028079__n03028079_8538.jpg,400,500,train,4,4,1.0
n03000684__n03000684_2857.jpg,285,183,train,3,3,0.9996
n03888257__n03888257_25565.jpg,500,350,train,9,9,0.9999
n03445777__n03445777_7948.jpg,500,333,train,8,8,0.9936
n02979186__n02979186_10713.jpg,498,329,train,2,2,0.9988
n03394916__n03394916_46284.jpg,500,334,train,5,5,0.997
n03394916__n03394916_36485.jpg,375,500,train,5,5,0.9999
n03417042__n03417042_3329.jpg,500,375,train,6,6,0.5828
n03425413__n03425413_14957.jpg,500,375,train,7,7,0.9991
n01440764__n01440764_5687.jpg,616,893,train,0,2,0.5784
n03888257__n03888257_35148.jpg,500,375,train,9,9,0.9876
n03000684__n03000684_6545.jpg,500,333,train,3,3,0.9998
n03000684__n03000684_28666.jpg,448,336,train,3,3,0.9922
n03394916__n03394916_33405.jpg,375,500,train,5,5,0.8965
n03394916__n03394916_9925.jpg,554,467,train,5,5,0.9997
n03028079__n03028079_5817.jpg,500,395,train,4,4,0.9994
n03394916__n03394916_42175.jpg,500,375,train,5,5,0.9944
n03028079__n03028079_23514.jpg,500,375,train,4,4,0.9999
n03888257__n03888257_4157.jpg,1024,768,train,9,9,0.9998
n03028079__n03028079_3023.jpg,427,500,train,4,4,0.9994
n03394916__n03394916_29159.jpg,500,375,train,5,5,0.9944
n03000684__n03000684_35145.jpg,500,375,train,3,3,0.9975
n01440764__n01440764_14555.jpg,800,600,train,0,0,1.0
n02979186__n02979186_18368.jpg,124,110,train,2,2,0.8682
n01440764__n01440764_23606.jpg,500,375,train,0,0,1.0
n01440764__n01440764_677.jpg,625,487,train,0,0,1.0
n03417042__n03417042_22603.jpg,500,375,train,6,6,0.9999
n02102040__n02102040_1636.jpg,400,500,train,1,1,0.9998
n02102040__n02102040_1983.jpg,500,333,train,1,1,0.9999
n03425413__n03425413_23604.jpg,333,500,train,7,7,0.9739
n02102040__n02102040_6424.jpg,340,255,train,1,1,1.0
n02102040__n02102040_2635.jpg,500,375,train,1,1,1.0
n03028079__n03028079_12249.jpg,333,500,train,4,4,0.9995
n02102040__n02102040_8103.jpg,500,375,train,1,1,0.9999
n03000684__n03000684_5805.jpg,500,375,train,3,3,0.9995
n03028079__n03028079_98786.jpg,500,375,train,4,4,0.9887
n02979186__ILSVRC2012_val_00017463.jpg,360,116,train,2,2,0.9974
n03425413__n03425413_21203.jpg,375,500,train,7,7,0.9997
n03425413__n03425413_5724.jpg,500,375,train,7,7,0.9948
n03394916__n03394916_33527.jpg,500,375,train,5,5,0.9991
n03425413__n03425413_13609.jpg,500,375,train,7,7,0.9991
n02979186__n02979186_5935.jpg,500,163,train,2,2,0.999
n02102040__n02102040_2298.jpg,500,376,train,1,1,1.0
n02979186__n02979186_6096.jpg,359,268,train,2,2,0.9999
n02979186__n02979186_16585.jpg,240,160,train,2,2,0.9999
n03000684__n03000684_10835.jpg,500,185,train,3,3,0.8927
n03425413__n03425413_737.jpg,333,500,train,7,7,0.9999
n03000684__ILSVRC2012_val_00037629.jpg,342,256,train,3,3,1.0
n03394916__n03394916_51226.jpg,600,461,train,5,5,0.9999
n03445777__n03445777_15388.jpg,331,500,train,8,8,0.9998
n02979186__n02979186_5269.jpg,500,333,train,2,2,0.9999
n03000684__n03000684_29665.jpg,353,500,train,3,3,0.9705
n02979186__n02979186_205.jpg,140,140,train,2,2,0.985
n03425413__n03425413_2717.jpg,1364,2515,train,7,7,0.9926
n03417042__n03417042_9234.jpg,600,450,train,6,6,0.9999
n03000684__n03000684_17148.jpg,500,375,train,3,3,0.9257
n03417042__n03417042_6493.jpg,640,480,train,6,6,0.9986
n02979186__n02979186_12236.jpg,500,375,train,2,2,0.9992
n03888257__n03888257_52139.jpg,362,500,train,9,9,0.9995
n03394916__n03394916_38394.jpg,332,500,train,5,5,0.9999
n02979186__n02979186_10938.jpg,450,185,train,2,2,1.0
n03000684__n03000684_3003.jpg,334,500,train,3,3,0.9947
n02979186__n02979186_893.jpg,333,500,train,2,2,0.997
n03425413__n03425413_317.jpg,600,450,train,7,7,0.9999
n02102040__n02102040_2743.jpg,338,500,train,1,1,1.0
n03028079__n03028079_2043.jpg,500,335,train,4,4,0.9988
n03000684__n03000684_8965.jpg,420,249,train,3,3,0.9998
n03417042__n03417042_22845.jpg,500,375,train,6,6,0.9983
n03028079__n03028079_748.jpg,500,375,train,4,5,0.5068
n03445777__n03445777_3865.jpg,500,375,train,8,8,0.9926
n03028079__n03028079_1033.jpg,500,375,train,4,4,1.0
n03888257__n03888257_13236.jpg,1024,768,train,9,9,0.9997
n03000684__n03000684_6217.jpg,226,202,train,3,3,1.0
n03417042__n03417042_7599.jpg,640,424,train,6,6,0.9998
n03445777__n03445777_3775.jpg,507,271,train,8,8,0.9999
n03888257__n03888257_44204.jpg,500,333,train,9,9,0.9997
n02979186__n02979186_7147.jpg,281,239,train,2,2,0.9996
n03417042__n03417042_14717.jpg,500,393,train,6,6,0.9998
n02102040__n02102040_159.jpg,500,334,train,1,1,1.0
n02102040__n02102040_1444.jpg,500,333,train,1,1,0.9989
n03425413__n03425413_7659.jpg,400,533,train,7,7,0.8746
n01440764__n01440764_9533.jpg,500,377,train,0,0,0.9999
n01440764__n01440764_12848.jpg,500,375,train,0,0,1.0
n03425413__n03425413_11966.jpg,539,388,train,7,7,0.9961
n02979186__n02979186_1876.jpg,295,256,train,2,2,0.9996
n03445777__n03445777_20319.jpg,500,375,train,8,8,1.0
n03417042__n03417042_13055.jpg,500,375,train,6,6,1.0
n02102040__n02102040_3078.jpg,500,333,train,1,1,0.9998
n03417042__n03417042_4528.jpg,640,480,train,6,6,1.0
n03888257__ILSVRC2012_val_00039045.jpg,500,375,train,9,9,0.9928
n03000684__n03000684_19764.jpg,375,500,train,3,3,0.999
n03000684__n03000684_1519.jpg,500,375,train,3,3,0.9935
n02979186__n02979186_9308.jpg,500,375,train,2,2,1.0
n02979186__n02979186_22675.jpg,600,401,train,2,2,0.9961
n02102040__n02102040_5778.jpg,500,375,train,1,1,0.9997
n03028079__n03028079_13634.jpg,500,500,train,4,4,0.9999
n03445777__n03445777_4849.jpg,500,333,train,8,8,1.0
n02102040__n02102040_55.jpg,500,375,train,1,1,1.0
n03425413__n03425413_14813.jpg,500,332,train,7,7,0.9606
n03888257__n03888257_4809.jpg,425,386,train,9,9,0.9986
n02979186__n02979186_23329.jpg,150,89,train,2,2,0.9999
n03028079__n03028079_34377.jpg,500,377,train,4,4,0.9998
n03425413__n03425413_9733.jpg,375,500,train,7,7,0.9867
n02102040__n02102040_2806.jpg,1280,960,train,1,1,1.0
n03445777__n03445777_4597.jpg,500,375,train,8,8,0.9999
n03028079__n03028079_18085.jpg,500,379,train,4,4,0.9967
n03417042__n03417042_9305.jpg,500,375,train,6,6,0.999
n03417042__n03417042_5493.jpg,1024,768,train,6,6,0.9356
n02102040__n02102040_1263.jpg,500,333,train,1,1,0.9999
n03394916__n03394916_15996.jpg,500,375,train,5,5,0.9981
n03028079__n03028079_2859.jpg,500,426,train,4,4,0.9998
n03000684__n03000684_16506.jpg,375,500,train,3,3,0.9999
n03394916__n03394916_32505.jpg,500,500,train,5,5,0.9943
n03888257__n03888257_16256.jpg,499,639,train,9,9,1.0
n02102040__n02102040_2478.jpg,500,432,train,1,1,1.0
n03425413__n03425413_10663.jpg,375,500,train,7,7,0.9797
n03417042__n03417042_9018.jpg,500,378,train,6,6,1.0
n03445777__n03445777_10547.jpg,338,500,train,8,8,0.6602
n03028079__n03028079_46677.jpg,349,500,train,4,4,0.9981
n02102040__n02102040_1629.jpg,489,500,train,1,1,1.0
n03425413__n03425413_11564.jpg,640,480,train,7,7,0.9998
n03394916__n03394916_37897.jpg,465,500,train,5,5,0.8647
n03445777__n03445777_11089.jpg,400,266,train,8,8,0.9997
n01440764__ILSVRC2012_val_00045866.jpg,500,375,train,0,0,1.0
n03445777__n03445777_5485.jpg,204,204,train,8,8,0.9997
n02979186__n02979186_1467.jpg,177,108,train,2,2,0.9782
n01440764__n01440764_13828.jpg,300,225,train,0,0,1.0
n03445777__n03445777_4099.jpg,350,350,train,8,8,0.9999
n02102040__n02102040_468.jpg,500,346,train,1,1,0.9999
n03000684__n03000684_15119.jpg,160,116,train,3,3,1.0
n03888257__n03888257_22767.jpg,343,500,train,9,9,0.9995
n02979186__n02979186_439.jpg,622,541,train,2,2,1.0
n03028079__n03028079_10175.jpg,500,339,train,4,4,0.9997
n02979186__n02979186_12118.jpg,500,375,train,2,2,0.9995
n03000684__n03000684_4509.jpg,375,500,train,3,3,0.993
n03417042__n03417042_1348.jpg,500,464,train,6,6,0.9999
n03445777__n03445777_6324.jpg,400,314,train,8,8,0.9998
n03445777__n03445777_4509.jpg,208,151,train,8,8,0.9994
n03417042__n03417042_18253.jpg,500,375,train,6,6,0.9998
n03394916__n03394916_13489.jpg,162,200,train,5,5,0.9989
n01440764__n01440764_12314.jpg,376,500,train,0,0,1.0
n03425413__n03425413_20708.jpg,500,332,train,7,3,0.3526
n03888257__n03888257_41498.jpg,500,312,train,9,9,0.9999
n03888257__n03888257_27333.jpg,485,500,train,9,9,0.9998
n03888257__n03888257_12446.jpg,500,375,train,9,9,0.9999
n03445777__n03445777_5469.jpg,250,250,train,8,8,1.0
n02979186__n02979186_27697.jpg,180,180,train,2,3,0.5917
n03028079__n03028079_14923.jpg,412,500,train,4,4,0.9821
n03028079__n03028079_49309.jpg,500,404,train,4,4,0.9999
n03394916__n03394916_36463.jpg,500,375,train,5,5,0.998
n03425413__n03425413_13324.jpg,500,420,train,7,7,0.9998
n02102040__n02102040_6489.jpg,899,896,train,1,1,1.0
n03394916__n03394916_34848.jpg,500,333,train,5,5,0.9816
n03888257__n03888257_14019.jpg,500,352,train,9,9,0.9999
n02979186__n02979186_13789.jpg,500,375,train,2,2,0.9998
n03028079__n03028079_9986.jpg,375,500,train,4,4,0.9929
n03425413__n03425413_13328.jpg,375,500,train,7,7,0.9995
n03028079__n03028079_16734.jpg,500,375,train,4,4,0.9999
n03394916__n03394916_36826.jpg,500,375,train,5,5,0.9995
n03417042__n03417042_999.jpg,800,601,train,6,6,0.9991
n03445777__n03445777_4959.jpg,500,375,train,8,8,0.9997
n03425413__n03425413_7736.jpg,400,533,train,7,7,1.0
n03425413__n03425413_21476.jpg,375,500,train,7,7,0.9993
n03888257__n03888257_71023.jpg,354,500,train,9,9,0.9998
n03445777__n03445777_6516.jpg,300,161,train,8,8,1.0
n03394916__n03394916_1297.jpg,500,375,train,5,5,1.0
n02979186__n02979186_7437.jpg,225,169,train,2,2,0.9998
n01440764__n01440764_6878.jpg,500,333,train,0,0,1.0
n01440764__n01440764_10604.jpg,300,438,train,0,0,1.0
n01440764__n01440764_2823.jpg,500,375,train,0,0,1.0
n02979186__n02979186_1519.jpg,333,500,train,2,2,1.0
n03888257__n03888257_10106.jpg,720,480,train,9,9,0.9997
n02102040__n02102040_1807.jpg,500,375,train,1,1,0.9999
n03445777__n03445777_2497.jpg,300,225,train,8,8,0.9996
n02102040__n02102040_1234.jpg,500,375,train,1,1,0.9999
n03000684__n03000684_16894.jpg,640,480,train,3,3,0.9996
n03000684__n03000684_14378.jpg,500,375,train,3,3,0.9773
n03425413__n03425413_26733.jpg,628,371,train,7,7,0.9761
n02102040__n02102040_1183.jpg,500,375,train,1,1,0.9624
n03445777__n03445777_2078.jpg,500,333,train,8,8,1.0
n03028079__n03028079_6646.jpg,376,500,train,4,4,0.9999
n03425413__n03425413_18478.jpg,375,500,train,7,7,0.9984
n03445777__n03445777_9047.jpg,500,375,train,8,8,1.0
n03028079__n03028079_16083.jpg,497,500,train,4,4,0.7153
n03000684__n03000684_228.jpg,500,375,train,3,3,0.8326
n03028079__n03028079_13645.jpg,375,500,train,4,4,0.9987
n02979186__n02979186_1115.jpg,500,375,train,2,2,0.9999
n03417042__n03417042_6917.jpg,728,518,train,6,6,0.998
n02979186__n02979186_11713.jpg,275,275,train,2,2,0.9978
n01440764__n01440764_6485.jpg,552,484,train,0,0,1.0
n03394916__n03394916_63077.jpg,469,362,train,5,5,1.0
n01440764__n01440764_6443.jpg,531,400,train,0,0,1.0
n03425413__n03425413_20979.jpg,500,375,train,7,7,0.9992
n02102040__n02102040_208.jpg,800,600,train,1,1,1.0
n01440764__n01440764_519.jpg,500,333,train,0,0,1.0
n01440764__n01440764_14779.jpg,500,375,train,0,0,1.0
n03445777__n03445777_19933.jpg,500,375,train,8,8,0.9998
n03888257__n03888257_6738.jpg,500,375,train,9,9,0.9917
n03445777__n03445777_3464.jpg,143,199,train,8,8,0.9963
n03888257__n03888257_14974.jpg,333,500,train,9,9,0.9999
n03888257__n03888257_16764.jpg,640,480,train,9,9,0.9999
n01440764__ILSVRC2012_val_00023559.jpg,500,375,train,0,0,1.0
n03445777__n03445777_2318.jpg,500,334,train,8,8,0.9999
n02979186__n02979186_10956.jpg,450,179,train,2,2,0.9999
n03445777__n03445777_398.jpg,500,335,train,8,8,0.9998
n01440764__n01440764_10183.jpg,200,150,train,0,0,1.0
n01440764__n01440764_14448.jpg,500,375,train,0,0,1.0
n02979186__n02979186_3926.jpg,150,90,train,2,2,0.9998
n02102040__n02102040_3997.jpg,333,500,train,1,1,1.0
n03028079__n03028079_15725.jpg,500,379,train,4,4,0.9991
n03888257__n03888257_19973.jpg,500,333,train,9,9,0.9385
n03028079__n03028079_2585.jpg,500,375,train,4,4,0.9995
n02102040__n02102040_1916.jpg,500,375,train,1,1,1.0
n03417042__n03417042_12233.jpg,500,375,train,6,6,0.9967
n03888257__n03888257_22655.jpg,500,418,train,9,9,0.998
n03888257__n03888257_6663.jpg,333,500,train,9,9,0.9991
n03425413__n03425413_13427.jpg,375,500,train,7,7,0.999
n03445777__n03445777_10587.jpg,500,340,train,8,8,1.0
n03394916__n03394916_6334.jpg,400,518,train,5,5,1.0
n03417042__n03417042_3389.jpg,600,450,train,6,6,0.9999
n03445777__n03445777_899.jpg,500,334,train,8,8,0.9773
n03445777__n03445777_887.jpg,1024,768,train,8,8,1.0
n01440764__n01440764_6659.jpg,235,155,train,0,0,1.0
n02102040__n02102040_5879.jpg,375,500,train,1,1,1.0
n01440764__n01440764_8164.jpg,230,224,train,0,0,1.0
n02102040__n02102040_4068.jpg,500,333,train,1,1,1.0
n02979186__n02979186_15213.jpg,500,372,train,2,2,0.9989
n03028079__n03028079_16133.jpg,375,500,train,4,4,0.9948
n02979186__n02979186_14773.jpg,160,240,train,2,2,0.9999
n03888257__n03888257_21998.jpg,500,333,train,9,9,0.9992
n03445777__n03445777_9207.jpg,500,188,train,8,8,0.9997
n03000684__n03000684_14457.jpg,500,332,train,3,3,1.0
n03000684__n03000684_17824.jpg,300,189,train,3,3,0.9989
n03888257__n03888257_5908.jpg,600,400,train,9,9,0.9959
n02102040__n02102040_6296.jpg,1280,960,train,1,1,1.0
n03888257__n03888257_72509.jpg,500,335,train,9,9,0.9987
n03417042__ILSVRC2012_val_00019147.jpg,500,333,train,6,6,1.0
n03394916__n03394916_45753.jpg,500,375,train,5,5,1.0
n03000684__n03000684_974.jpg,500,344,train,3,3,0.7375
n03028079__n03028079_11253.jpg,500,464,train,4,4,0.9989
n01440764__n01440764_13895.jpg,216,174,train,0,0,1.0
n03425413__n03425413_4774.jpg,500,375,train,7,7,0.9997
n02979186__n02979186_26829.jpg,420,420,train,2,2,0.9999
n03888257__n03888257_35848.jpg,500,375,train,9,9,0.9988
n03425413__n03425413_21763.jpg,251,500,train,7,7,0.9998
n03028079__n03028079_8027.jpg,500,375,train,4,4,1.0
n03425413__n03425413_5864.jpg,375,500,train,7,2,0.5239
n03888257__n03888257_12775.jpg,320,240,train,9,9,0.9999
n03394916__n03394916_52259.jpg,500,631,train,5,5,1.0
n03425413__n03425413_20839.jpg,500,337,train,7,7,0.9997
n03394916__n03394916_2257.jpg,480,640,train,5,5,1.0
n03445777__n03445777_3168.jpg,600,396,train,8,8,0.9957
n03028079__n03028079_3616.jpg,500,333,train,4,4,0.9983
n03000684__n03000684_7905.jpg,500,333,train,3,3,0.9999
n03028079__n03028079_47468.jpg,439,500,train,4,4,0.9998
n03888257__n03888257_10923.jpg,500,357,train,9,9,0.9996
n02979186__n02979186_9036.jpg,500,375,train,2,2,0.9917
n03888257__n03888257_16765.jpg,500,335,train,9,9,0.9952
n02979186__n02979186_12419.jpg,500,375,train,2,2,0.9271
n03425413__n03425413_18017.jpg,375,500,train,7,7,0.9999
n03394916__n03394916_28544.jpg,390,500,train,5,5,0.9572
n03394916__ILSVRC2012_val_00013113.jpg,375,500,train,5,5,0.9592
n03394916__n03394916_30278.jpg,333,500,train,5,5,1.0
n03000684__ILSVRC2012_val_00048919.jpg,500,375,train,3,3,0.9999
n03888257__n03888257_12205.jpg,333,500,train,9,9,0.9991
n01440764__n01440764_7715.jpg,500,375,train,0,0,1.0
n03888257__n03888257_54363.jpg,500,336,train,9,9,0.99
n03394916__n03394916_55076.jpg,800,332,train,5,5,1.0
n03888257__n03888257_6366.jpg,600,430,train,9,9,0.9999
n01440764__n01440764_13257.jpg,600,450,train,0,0,1.0
n03028079__n03028079_8165.jpg,381,500,train,4,4,0.9999
n01440764__n01440764_2006.jpg,500,375,train,0,0,0.9992
n03028079__n03028079_49234.jpg,500,387,train,4,4,0.9993
n02102040__n02102040_5247.jpg,500,333,train,1,1,1.0
n03028079__n03028079_15098.jpg,500,400,train,4,4,1.0
n03888257__n03888257_7474.jpg,500,334,train,9,9,0.9984
n03028079__n03028079_10139.jpg,500,375,train,4,4,1.0
n01440764__n01440764_17174.jpg,240,180,train,0,0,1.0
n03417042__n03417042_10876.jpg,500,375,train,6,6,1.0
n03000684__n03000684_493.jpg,375,500,train,3,3,0.9995
n03028079__n03028079_22668.jpg,500,375,train,4,4,0.9999
n03425413__n03425413_14427.jpg,333,500,train,7,7,0.9994
n02979186__n02979186_1447.jpg,440,344,train,2,2,0.9993
n01440764__n01440764_12635.jpg,442,295,train,0,0,1.0
n01440764__n01440764_12129.jpg,376,500,train,0,0,0.9993
n03028079__n03028079_8957.jpg,500,333,train,4,4,0.9983
n02979186__n02979186_2964.jpg,360,360,train,2,2,0.9997
n02979186__n02979186_10024.jpg,720,405,train,2,2,1.0
n03888257__n03888257_42083.jpg,500,366,train,9,9,0.9932
n01440764__n01440764_3614.jpg,500,375,train,0,0,1.0
n03028079__n03028079_1248.jpg,500,350,train,4,4,0.9993
n03394916__n03394916_31005.jpg,333,500,train,5,5,0.9998
n03425413__n03425413_14023.jpg,375,500,train,7,7,0.9997
n03888257__n03888257_37133.jpg,359,500,train,9,9,0.9972
n03445777__n03445777_1986.jpg,274,148,train,8,8,0.9998
n02102040__n02102040_7554.jpg,500,334,train,1,1,0.9995
n02979186__n02979186_3293.jpg,500,332,train,2,2,0.9998
n03888257__n03888257_16673.jpg,749,283,train,9,9,1.0
n03028079__n03028079_76476.jpg,500,375,train,4,4,0.9988
n02979186__n02979186_3127.jpg,250,187,train,2,2,0.9911
n03888257__n03888257_25093.jpg,720,576,train,9,9,0.9983
n03028079__ILSVRC2012_val_00035753.jpg,500,408,train,4,4,0.9997
n01440764__n01440764_457.jpg,350,263,train,0,0,1.0
n03888257__n03888257_9488.jpg,556,645,train,9,9,0.9991
n02102040__n02102040_4158.jpg,500,333,train,1,1,1.0
n03394916__n03394916_38509.jpg,500,332,train,5,5,0.9993
n03417042__n03417042_3518.jpg,333,500,train,6,6,0.9966
n03028079__n03028079_7073.jpg,500,375,train,4,4,0.9999
n01440764__n01440764_4988.jpg,500,375,train,0,0,1.0
n03417042__n03417042_6216.jpg,500,318,train,6,6,0.9993
n03888257__n03888257_12165.jpg,500,333,train,9,9,0.9988
n03888257__n03888257_32725.jpg,500,395,train,9,9,0.9934
n03445777__n03445777_3.jpg,240,180,train,8,8,0.9999
n03888257__n03888257_31987.jpg,335,500,train,9,9,0.9999
n03888257__n03888257_33427.jpg,500,318,train,9,9,0.9999
n03000684__n03000684_20004.jpg,500,375,train,3,3,0.9756
n03445777__n03445777_9185.jpg,375,500,train,8,8,0.9987
n03417042__ILSVRC2012_val_00007519.jpg,500,375,train,6,6,0.9997
n02102040__n02102040_3806.jpg,500,337,train,1,1,1.0
n03028079__n03028079_32386.jpg,500,375,train,4,4,0.9997
n03394916__n03394916_38766.jpg,500,375,train,5,5,0.9968
n02102040__n02102040_113.jpg,500,375,train,1,1,0.9999
n02102040__n02102040_1289.jpg,500,411,train,1,1,1.0
n01440764__n01440764_11537.jpg,768,400,train,0,0,1.0
n03425413__n03425413_14466.jpg,500,375,train,7,7,0.9988
n03028079__n03028079_13996.jpg,375,500,train,4,4,0.9994
n01440764__n01440764_8343.jpg,800,533,train,0,0,1.0
n02102040__n02102040_6763.jpg,500,333,train,1,1,1.0
n03000684__n03000684_11119.jpg,160,120,train,3,3,0.9995
n03445777__n03445777_19809.jpg,500,333,train,8,8,0.999
n01440764__n01440764_30188.jpg,500,375,train,0,0,0.9992
n02979186__n02979186_16417.jpg,500,375,train,2,2,0.9985
n03417042__n03417042_27613.jpg,500,375,train,6,6,0.9993
n02979186__n02979186_2549.jpg,140,121,train,2,2,1.0
n03425413__n03425413_16197.jpg,333,500,train,7,7,0.9998
n02102040__n02102040_249.jpg,500,440,train,1,1,1.0
n02102040__n02102040_4256.jpg,500,323,train,1,1,1.0
n03417042__n03417042_4157.jpg,500,375,train,6,6,0.9999
n02102040__n02102040_193.jpg,377,500,train,1,1,1.0
n03000684__n03000684_1746.jpg,332,500,train,3,3,1.0
n03028079__n03028079_21763.jpg,375,500,train,4,4,1.0
n03417042__n03417042_8707.jpg,500,375,train,6,6,0.9998
n03394916__n03394916_23108.jpg,150,136,train,5,5,1.0
n03445777__n03445777_3996.jpg,290,277,train,8,8,0.9998
n03417042__n03417042_28078.jpg,500,375,train,6,6,0.9999
n02102040__n02102040_1287.jpg,334,500,train,1,1,0.9999
n03000684__n03000684_2297.jpg,375,500,train,3,3,0.9997
n03888257__n03888257_32216.jpg,500,375,train,9,9,0.9992
n03000684__n03000684_17194.jpg,270,320,train,3,3,0.4803
n03417042__n03417042_2778.jpg,375,500,train,6,6,0.9998
n02102040__n02102040_505.jpg,432,530,train,1,1,1.0
n03425413__n03425413_15577.jpg,375,500,train,7,7,0.9984
n01440764__n01440764_1775.jpg,418,500,train,0,0,1.0
n03417042__n03417042_12304.jpg,375,500,train,6,6,0.9997
n02102040__n02102040_2316.jpg,219,275,train,1,1,1.0
n03445777__n03445777_13257.jpg,500,333,train,8,8,1.0
n03028079__n03028079_3967.jpg,344,500,train,4,4,0.9965
n02102040__n02102040_6439.jpg,500,334,train,1,1,0.9999
n03417042__n03417042_6467.jpg,375,500,train,6,6,0.9549
n02979186__n02979186_14378.jpg,478,500,train,2,2,0.9994
n03394916__n03394916_53213.jpg,800,600,train,5,5,1.0
n02102040__n02102040_2787.jpg,500,333,train,1,1,1.0
n03888257__n03888257_65828.jpg,500,333,train,9,9,0.9986
n02979186__n02979186_4279.jpg,111,95,train,2,2,0.9956
n03445777__n03445777_18705.jpg,500,375,train,8,8,1.0
n03445777__ILSVRC2012_val_00044695.jpg,500,721,train,8,8,0.9998
n03445777__n03445777_15276.jpg,581,448,train,8,8,1.0
n01440764__n01440764_7326.jpg,280,343,train,0,0,0.9999
n03888257__n03888257_39034.jpg,334,500,train,9,9,0.9703
n02979186__n02979186_6176.jpg,150,186,train,2,2,0.7433
n03425413__n03425413_21528.jpg,333,500,train,7,7,0.9963
n01440764__n01440764_10449.jpg,280,320,train,0,0,0.9999
n01440764__n01440764_4557.jpg,293,194,train,0,0,0.9993
n02979186__n02979186_14536.jpg,500,375,train,2,2,0.9993
n02102040__n02102040_6739.jpg,377,500,train,1,1,0.9999
n03028079__n03028079_38443.jpg,500,333,train,4,4,1.0
n03445777__ILSVRC2012_val_00016748.jpg,500,312,train,8,8,0.9984
n03445777__n03445777_13457.jpg,500,375,train,8,8,0.9999
n02979186__n02979186_16437.jpg,500,333,train,2,2,0.9999
n03445777__n03445777_9157.jpg,500,375,train,8,8,0.9996
n02102040__n02102040_3437.jpg,500,375,train,1,1,0.9965
n03000684__n03000684_27538.jpg,500,364,train,3,3,0.9982
n03425413__n03425413_6536.jpg,584,338,train,7,7,0.9947
n03425413__n03425413_14136.jpg,500,332,train,7,7,0.9582
n03888257__n03888257_20385.jpg,500,395,train,9,9,1.0
n03000684__n03000684_33316.jpg,500,375,train,3,3,0.9997
n03394916__n03394916_27375.jpg,496,500,train,5,5,1.0
n03417042__n03417042_22866.jpg,640,480,train,6,6,0.9986
n03445777__n03445777_10723.jpg,450,297,train,8,8,0.9999
n03425413__n03425413_18216.jpg,500,333,train,7,7,0.9981
n03445777__n03445777_10413.jpg,200,150,train,8,8,0.9994
n03394916__n03394916_53664.jpg,773,1162,train,5,5,1.0
n02102040__n02102040_2329.jpg,390,500,train,1,1,1.0
n03445777__n03445777_5775.jpg,240,185,train,8,8,0.9999
n03425413__n03425413_14594.jpg,500,375,train,7,7,0.9669
n02102040__n02102040_6109.jpg,500,375,train,1,1,1.0
n03028079__n03028079_23044.jpg,500,447,train,4,4,0.9997
n02102040__n02102040_3909.jpg,500,375,train,1,1,1.0
n03000684__n03000684_1748.jpg,676,378,train,3,3,0.9999
n03445777__n03445777_14689.jpg,360,292,train,8,8,0.9997
n03445777__n03445777_8288.jpg,500,333,train,8,8,0.9996
n02979186__n02979186_3967.jpg,500,375,train,2,2,1.0
n03417042__n03417042_698.jpg,500,375,train,6,6,0.9993
n03028079__n03028079_1563.jpg,500,375,train,4,4,0.9979
n03000684__n03000684_15763.jpg,100,100,train,3,3,0.997
n03445777__n03445777_14859.jpg,250,166,train,8,8,0.9994
n03000684__n03000684_15067.jpg,347,500,train,3,3,0.9994
n03028079__n03028079_5676.jpg,334,500,train,4,4,0.9999
n03888257__n03888257_16826.jpg,500,332,train,9,9,0.9996
n02979186__n02979186_18377.jpg,90,90,train,2,2,0.9988
n03028079__n03028079_2264.jpg,332,500,train,4,4,0.9998
n02102040__n02102040_7629.jpg,375,500,train,1,1,0.9969
n01440764__n01440764_7267.jpg,420,140,train,0,0,0.9994
n03425413__n03425413_10537.jpg,375,500,train,7,7,0.9998
n03028079__n03028079_5067.jpg,500,340,train,4,4,0.999
n03417042__n03417042_10117.jpg,500,375,train,6,6,0.9999
n03028079__n03028079_27579.jpg,375,500,train,4,4,0.9999
n02979186__n02979186_1644.jpg,280,280,train,2,2,0.9986
n03425413__n03425413_15496.jpg,370,500,train,7,7,0.9605
n03417042__ILSVRC2012_val_00042487.jpg,500,333,train,6,6,0.9957
n02979186__n02979186_16408.jpg,500,334,train,2,2,1.0
n02102040__n02102040_824.jpg,500,375,train,1,1,0.999
n03445777__n03445777_17276.jpg,334,500,train,8,8,1.0
n03445777__n03445777_5766.jpg,500,332,train,8,8,0.9978
n01440764__n01440764_9108.jpg,320,480,train,0,0,0.9996
n02102040__n02102040_3649.jpg,500,407,train,1,1,1.0
n01440764__n01440764_27183.jpg,240,161,train,0,0,0.9681
n03425413__n03425413_2166.jpg,500,375,train,7,7,0.9994
n03445777__n03445777_11296.jpg,500,333,train,8,8,1.0
n03394916__n03394916_37979.jpg,397,500,train,5,5,0.9505
n03394916__n03394916_44826.jpg,500,375,train,5,5,0.9997
n03394916__n03394916_45069.jpg,400,500,train,5,5,0.9995
n03417042__n03417042_18237.jpg,500,375,train,6,6,0.9978
n02979186__n02979186_14563.jpg,433,500,train,2,2,0.9898
n03425413__n03425413_22717.jpg,333,500,train,7,7,0.9301
n03028079__n03028079_20198.jpg,500,375,train,4,4,0.9999
n03425413__n03425413_21564.jpg,500,333,train,7,7,0.8769
n03000684__ILSVRC2012_val_00019137.jpg,332,500,train,3,3,0.6747
n03417042__n03417042_4879.jpg,500,378,train,6,6,0.9998
n03425413__n03425413_20978.jpg,400,300,train,7,7,0.9914
n02979186__n02979186_17435.jpg,600,450,train,2,2,1.0
n03425413__n03425413_6695.jpg,375,500,train,7,7,0.9935
n03445777__n03445777_4715.jpg,257,300,train,8,8,0.9999
n03445777__n03445777_15875.jpg,1280,720,train,8,8,0.8998
n03425413__n03425413_10077.jpg,640,429,train,7,7,0.8311
n02102040__n02102040_1675.jpg,400,500,train,1,1,0.992
n03394916__n03394916_57855.jpg,1162,773,train,5,5,1.0
n03445777__n03445777_9255.jpg,500,339,train,8,8,0.9999
n03445777__n03445777_3539.jpg,500,334,train,8,8,0.9999
n03028079__n03028079_26688.jpg,500,375,train,4,4,0.9998
n03417042__n03417042_6204.jpg,500,443,train,6,6,0.9529
n03394916__n03394916_28994.jpg,375,500,train,5,5,0.6855
n03445777__n03445777_7965.jpg,500,375,train,8,8,0.9998
n01440764__n01440764_1379.jpg,130,97,train,0,0,0.7533
n02102040__n02102040_7617.jpg,500,404,train,1,1,0.998
n01440764__n01440764_12898.jpg,500,375,train,0,0,1.0
n02102040__n02102040_1457.jpg,432,576,train,1,1,1.0
n01440764__n01440764_6508.jpg,300,225,train,0,0,0.9637
n02979186__n02979186_357.jpg,500,375,train,2,2,0.9957
n02102040__n02102040_645.jpg,500,375,train,1,1,0.9846
n03445777__n03445777_17813.jpg,250,279,train,8,8,0.9999
n02979186__n02979186_758.jpg,500,334,train,2,2,0.9937
n03445777__n03445777_4984.jpg,400,500,train,8,8,1.0
n03425413__n03425413_6774.jpg,400,840,train,7,7,0.9778
n03417042__n03417042_11334.jpg,500,375,train,6,6,0.9999
n03394916__n03394916_30576.jpg,333,500,train,5,5,0.9998
n02979186__n02979186_15169.jpg,375,500,train,2,2,0.999
n03425413__ILSVRC2012_val_00032455.jpg,375,500,train,7,7,0.9998
n01440764__n01440764_6206.jpg,259,173,train,0,0,1.0
n01440764__n01440764_2866.jpg,375,500,train,0,0,1.0
n01440764__n01440764_17927.jpg,480,320,train,0,0,1.0
n03394916__n03394916_21327.jpg,500,342,train,5,5,0.9992
n03000684__n03000684_7568.jpg,500,375,train,3,3,0.9984
n02979186__n02979186_336.jpg,160,160,train,2,2,0.9978
n03445777__n03445777_1159.jpg,546,110,train,8,8,0.9989
n03425413__n03425413_8078.jpg,344,599,train,7,7,1.0
n03417042__n03417042_9057.jpg,480,640,train,6,6,0.9999
n03445777__n03445777_5139.jpg,300,219,train,8,8,0.9991
n03425413__n03425413_7056.jpg,375,500,train,7,7,0.9962
n02102040__ILSVRC2012_val_00018207.jpg,357,500,train,1,1,1.0
n02979186__n02979186_8254.jpg,250,179,train,2,2,0.9999
n02102040__n02102040_2429.jpg,500,333,train,1,1,0.9883
n03000684__n03000684_10479.jpg,500,334,train,3,3,0.9889
n02979186__n02979186_4059.jpg,259,200,train,2,6,0.4931
n03394916__n03394916_51764.jpg,773,1162,train,5,5,1.0
n02102040__n02102040_2516.jpg,375,500,train,1,1,1.0
n03445777__n03445777_3536.jpg,200,177,train,8,8,1.0
n03394916__n03394916_46866.jpg,500,375,train,5,5,0.9998
n03028079__n03028079_28635.jpg,500,500,train,4,4,0.9978
n03425413__n03425413_31049.jpg,500,400,train,7,7,0.9999
n02979186__n02979186_4293.jpg,560,520,train,2,2,1.0
n03445777__n03445777_9517.jpg,375,500,train,8,8,0.9999
n02102040__n02102040_3049.jpg,333,500,train,1,1,0.9999
n03394916__n03394916_35954.jpg,500,375,train,5,5,0.9999
n03000684__n03000684_12463.jpg,640,364,train,3,3,1.0
n01440764__n01440764_14169.jpg,200,150,train,0,0,1.0
n01440764__n01440764_6548.jpg,500,375,train,0,0,1.0
n03888257__n03888257_4289.jpg,500,333,train,9,9,0.9473
n02102040__n02102040_629.jpg,500,375,train,1,1,1.0
n03888257__n03888257_17513.jpg,600,450,train,9,9,0.9994
n03425413__n03425413_21948.jpg,375,500,train,7,7,0.9772
n03425413__n03425413_16049.jpg,500,375,train,7,7,0.9619
n03425413__n03425413_2586.jpg,500,375,train,7,7,0.9999
n01440764__n01440764_8748.jpg,600,450,train,0,0,1.0
n03417042__n03417042_17839.jpg,500,375,train,6,6,0.9991
n03028079__n03028079_31015.jpg,500,349,train,4,4,0.9999
n03425413__ILSVRC2012_val_00015654.jpg,375,500,train,7,7,0.9996
n01440764__n01440764_3425.jpg,400,300,train,0,0,1.0
n03028079__n03028079_1967.jpg,500,498,train,4,4,0.9999
n03888257__n03888257_20654.jpg,500,335,train,9,9,0.9999
n02979186__n02979186_11916.jpg,500,281,train,2,2,0.9898
n02102040__n02102040_5813.jpg,333,500,train,1,1,1.0
n03394916__n03394916_24304.jpg,640,480,train,5,5,1.0
n03394916__n03394916_54334.jpg,720,480,train,5,5,0.9999
n01440764__n01440764_22029.jpg,500,375,train,0,0,1.0
n03445777__n03445777_4539.jpg,474,355,train,8,8,0.9839
n03445777__n03445777_7945.jpg,500,417,train,8,8,0.9998
n01440764__n01440764_11424.jpg,375,500,train,0,0,1.0
n03028079__n03028079_9317.jpg,337,450,train,4,4,0.9975
n03000684__n03000684_15349.jpg,200,62,train,3,3,0.9999
n03000684__n03000684_13684.jpg,500,375,train,3,3,0.9933
n03394916__n03394916_3207.jpg,425,309,train,5,5,0.9999
n02979186__n02979186_16019.jpg,328,328,train,2,2,1.0
n03425413__n03425413_15479.jpg,500,375,train,7,7,0.9999
n01440764__n01440764_1336.jpg,500,338,train,0,0,1.0
n03425413__n03425413_2678.jpg,400,600,train,7,7,0.9998
n02102040__n02102040_4168.jpg,500,398,train,1,1,0.9991
n03425413__n03425413_19234.jpg,498,500,train,7,7,1.0
n02979186__n02979186_8297.jpg,500,375,train,2,2,1.0
n03888257__n03888257_5109.jpg,400,500,train,9,9,0.9982
n02102040__n02102040_835.jpg,357,500,train,1,1,1.0
n03000684__n03000684_6947.jpg,222,107,train,3,3,0.9946
n03888257__n03888257_18947.jpg,500,375,train,9,9,1.0
n03888257__n03888257_15786.jpg,767,575,train,9,9,0.9998
n03394916__n03394916_38978.jpg,500,375,train,5,5,0.9982
n03417042__n03417042_3748.jpg,500,375,train,6,6,0.765
n03000684__n03000684_18529.jpg,160,73,train,3,3,0.9924
n03445777__n03445777_5269.jpg,500,333,train,8,8,0.9999
n03417042__n03417042_3698.jpg,780,585,train,6,6,0.9999
n03425413__n03425413_15469.jpg,500,375,train,7,7,0.9925
n03000684__n03000684_33268.jpg,500,304,train,3,3,0.9979
n03445777__n03445777_1908.jpg,175,225,train,8,8,0.9993
n03425413__n03425413_14629.jpg,375,500,train,7,7,0.9998
n03394916__n03394916_31986.jpg,500,375,train,5,5,0.9844
n03000684__n03000684_26324.jpg,500,354,train,3,3,0.9996
n03888257__n03888257_43169.jpg,500,334,train,9,9,0.7461
n03888257__n03888257_3238.jpg,315,500,train,9,9,0.9886
n03000684__n03000684_2797.jpg,600,745,train,3,3,1.0
n02979186__n02979186_733.jpg,600,450,train,2,2,1.0
n03425413__n03425413_4249.jpg,375,500,train,7,7,0.9994
n03417042__n03417042_3228.jpg,500,375,train,6,6,0.9996
n02979186__n02979186_16837.jpg,500,332,train,2,2,0.9998
n03425413__n03425413_718.jpg,500,375,train,7,7,0.9998
n03028079__n03028079_7233.jpg,443,500,train,4,4,0.9997
n02979186__ILSVRC2012_val_00040604.jpg,500,375,train,2,2,0.9998
n02979186__n02979186_2745.jpg,125,87,train,2,2,0.9992
n03445777__n03445777_2194.jpg,300,295,train,8,8,0.9999
n02102040__n02102040_4005.jpg,388,500,train,1,1,0.6955
n03417042__n03417042_6228.jpg,500,375,train,6,6,0.9986
n03000684__n03000684_19679.jpg,500,375,train,3,3,0.9985
n03417042__n03417042_12588.jpg,500,400,train,6,6,0.9999
n03028079__n03028079_16687.jpg,500,344,train,4,4,0.9998
n01440764__n01440764_3603.jpg,500,333,train,0,0,1.0
n03028079__n03028079_38688.jpg,500,500,train,4,4,0.9966
n03000684__n03000684_9178.jpg,170,128,train,3,3,0.9997
n03888257__n03888257_6076.jpg,500,333,train,9,9,0.9991
n03417042__n03417042_8298.jpg,600,450,train,6,6,1.0
n02102040__n02102040_148.jpg,576,432,train,1,1,1.0
n03028079__n03028079_3057.jpg,375,500,train,4,4,1.0
n03000684__n03000684_19434.jpg,375,500,train,3,3,0.9831
n03417042__n03417042_8928.jpg,500,375,train,6,6,0.9999
n03417042__n03417042_7869.jpg,1136,848,train,6,6,0.9965
n03888257__n03888257_19079.jpg,500,333,train,9,9,0.9797
n03888257__n03888257_10919.jpg,500,336,train,9,9,0.9997
n03445777__n03445777_8817.jpg,500,375,train,8,8,1.0
n01440764__n01440764_9568.jpg,500,374,train,0,0,0.9759
n01440764__n01440764_8288.jpg,275,206,train,0,0,0.9999
n02102040__n02102040_2985.jpg,500,333,train,1,1,1.0
n03445777__n03445777_6926.jpg,500,375,train,8,8,1.0
n03028079__n03028079_60013.jpg,500,341,train,4,9,0.6507
n03028079__n03028079_6757.jpg,500,375,train,4,4,0.999
n03445777__n03445777_4673.jpg,333,500,train,8,8,0.9996
n03888257__n03888257_52009.jpg,333,500,train,9,9,0.7251
n03445777__n03445777_2405.jpg,800,523,train,8,8,0.9999
n03000684__n03000684_13043.jpg,100,100,train,3,3,1.0
n01440764__n01440764_11507.jpg,375,500,train,0,0,1.0
n03888257__n03888257_31784.jpg,500,333,train,9,9,0.9051
n02102040__n02102040_3019.jpg,375,500,train,1,1,0.9993
n03394916__n03394916_44415.jpg,500,375,train,5,5,0.9995
n03445777__n03445777_11789.jpg,500,335,train,8,8,0.9998
n03028079__n03028079_28896.jpg,460,500,train,4,4,0.9999
n03394916__n03394916_50206.jpg,600,406,train,5,5,1.0
n02102040__n02102040_715.jpg,333,500,train,1,1,1.0
n01440764__n01440764_3236.jpg,500,375,train,0,0,1.0
n03417042__n03417042_108.jpg,500,375,train,6,6,0.9998
n02979186__n02979186_11833.jpg,500,375,train,2,2,0.9989
n03445777__n03445777_2157.jpg,500,333,train,8,8,0.9997
n03425413__n03425413_14238.jpg,375,500,train,7,7,0.9993
n03425413__n03425413_21276.jpg,500,375,train,7,4,0.5297
n03425413__n03425413_32926.jpg,375,500,train,7,7,0.9998
n01440764__n01440764_8409.jpg,400,300,train,0,0,1.0
n02979186__n02979186_2548.jpg,500,375,train,2,2,0.9992
n02979186__n02979186_12305.jpg,371,500,train,2,2,0.9986
n01440764__n01440764_13183.jpg,400,300,train,0,0,1.0
n02102040__n02102040_2163.jpg,376,500,train,1,1,1.0
n03445777__n03445777_14237.jpg,400,400,train,8,8,0.9969
n03445777__n03445777_10698.jpg,500,333,train,8,8,0.9999
n03888257__n03888257_7954.jpg,375,500,train,9,9,0.9998
n03028079__n03028079_26257.jpg,500,352,train,4,4,0.9994
n03028079__n03028079_2239.jpg,500,333,train,4,4,0.8804
n02979186__n02979186_465.jpg,640,480,train,2,6,0.3671
n03445777__n03445777_5723.jpg,162,123,train,8,8,0.999
n03394916__n03394916_33308.jpg,375,500,train,5,5,1.0
n02102040__n02102040_2735.jpg,640,480,train,1,1,1.0
n02979186__n02979186_73.jpg,640,480,train,2,2,1.0
n03445777__n03445777_4366.jpg,300,300,train,8,8,0.9999
n03888257__n03888257_59754.jpg,333,500,train,9,9,0.9994
n01440764__n01440764_2418.jpg,400,300,train,0,0,1.0
n03888257__n03888257_17585.jpg,500,333,train,9,9,0.9985
n02102040__n02102040_6086.jpg,210,300,train,1,1,1.0
n03888257__n03888257_6159.jpg,500,375,train,9,9,0.9989
n01440764__n01440764_26006.jpg,500,375,train,0,0,0.9998
n02979186__n02979186_27643.jpg,800,600,train,2,6,0.7124
n03417042__n03417042_15903.jpg,500,373,train,6,6,1.0
n03028079__n03028079_603.jpg,500,375,train,4,4,0.9985
n03000684__n03000684_9189.jpg,500,375,train,3,3,0.7305
n03888257__n03888257_31075.jpg,408,500,train,9,9,0.9999
n03028079__n03028079_19206.jpg,375,500,train,4,4,0.9967
n03394916__n03394916_16213.jpg,900,598,train,5,5,1.0
n03028079__n03028079_34918.jpg,359,500,train,4,4,0.9965
n03394916__n03394916_34454.jpg,500,313,train,5,5,0.9985
n03394916__n03394916_61934.jpg,800,450,train,5,5,1.0
n03028079__n03028079_5934.jpg,500,375,train,4,4,0.9999
n03417042__n03417042_29083.jpg,500,375,train,6,6,0.9999
n03888257__n03888257_6287.jpg,500,333,train,9,9,0.9696
n03445777__n03445777_6416.jpg,380,380,train,8,8,1.0
n03425413__n03425413_20313.jpg,264,500,train,7,7,0.999
n02102040__n02102040_4063.jpg,500,375,train,1,1,1.0
n03888257__ILSVRC2012_val_00010427.jpg,500,500,train,9,9,0.9998
n03417042__n03417042_5206.jpg,500,332,train,6,6,0.9995
n01440764__n01440764_26515.jpg,240,180,train,0,0,1.0
n03028079__n03028079_17035.jpg,500,375,train,4,4,0.9784
n03028079__n03028079_1234.jpg,500,334,train,4,4,0.9998
n03000684__ILSVRC2012_val_00025878.jpg,320,240,train,3,3,1.0
n03888257__n03888257_5799.jpg,626,437,train,9,9,1.0
n03888257__n03888257_20945.jpg,500,333,train,9,9,0.9987
n03425413__n03425413_22019.jpg,375,500,train,7,7,0.9991
n02979186__n02979186_4326.jpg,400,266,train,2,2,0.8125
n03888257__n03888257_15415.jpg,500,400,train,9,9,1.0
n03417042__n03417042_4009.jpg,557,337,train,6,6,0.9999
n03394916__n03394916_3436.jpg,1280,960,train,5,5,1.0
n01440764__n01440764_7558.jpg,195,150,train,0,0,1.0
n03394916__n03394916_34299.jpg,375,500,train,5,5,0.9982
n03028079__n03028079_508.jpg,500,401,train,4,4,0.9994
n03445777__n03445777_2146.jpg,500,500,train,8,8,0.9998
n03425413__n03425413_17315.jpg,500,375,train,7,7,0.9999
n03417042__n03417042_11534.jpg,1600,1200,train,6,6,1.0
n03425413__n03425413_20578.jpg,403,500,train,7,7,0.9999
n03888257__n03888257_949.jpg,327,500,train,9,3,0.9143
n03417042__n03417042_23067.jpg,500,375,train,6,6,1.0
n03028079__n03028079_34727.jpg,500,395,train,4,4,0.9908
n03425413__n03425413_20774.jpg,500,375,train,7,7,0.9999
n03888257__n03888257_35859.jpg,333,500,train,9,9,0.9999
n03000684__n03000684_3359.jpg,375,500,train,3,3,0.9975
n02102040__n02102040_2268.jpg,500,375,train,1,1,0.9966
n01440764__n01440764_11679.jpg,400,300,train,0,0,1.0
n03417042__n03417042_18096.jpg,500,375,train,6,6,0.9961
n03000684__n03000684_10174.jpg,215,140,train,3,3,0.9934
n02979186__n02979186_13465.jpg,500,375,train,2,2,0.9993
n03445777__n03445777_3799.jpg,420,279,train,8,8,0.9999
n03888257__n03888257_23204.jpg,573,377,train,9,9,0.9995
n01440764__n01440764_10066.jpg,300,266,train,0,0,1.0
n01440764__n01440764_12204.jpg,230,190,train,0,0,1.0
n03445777__ILSVRC2012_val_00035918.jpg,500,375,train,8,8,0.9999
n03394916__n03394916_37743.jpg,500,361,train,5,5,0.9649
n01440764__n01440764_16906.jpg,333,500,train,0,0,1.0
n03417042__n03417042_3025.jpg,768,512,train,6,6,0.9911
n02979186__n02979186_19604.jpg,375,500,train,2,2,0.9998
n02979186__n02979186_26897.jpg,135,101,train,2,2,0.9985
n03028079__n03028079_7009.jpg,371,500,train,4,4,0.9999
n03417042__n03417042_5335.jpg,500,375,train,6,6,0.9968
n03445777__n03445777_9159.jpg,500,333,train,8,8,0.9181
n03000684__n03000684_18268.jpg,238,200,train,3,3,0.9382
n02102040__n02102040_5513.jpg,375,500,train,1,1,1.0
n03028079__n03028079_7963.jpg,500,333,train,4,4,0.9998
n03425413__n03425413_21228.jpg,500,416,train,7,7,0.9793
n03425413__n03425413_32995.jpg,500,375,train,7,7,0.7699
n03888257__n03888257_13129.jpg,201,152,train,9,9,0.9999
n03888257__n03888257_11737.jpg,600,450,train,9,9,1.0
n03394916__n03394916_42467.jpg,375,500,train,5,5,1.0
n03445777__n03445777_18067.jpg,500,333,train,8,8,1.0
n03425413__n03425413_8313.jpg,375,500,train,7,7,0.9972
n03394916__n03394916_30013.jpg,423,500,train,5,5,1.0
n03394916__ILSVRC2012_val_00025583.jpg,500,375,train,5,5,1.0
n03028079__n03028079_1487.jpg,500,333,train,4,4,0.9999
n03000684__n03000684_8533.jpg,333,500,train,3,3,0.8237
n03888257__n03888257_45124.jpg,500,334,train,9,9,0.9999
n03888257__n03888257_63169.jpg,500,320,train,9,9,0.9978
n03888257__n03888257_8639.jpg,500,333,train,9,9,0.9994
n03445777__n03445777_13576.jpg,400,270,train,8,8,0.9999
n02979186__ILSVRC2012_val_00033397.jpg,500,333,train,2,2,0.9986
n01440764__n01440764_12659.jpg,462,300,train,0,0,0.996
n03445777__n03445777_11389.jpg,500,442,train,8,8,1.0
n03888257__ILSVRC2012_val_00007616.jpg,500,376,train,9,9,0.9861
n03000684__n03000684_14626.jpg,500,375,train,3,3,0.9996
n03417042__n03417042_22064.jpg,500,375,train,6,6,0.9646
n03028079__n03028079_30137.jpg,500,355,train,4,4,0.9997
n03888257__n03888257_15019.jpg,500,500,train,9,9,0.998
n02102040__n02102040_4705.jpg,284,217,train,1,1,1.0
n03417042__n03417042_21047.jpg,499,500,train,6,6,1.0
n03000684__n03000684_18153.jpg,180,240,train,3,3,0.9998
n02102040__n02102040_364.jpg,500,333,train,1,1,1.0
n03000684__n03000684_7953.jpg,159,150,train,3,3,1.0
n03425413__n03425413_13596.jpg,448,465,train,7,7,0.9945
n03425413__n03425413_8579.jpg,500,375,train,7,7,0.6728
n03028079__ILSVRC2012_val_00031446.jpg,496,500,train,4,4,0.9995
n02102040__n02102040_818.jpg,500,368,train,1,1,0.9999
n02102040__n02102040_1473.jpg,500,375,train,1,1,0.9995
n02102040__n02102040_585.jpg,500,333,train,1,1,0.9999
n03445777__n03445777_7324.jpg,500,333,train,8,8,0.9999
n01440764__n01440764_7877.jpg,640,480,train,0,0,1.0
n02102040__n02102040_4639.jpg,500,333,train,1,1,1.0
n03425413__n03425413_1214.jpg,375,500,train,7,7,0.5688
n03445777__n03445777_4109.jpg,500,333,train,8,8,0.9999
n03425413__n03425413_20927.jpg,500,375,train,7,7,0.8617
n02102040__n02102040_768.jpg,500,375,train,1,1,0.9999
n01440764__n01440764_13797.jpg,186,242,train,0,0,0.9994
n03417042__n03417042_27253.jpg,500,388,train,6,6,0.9852
n03000684__n03000684_2233.jpg,500,375,train,3,3,0.9994
n03394916__n03394916_2688.jpg,180,225,train,5,5,0.9989
n03394916__n03394916_29925.jpg,500,332,train,5,5,1.0
n03425413__n03425413_7378.jpg,375,500,train,7,7,0.9998
n02102040__n02102040_398.jpg,500,375,train,1,1,0.9997
n03028079__n03028079_13604.jpg,500,333,train,4,4,0.9935
n02979186__n02979186_10666.jpg,280,280,train,2,2,0.9632
n01440764__n01440764_8455.jpg,640,480,train,0,0,1.0
n03445777__n03445777_2608.jpg,265,268,train,8,8,0.9997
n02979186__n02979186_22929.jpg,500,375,train,2,2,0.9907
n02979186__n02979186_2983.jpg,100,100,train,2,2,0.9987
n02979186__n02979186_13015.jpg,309,152,train,2,2,1.0
n02979186__n02979186_20745.jpg,90,90,train,2,2,0.9998
n02979186__n02979186_13019.jpg,500,375,train,2,2,0.9831
n03028079__n03028079_699.jpg,500,353,train,4,4,0.9996
n03000684__n03000684_5626.jpg,267,200,train,3,3,0.9998
n03888257__n03888257_10037.jpg,500,348,train,9,9,0.9964
n03417042__n03417042_4605.jpg,500,375,train,6,6,0.9998
n03394916__ILSVRC2012_val_00007155.jpg,500,348,train,5,5,1.0
n02102040__n02102040_1187.jpg,500,355,train,1,1,0.9965
n03888257__n03888257_15364.jpg,500,372,train,9,9,0.9999
n03445777__n03445777_9056.jpg,325,500,train,8,8,0.9999
n03425413__n03425413_2358.jpg,375,500,train,7,7,0.9999
n03425413__n03425413_28685.jpg,2730,4096,train,7,7,0.9969
n02979186__n02979186_11543.jpg,500,375,train,2,2,0.494
n01440764__n01440764_12308.jpg,350,281,train,0,0,1.0
n03445777__n03445777_3529.jpg,500,333,train,8,8,1.0
n03425413__n03425413_934.jpg,375,500,train,7,7,0.9983
n03417042__n03417042_29303.jpg,767,373,train,6,6,0.9511
n03425413__n03425413_9377.jpg,500,333,train,7,7,0.9999
n02979186__n02979186_2513.jpg,500,333,train,2,2,1.0
n03425413__n03425413_19363.jpg,375,500,train,7,7,1.0
n01440764__n01440764_844.jpg,480,640,train,0,0,0.9999
n03394916__n03394916_30024.jpg,375,500,train,5,5,0.6864
n03425413__n03425413_3088.jpg,375,500,train,7,7,1.0
n03394916__n03394916_15787.jpg,376,566,train,5,5,0.9998
n03445777__n03445777_8954.jpg,500,338,train,8,8,0.9998
n03417042__n03417042_23057.jpg,500,375,train,6,6,0.9999
n03888257__n03888257_8539.jpg,300,208,train,9,9,0.9999
n01440764__n01440764_5176.jpg,257,146,train,0,0,1.0
n03445777__n03445777_1809.jpg,500,333,train,8,8,0.9999
n02102040__ILSVRC2012_val_00012689.jpg,500,375,train,1,1,0.9996
n03028079__n03028079_9779.jpg,500,392,train,4,4,0.9995
n03394916__n03394916_37239.jpg,375,500,train,5,5,0.9986
n03445777__n03445777_1338.jpg,500,330,train,8,8,1.0
n03028079__n03028079_8989.jpg,500,400,train,4,4,1.0
n03394916__n03394916_10835.jpg,600,447,train,5,5,1.0
n03425413__n03425413_905.jpg,1064,1600,train,7,7,0.9997
n02979186__n02979186_5739.jpg,500,333,train,2,2,0.995
n03000684__n03000684_17896.jpg,127,99,train,3,3,0.9981
n03028079__n03028079_6497.jpg,500,332,train,4,4,0.9998
n02979186__n02979186_18057.jpg,500,171,train,2,2,1.0
n03028079__n03028079_8449.jpg,500,333,train,4,4,0.9998
n03394916__n03394916_12723.jpg,380,285,train,5,5,1.0
n02979186__n02979186_23514.jpg,500,375,train,2,2,0.9919
n02979186__n02979186_20577.jpg,200,150,train,2,2,0.7391
n02102040__n02102040_626.jpg,376,500,train,1,1,1.0
n03425413__n03425413_13809.jpg,375,500,train,7,7,0.9529
n02102040__n02102040_4325.jpg,375,500,train,1,1,1.0
n03000684__n03000684_14184.jpg,1024,750,train,3,3,0.8846
n03425413__n03425413_789.jpg,495,1577,train,7,7,0.998
n03445777__n03445777_5908.jpg,500,280,train,8,8,0.9996
n03417042__ILSVRC2012_val_00018227.jpg,500,348,train,6,6,0.9989
n03445777__n03445777_10676.jpg,375,500,train,8,8,1.0
n03394916__n03394916_31453.jpg,500,375,train,5,2,0.9063
n03394916__n03394916_43744.jpg,375,500,train,5,5,0.9993
n02979186__n02979186_11967.jpg,500,375,train,2,2,1.0
n03888257__n03888257_5757.jpg,357,500,train,9,9,0.9997
n03028079__n03028079_20167.jpg,500,357,train,4,4,0.9948
n03425413__n03425413_26983.jpg,333,500,train,7,3,0.9194
n03394916__n03394916_42538.jpg,500,375,train,5,5,0.9999
n03888257__n03888257_24216.jpg,640,480,train,9,9,1.0
n02979186__n02979186_11838.jpg,500,437,train,2,2,0.9985
n03417042__n03417042_757.jpg,500,375,train,6,6,0.9999
n03425413__n03425413_20199.jpg,500,335,train,7,7,0.9959
n03888257__n03888257_19805.jpg,500,305,train,9,9,1.0
n01440764__n01440764_8783.jpg,400,300,train,0,0,1.0
n03888257__n03888257_53003.jpg,500,333,train,9,9,0.9994
n02102040__n02102040_1286.jpg,500,375,train,1,1,0.9999
n03888257__n03888257_16595.jpg,333,500,train,9,9,0.6134
n02979186__n02979186_11318.jpg,121,90,train,2,2,0.9991
n03028079__n03028079_10006.jpg,500,371,train,4,4,0.9998
n03000684__n03000684_9046.jpg,500,437,train,3,3,0.9998
n03445777__n03445777_8394.jpg,375,500,train,8,8,0.9998
n03445777__n03445777_2585.jpg,500,335,train,8,8,0.9999
n03445777__n03445777_524.jpg,420,150,train,8,8,0.9999
n03028079__n03028079_16547.jpg,375,500,train,4,4,0.9995
n03445777__n03445777_7283.jpg,350,250,train,8,8,0.9997
n03425413__n03425413_3083.jpg,500,375,train,7,7,0.9184
n03000684__n03000684_10518.jpg,530,465,train,3,3,0.9997
n03888257__n03888257_18974.jpg,500,333,train,9,9,1.0
n02102040__n02102040_733.jpg,500,375,train,1,1,1.0
n03028079__n03028079_1333.jpg,332,500,train,4,4,1.0
n01440764__n01440764_23629.jpg,500,375,train,0,0,1.0
n03445777__n03445777_19765.jpg,500,375,train,8,8,1.0
n02979186__n02979186_97.jpg,600,532,train,2,2,0.9985
n03000684__n03000684_15273.jpg,500,311,train,3,3,0.9886
n03028079__n03028079_59507.jpg,500,369,train,4,4,0.998
n03028079__n03028079_1199.jpg,500,350,train,4,4,0.9968
n03394916__n03394916_45264.jpg,500,375,train,5,5,1.0
n03394916__ILSVRC2012_val_00041958.jpg,500,375,train,5,5,0.9998
n03425413__n03425413_27335.jpg,768,470,train,7,7,0.9996
n03888257__n03888257_68027.jpg,500,357,train,9,9,0.9977
n03028079__n03028079_16245.jpg,640,479,train,4,4,0.9999
n03425413__n03425413_12623.jpg,500,489,train,7,7,0.8741
n03394916__n03394916_28857.jpg,500,375,train,5,5,1.0
n03028079__n03028079_2834.jpg,500,375,train,4,4,0.9999
n03425413__n03425413_21725.jpg,375,500,train,7,7,0.9809
n03425413__n03425413_13454.jpg,281,500,train,7,7,0.9996
n03445777__n03445777_2397.jpg,469,700,train,8,8,0.9999
n03888257__n03888257_51626.jpg,500,333,train,9,9,0.9996
n03394916__n03394916_15476.jpg,158,207,train,5,5,1.0
n03417042__n03417042_10073.jpg,500,375,train,6,6,0.994
n02102040__n02102040_1343.jpg,425,392,train,1,1,0.9987
n03394916__n03394916_35357.jpg,342,500,train,5,5,0.9971
n03417042__n03417042_28743.jpg,500,375,train,6,6,0.9997
n03425413__n03425413_7826.jpg,320,240,train,7,7,0.9959
n03028079__n03028079_35897.jpg,500,375,train,4,5,0.6764
n01440764__n01440764_16857.jpg,500,375,train,0,0,0.9999
n03445777__n03445777_5568.jpg,200,181,train,8,8,0.9999
n03394916__n03394916_15114.jpg,500,502,train,5,5,1.0
n03888257__n03888257_24024.jpg,640,408,train,9,9,0.9999
n03000684__n03000684_18475.jpg,400,300,train,3,3,0.997
n03417042__n03417042_29353.jpg,550,413,train,6,6,0.9999
n03394916__n03394916_37563.jpg,500,333,train,5,5,0.9992
n03445777__n03445777_9436.jpg,333,500,train,8,8,0.9999
n02102040__n02102040_1057.jpg,338,500,train,1,1,1.0
n03394916__n03394916_36154.jpg,338,500,train,5,5,0.9879
n03425413__n03425413_16116.jpg,375,500,train,7,7,0.9998
n01440764__n01440764_17896.jpg,500,367,train,0,0,1.0
n03888257__n03888257_62814.jpg,500,333,train,9,9,0.9997
n03394916__n03394916_54113.jpg,640,479,train,5,5,0.9939
n01440764__n01440764_9057.jpg,1301,869,train,0,0,0.9999
n03888257__n03888257_32247.jpg,500,333,train,9,9,0.9999
n02979186__n02979186_3764.jpg,300,196,train,2,2,1.0
n03417042__n03417042_16087.jpg,500,375,train,6,6,0.9999
n03425413__n03425413_20659.jpg,375,500,train,7,7,0.9999
n02102040__n02102040_729.jpg,500,333,train,1,1,0.9996
n03425413__n03425413_748.jpg,640,480,train,7,7,0.9992
n03000684__n03000684_11348.jpg,180,180,train,3,3,0.9999
n03445777__n03445777_16083.jpg,480,360,train,8,8,0.9999
n03028079__ILSVRC2012_val_00017783.jpg,442,500,train,4,4,0.998
n03425413__n03425413_21278.jpg,500,376,train,7,7,0.9572
n03417042__n03417042_27988.jpg,500,375,train,6,6,0.9999
n02102040__n02102040_7029.jpg,500,364,train,1,1,0.9994
n03028079__n03028079_15095.jpg,500,375,train,4,4,0.9998
n02979186__n02979186_8824.jpg,90,90,train,2,3,0.883
n02102040__n02102040_4554.jpg,376,500,train,1,1,0.9995
n02102040__n02102040_2685.jpg,500,338,train,1,1,1.0
n03445777__n03445777_3595.jpg,500,333,train,8,8,1.0
n02102040__n02102040_4625.jpg,500,333,train,1,1,1.0
n03417042__n03417042_20713.jpg,500,374,train,6,6,1.0
n03445777__n03445777_6383.jpg,500,339,train,8,8,0.9913
n01440764__n01440764_13035.jpg,250,176,train,0,0,1.0
n03425413__n03425413_12869.jpg,350,467,train,7,7,0.8875
n02102040__n02102040_2768.jpg,500,375,train,1,1,0.9765
n02102040__n02102040_2836.jpg,500,334,train,1,1,0.9999
n03028079__n03028079_17779.jpg,500,373,train,4,4,0.9022
n03394916__n03394916_32486.jpg,500,333,train,5,5,0.9998
n02102040__n02102040_903.jpg,376,500,train,1,1,0.9996
n03028079__n03028079_7365.jpg,373,500,train,4,4,0.9999
n03000684__n03000684_27786.jpg,500,375,train,3,3,1.0
n02102040__n02102040_3889.jpg,500,375,train,1,1,1.0
n03888257__n03888257_9066.jpg,500,330,train,9,9,0.9991
n03394916__n03394916_30888.jpg,500,375,train,5,5,0.991
n03445777__n03445777_20724.jpg,500,375,train,8,8,0.9998
n03394916__n03394916_28947.jpg,375,500,train,5,5,0.9999
n03425413__n03425413_8577.jpg,375,500,train,7,7,0.9997
n03425413__n03425413_7487.jpg,375,500,train,7,7,0.9953
n03445777__n03445777_889.jpg,332,500,train,8,8,0.6109
n02102040__n02102040_4747.jpg,500,333,train,1,1,1.0
n03394916__n03394916_54045.jpg,594,395,train,5,5,1.0
n03394916__n03394916_64879.jpg,500,328,train,5,5,0.9975
n01440764__n01440764_9577.jpg,335,500,train,0,0,0.9998
n03028079__n03028079_18097.jpg,403,640,train,4,4,0.9781
n01440764__n01440764_14233.jpg,275,225,train,0,0,1.0
n02102040__n02102040_174.jpg,600,456,train,1,1,1.0
n03888257__n03888257_17708.jpg,240,312,train,9,9,1.0
n03394916__n03394916_18315.jpg,375,500,train,5,5,0.9987
n03417042__n03417042_11435.jpg,500,375,train,6,6,0.9874
n01440764__n01440764_5969.jpg,300,367,train,0,0,1.0
n03417042__n03417042_10676.jpg,500,380,train,6,6,1.0
n03028079__n03028079_30184.jpg,500,375,train,4,4,0.9962
n03028079__n03028079_31955.jpg,494,500,train,4,4,0.9999
n03028079__n03028079_3306.jpg,377,500,train,4,4,0.8777
n03425413__ILSVRC2012_val_00037555.jpg,375,500,train,7,7,0.9997
n01440764__n01440764_28275.jpg,500,373,train,0,0,1.0
n03028079__n03028079_56376.jpg,500,341,train,4,4,0.9994
n03425413__n03425413_21315.jpg,500,373,train,7,7,0.9998
n03425413__n03425413_19039.jpg,500,401,train,7,7,0.9601
n01440764__n01440764_11444.jpg,248,248,train,0,0,1.0
n03425413__n03425413_13986.jpg,500,375,train,7,4,0.5764
n03417042__ILSVRC2012_val_00047374.jpg,500,334,train,6,6,1.0
n03888257__n03888257_9858.jpg,434,500,train,9,9,0.9676
n01440764__n01440764_8764.jpg,400,300,train,0,0,0.9999
n02102040__n02102040_8373.jpg,500,375,train,1,1,1.0
n03425413__n03425413_11924.jpg,375,500,train,7,7,0.9999
n03417042__n03417042_28747.jpg,500,374,train,6,6,0.9982
n03888257__n03888257_13016.jpg,500,333,train,9,9,0.9999
n03417042__n03417042_19905.jpg,500,375,train,6,6,1.0
n02102040__n02102040_2675.jpg,500,375,train,1,1,0.9996
n03417042__n03417042_20547.jpg,640,480,train,6,6,0.9068
n03445777__n03445777_8053.jpg,500,331,train,8,8,0.9922
n01440764__n01440764_6903.jpg,651,488,train,0,0,1.0
n03000684__n03000684_2035.jpg,400,566,train,3,3,0.9999
n03425413__n03425413_15434.jpg,365,500,train,7,7,0.9987
n02102040__n02102040_2059.jpg,500,375,train,1,1,0.9997
n03000684__n03000684_8799.jpg,640,344,train,3,3,0.9904
n01440764__n01440764_26948.jpg,500,333,train,0,0,1.0
n03028079__n03028079_34763.jpg,500,367,train,4,4,0.995
n02102040__n02102040_536.jpg,365,594,train,1,1,1.0
n03425413__n03425413_2889.jpg,600,800,train,7,7,0.9532
n03445777__n03445777_4098.jpg,500,333,train,8,8,1.0
n03445777__n03445777_7666.jpg,500,334,train,8,8,0.9999
n03028079__n03028079_30204.jpg,500,343,train,4,4,0.9993
n03028079__n03028079_10328.jpg,333,500,train,4,4,0.9999
n02102040__n02102040_7169.jpg,500,333,train,1,1,1.0
n03888257__n03888257_1517.jpg,500,313,train,9,9,0.9981
n03028079__n03028079_1008.jpg,334,500,train,4,4,0.9992
n03445777__n03445777_8339.jpg,500,375,train,8,8,1.0
n03417042__n03417042_29434.jpg,500,375,train,6,6,0.9999
n03888257__n03888257_41295.jpg,608,461,train,9,9,0.9998
n03000684__n03000684_3.jpg,500,375,train,3,3,0.9995
n03028079__n03028079_24139.jpg,500,386,train,4,4,0.9996
n01440764__n01440764_19219.jpg,361,500,train,0,0,0.9558
n03888257__n03888257_4355.jpg,500,333,train,9,9,0.9972
n03425413__n03425413_15009.jpg,375,500,train,7,7,1.0
n03425413__n03425413_5574.jpg,500,375,train,7,7,0.9997
n03394916__n03394916_61565.jpg,1000,878,train,5,5,1.0
n01440764__n01440764_2369.jpg,2048,1536,train,0,0,1.0
n03028079__n03028079_9646.jpg,500,376,train,4,4,0.9999
n02979186__n02979186_11715.jpg,500,333,train,2,2,1.0
n02102040__n02102040_1518.jpg,307,335,train,1,1,1.0
n03417042__n03417042_6213.jpg,500,375,train,6,6,1.0
n03000684__n03000684_8243.jpg,500,356,train,3,3,0.9751
n03888257__n03888257_41069.jpg,333,500,train,9,9,1.0
n03028079__n03028079_26229.jpg,468,468,train,4,4,0.9999
n03425413__n03425413_8934.jpg,300,650,train,7,7,0.9998
n03394916__n03394916_59836.jpg,600,441,train,5,5,0.9999
n03445777__n03445777_10574.jpg,400,256,train,8,8,0.9996
n03028079__n03028079_4656.jpg,375,500,train,4,4,0.9978
n03000684__n03000684_17309.jpg,500,375,train,3,3,1.0
n03445777__n03445777_1386.jpg,333,500,train,8,8,0.9998
n03000684__n03000684_28918.jpg,500,333,train,3,3,0.9999
n03000684__n03000684_4353.jpg,333,500,train,3,3,0.9932
n02979186__n02979186_3345.jpg,300,196,train,2,2,0.9974
n03445777__n03445777_603.jpg,250,200,train,8,8,0.9999
n02979186__n02979186_1225.jpg,500,374,train,2,2,0.9983
n01440764__n01440764_315.jpg,500,375,train,0,0,1.0
n03028079__n03028079_7076.jpg,500,500,train,4,4,0.9968
n03425413__n03425413_14969.jpg,375,500,train,7,7,1.0
n03445777__n03445777_15188.jpg,200,150,train,8,8,0.9984
n03028079__n03028079_25708.jpg,500,331,train,4,4,0.9998
n03028079__n03028079_7163.jpg,400,600,train,4,4,0.9997
n03425413__ILSVRC2012_val_00035913.jpg,373,500,train,7,7,0.9997
n03417042__n03417042_1228.jpg,500,335,train,6,6,0.9999
n03425413__n03425413_10394.jpg,640,370,train,7,7,0.9999
n03028079__n03028079_2617.jpg,500,441,train,4,4,0.9999
n03028079__n03028079_74513.jpg,500,375,train,4,4,0.9668
n03000684__ILSVRC2012_val_00031549.jpg,360,360,train,3,3,0.9999
n03888257__n03888257_9399.jpg,500,333,train,9,9,0.9999
n03394916__n03394916_38604.jpg,500,334,train,5,5,0.9804
n03445777__n03445777_1993.jpg,498,500,train,8,8,0.9927
n03028079__n03028079_3835.jpg,500,488,train,4,4,0.9942
n03417042__n03417042_21705.jpg,500,375,train,6,6,1.0
n03888257__n03888257_25456.jpg,500,334,train,9,9,0.9998
n03425413__n03425413_6268.jpg,640,480,train,7,7,0.9919
n03417042__n03417042_6608.jpg,500,375,train,6,6,0.9997
n03394916__n03394916_3675.jpg,175,197,train,5,5,0.9997
n01440764__n01440764_7185.jpg,500,375,train,0,0,1.0
n03028079__n03028079_24636.jpg,356,500,train,4,4,0.9999
n02979186__n02979186_10914.jpg,271,106,train,2,2,0.9999
n03394916__n03394916_1915.jpg,333,500,train,5,5,1.0
n03394916__n03394916_747.jpg,400,551,train,5,5,0.9998
n03394916__n03394916_43058.jpg,500,334,train,5,5,0.9167
n01440764__n01440764_11588.jpg,226,169,train,0,0,1.0
n02979186__n02979186_10847.jpg,160,136,train,2,2,0.9979
n03425413__n03425413_10513.jpg,337,600,train,7,7,0.9983
n03028079__n03028079_7537.jpg,500,372,train,4,4,0.9998
n02102040__n02102040_2149.jpg,500,333,train,1,1,0.9998
n03888257__n03888257_18198.jpg,500,333,train,9,9,0.9876
n03394916__n03394916_53968.jpg,1162,773,train,5,5,0.9999
n03000684__n03000684_7876.jpg,500,375,train,3,3,0.9956
n02979186__n02979186_2949.jpg,250,250,train,2,2,0.9981
n03425413__n03425413_10868.jpg,400,545,train,7,7,0.9995
n03888257__n03888257_29555.jpg,500,334,train,9,9,0.9997
n02979186__n02979186_1299.jpg,180,159,train,2,2,0.9999
n03425413__n03425413_20778.jpg,375,500,train,7,7,0.7457
n03445777__n03445777_3966.jpg,211,471,train,8,8,0.9996
n03445777__n03445777_4173.jpg,500,334,train,8,8,0.9997
n03417042__n03417042_17616.jpg,500,333,train,6,6,0.9999
n02979186__n02979186_17754.jpg,250,250,train,2,2,0.999
n03425413__n03425413_3215.jpg,375,500,train,7,7,0.9955
n03000684__n03000684_87.jpg,500,375,train,3,3,0.998
n03028079__n03028079_10667.jpg,500,375,train,4,4,0.984
n02979186__n02979186_10537.jpg,800,335,train,2,2,0.998
n03445777__n03445777_298.jpg,500,375,train,8,8,1.0
n03000684__n03000684_2106.jpg,250,250,train,3,3,1.0
n02102040__n02102040_3205.jpg,500,375,train,1,1,0.8889
n03445777__n03445777_12789.jpg,300,262,train,8,8,0.9997
n03888257__ILSVRC2012_val_00020698.jpg,500,425,train,9,9,0.9999
n02979186__n02979186_2563.jpg,1280,960,train,2,2,0.9998
n03417042__n03417042_3065.jpg,500,375,train,6,6,1.0
n03888257__n03888257_29449.jpg,302,512,train,9,9,0.8136
n03000684__n03000684_8115.jpg,500,400,train,3,3,0.9999
n02102040__n02102040_4255.jpg,500,493,train,1,1,1.0
n03417042__n03417042_29384.jpg,500,375,train,6,6,0.9998
n03888257__n03888257_25224.jpg,500,346,train,9,9,0.9998
n03417042__n03417042_7588.jpg,375,500,train,6,6,0.9961
n03028079__n03028079_8199.jpg,500,375,train,4,4,0.9999
n03000684__n03000684_4545.jpg,130,91,train,3,3,1.0
n03000684__n03000684_29673.jpg,335,500,train,3,3,1.0
n03425413__n03425413_14398.jpg,500,375,train,7,7,0.9993
n03417042__n03417042_8204.jpg,250,173,train,6,6,0.9995
n03888257__n03888257_18939.jpg,333,500,train,9,9,0.9999
n03445777__n03445777_8315.jpg,375,500,train,8,8,0.994
n03000684__n03000684_34715.jpg,500,375,train,3,3,1.0
n03425413__n03425413_21448.jpg,258,500,train,7,7,0.9707
n03417042__n03417042_1668.jpg,500,333,train,6,6,0.9986
n01440764__n01440764_4506.jpg,375,500,train,0,0,1.0
n03028079__n03028079_16853.jpg,600,800,train,4,4,0.9998
n02102040__n02102040_885.jpg,596,889,train,1,1,1.0
n03000684__n03000684_20536.jpg,500,333,train,3,3,0.9995
n03028079__n03028079_32118.jpg,500,333,train,4,4,0.9993
n02102040__n02102040_2788.jpg,500,375,train,1,1,0.9945
n03417042__n03417042_7505.jpg,500,381,train,6,6,1.0
n03417042__n03417042_18268.jpg,500,375,train,6,6,0.9953
n02979186__n02979186_5424.jpg,2012,1820,train,2,2,0.9935
n03425413__n03425413_33253.jpg,500,386,train,7,7,0.9965
n03445777__n03445777_5463.jpg,350,262,train,8,8,0.9996
n03394916__ILSVRC2012_val_00048303.jpg,500,334,train,5,5,1.0
n03417042__n03417042_18169.jpg,500,375,train,6,6,1.0
n03000684__n03000684_17778.jpg,500,375,train,3,3,0.9983
n03394916__n03394916_29265.jpg,424,500,train,5,5,0.8959
n02979186__n02979186_24015.jpg,200,158,train,2,2,0.9999
n03028079__n03028079_29019.jpg,334,500,train,4,4,0.998
n02979186__n02979186_2686.jpg,125,88,train,2,2,0.9907
n03028079__n03028079_55483.jpg,357,500,train,4,4,0.9998
n01440764__n01440764_7056.jpg,150,113,train,0,0,1.0
n03425413__n03425413_15115.jpg,400,500,train,7,7,0.4542
n03888257__ILSVRC2012_val_00020003.jpg,500,467,train,9,9,0.9998
n03888257__ILSVRC2012_val_00019289.jpg,500,375,train,9,9,0.9991
n03417042__n03417042_28666.jpg,500,375,train,6,6,0.9994
n03445777__n03445777_2557.jpg,333,500,train,8,8,0.9539
n03888257__n03888257_12164.jpg,375,500,train,9,9,0.9999
n03000684__n03000684_7138.jpg,800,600,train,3,3,0.9999
n03445777__n03445777_16189.jpg,640,480,train,8,8,0.9998
n03394916__n03394916_60489.jpg,700,465,train,5,5,1.0
n03417042__n03417042_5877.jpg,500,375,train,6,6,0.9966
n01440764__n01440764_3176.jpg,627,618,train,0,0,1.0
n01440764__ILSVRC2012_val_00010306.jpg,500,399,train,0,0,0.8279
n02102040__n02102040_8139.jpg,500,333,train,1,1,1.0
n03888257__n03888257_9609.jpg,500,333,train,9,9,0.9981
n02979186__n02979186_25129.jpg,280,280,train,2,2,1.0
n03445777__n03445777_9325.jpg,500,332,train,8,8,1.0
n02102040__n02102040_74.jpg,500,333,train,1,1,1.0
n02102040__n02102040_4395.jpg,500,334,train,1,1,0.9999
n03394916__n03394916_40536.jpg,500,375,train,5,5,1.0
n03028079__n03028079_37037.jpg,500,388,train,4,4,0.9997
n03028079__n03028079_10199.jpg,500,375,train,4,4,0.823
n03425413__n03425413_11124.jpg,1280,960,train,7,7,0.5997
n03028079__n03028079_20047.jpg,500,332,train,4,4,0.9994
n02979186__n02979186_3088.jpg,500,375,train,2,2,1.0
n03000684__n03000684_12757.jpg,500,335,train,3,3,0.7868
n03394916__n03394916_40026.jpg,500,375,train,5,5,0.999
n03394916__n03394916_59626.jpg,800,561,train,5,5,1.0
n03000684__n03000684_15518.jpg,500,416,train,3,2,0.7699
n02102040__n02102040_7786.jpg,500,375,train,1,1,0.9997
n03445777__n03445777_2039.jpg,180,180,train,8,8,0.9429
n02979186__n02979186_2029.jpg,250,250,train,2,2,0.9991
n03425413__n03425413_21507.jpg,371,500,train,7,7,0.9997
n03445777__n03445777_523.jpg,163,202,train,8,8,0.9998
n02979186__n02979186_3563.jpg,300,225,train,2,2,0.9994
n02979186__n02979186_6154.jpg,400,300,train,2,2,0.9998
n02979186__n02979186_11675.jpg,500,276,train,2,2,0.9995
n03000684__n03000684_4679.jpg,400,320,train,3,3,0.9999
n01440764__n01440764_8826.jpg,230,234,train,0,0,1.0
n03000684__n03000684_9569.jpg,500,375,train,3,3,0.9902
n03394916__n03394916_38327.jpg,500,337,train,5,5,1.0
n03028079__n03028079_21039.jpg,358,500,train,4,4,0.9998
n03888257__n03888257_5218.jpg,500,335,train,9,9,0.9982
n03000684__n03000684_8898.jpg,375,500,train,3,3,0.9785
n03445777__n03445777_8145.jpg,500,375,train,8,8,0.9999
n01440764__n01440764_13749.jpg,228,190,train,0,0,0.9999
n01440764__n01440764_2729.jpg,625,598,train,0,0,1.0
n03028079__n03028079_12706.jpg,600,515,train,4,4,1.0
n01440764__n01440764_2874.jpg,640,480,train,0,0,1.0
n02102040__n02102040_875.jpg,500,375,train,1,1,0.9982
n01440764__n01440764_10716.jpg,320,283,train,0,0,0.9993
n02102040__n02102040_1295.jpg,398,500,train,1,1,1.0
n03000684__ILSVRC2012_val_00004034.jpg,500,333,train,3,3,0.9843
n02979186__n02979186_20698.jpg,159,300,train,2,2,0.9977
n03417042__n03417042_19978.jpg,500,375,train,6,6,1.0
n02979186__n02979186_13053.jpg,500,375,train,2,2,0.9998
n02102040__n02102040_2014.jpg,500,375,train,1,1,0.9991
n03417042__n03417042_8275.jpg,500,375,train,6,6,0.9999
n01440764__n01440764_8423.jpg,400,300,train,0,0,0.9948
n03417042__n03417042_27686.jpg,500,375,train,6,6,1.0
n03445777__n03445777_18958.jpg,320,249,train,8,8,0.9999
n03394916__n03394916_12226.jpg,198,161,train,5,5,1.0
n02979186__n02979186_15197.jpg,371,500,train,2,2,0.9939
n03028079__ILSVRC2012_val_00009705.jpg,500,375,train,4,4,0.9995
n03028079__n03028079_29419.jpg,367,500,train,4,4,0.9999
n03888257__n03888257_4154.jpg,333,500,train,9,9,0.9905
n03000684__n03000684_18827.jpg,150,135,train,3,3,1.0
n01440764__n01440764_8903.jpg,187,240,train,0,0,0.9984
n03000684__n03000684_1463.jpg,500,375,train,3,3,0.9992
n02979186__n02979186_3559.jpg,1100,816,train,2,2,0.9998
n03000684__n03000684_28509.jpg,500,375,train,3,3,0.9996
n03425413__n03425413_5526.jpg,566,848,train,7,7,0.9999
n03028079__n03028079_1177.jpg,500,500,train,4,4,0.9999
n03425413__n03425413_20848.jpg,500,375,train,7,7,0.9965
n03394916__n03394916_41056.jpg,375,500,train,5,5,0.9998
n01440764__n01440764_73.jpg,500,375,train,0,0,1.0
n01440764__n01440764_3778.jpg,500,375,train,0,0,1.0
n03028079__n03028079_9974.jpg,600,450,train,4,4,1.0
n01440764__n01440764_6697.jpg,226,169,train,0,0,1.0
n03445777__n03445777_5699.jpg,500,375,train,8,8,1.0
n03417042__n03417042_13577.jpg,500,375,train,6,6,0.9999
n03417042__n03417042_2017.jpg,500,329,train,6,6,1.0
n03445777__n03445777_306.jpg,500,400,train,8,8,0.9998
n03417042__ILSVRC2012_val_00036233.jpg,500,375,train,6,6,1.0
n03417042__n03417042_7047.jpg,500,335,train,6,6,0.9976
n02102040__n02102040_1818.jpg,500,375,train,1,1,1.0
n02102040__n02102040_4633.jpg,477,500,train,1,1,0.9988
n03000684__n03000684_10704.jpg,500,371,train,3,3,0.9999
n03445777__n03445777_10106.jpg,375,500,train,8,8,1.0
n01440764__n01440764_10787.jpg,1489,722,train,0,0,1.0
n03000684__n03000684_1897.jpg,500,375,train,3,3,0.9337
n03417042__n03417042_2153.jpg,700,525,train,6,6,0.9995
n03028079__n03028079_73073.jpg,500,375,train,4,4,0.9995
n03394916__n03394916_49493.jpg,540,430,train,5,5,1.0
n03888257__n03888257_4117.jpg,500,375,train,9,9,0.9994
n01440764__n01440764_6157.jpg,500,375,train,0,0,0.9999
n01440764__n01440764_11807.jpg,275,207,train,0,0,1.0
n02102040__n02102040_218.jpg,500,333,train,1,1,1.0
n03394916__n03394916_35439.jpg,333,500,train,5,5,0.997
n03394916__n03394916_58554.jpg,500,324,train,5,5,0.9252
n03028079__n03028079_15635.jpg,500,351,train,4,4,0.9999
n03425413__n03425413_14643.jpg,500,375,train,7,7,0.9871
n03445777__n03445777_5043.jpg,200,198,train,8,8,1.0
n03394916__n03394916_42356.jpg,500,335,train,5,2,0.5719
n02979186__n02979186_12429.jpg,375,500,train,2,2,0.9994
n02979186__n02979186_11915.jpg,242,294,train,2,2,0.997
n02979186__n02979186_6478.jpg,500,281,train,2,2,0.9984
n02102040__n02102040_4679.jpg,360,480,train,1,1,0.5225
n03888257__n03888257_10639.jpg,500,334,train,9,9,0.9998
n03000684__n03000684_14083.jpg,333,500,train,3,3,0.8564
n02102040__n02102040_1274.jpg,1100,733,train,1,1,0.9873
n03000684__n03000684_9147.jpg,431,500,train,3,3,0.9979
n03394916__n03394916_39958.jpg,500,383,train,5,5,1.0
n03000684__n03000684_18313.jpg,225,300,train,3,3,0.996
n03028079__n03028079_13366.jpg,500,354,train,4,4,0.9997
n01440764__n01440764_7044.jpg,375,500,train,0,0,1.0
n03394916__n03394916_1377.jpg,315,475,train,5,5,1.0
n03888257__ILSVRC2012_val_00016387.jpg,399,500,train,9,9,0.9996
n03425413__n03425413_13795.jpg,375,500,train,7,7,0.9999
n03425413__n03425413_8228.jpg,375,500,train,7,7,0.9997
n03425413__n03425413_16657.jpg,401,500,train,7,7,0.5097
n03417042__n03417042_26969.jpg,478,500,train,6,6,0.9993
n01440764__n01440764_3273.jpg,400,300,train,0,0,0.9999
n02102040__n02102040_337.jpg,500,333,train,1,1,1.0
n03000684__n03000684_1034.jpg,764,531,train,3,3,0.9998
n03425413__n03425413_1825.jpg,375,500,train,7,7,0.9398
n03000684__n03000684_17178.jpg,500,375,train,3,3,0.9928
n03417042__n03417042_12244.jpg,945,709,train,6,6,0.9991
n03425413__ILSVRC2012_val_00046178.jpg,500,375,train,7,7,0.9994
n03028079__n03028079_11337.jpg,500,500,train,4,4,0.9999
n02979186__n02979186_21915.jpg,98,98,train,2,2,0.9357
n02102040__n02102040_2594.jpg,420,500,train,1,1,0.9999
n03394916__n03394916_29266.jpg,500,375,train,5,5,0.9902
n03417042__n03417042_6549.jpg,500,346,train,6,6,0.9921
n03394916__n03394916_30008.jpg,500,375,train,5,5,0.9999
n03888257__n03888257_11216.jpg,362,500,train,9,9,0.9999
n03888257__n03888257_6516.jpg,500,333,train,9,9,1.0
n01440764__n01440764_14549.jpg,500,377,train,0,0,0.9999
n03394916__n03394916_52276.jpg,578,900,train,5,5,0.9999
n03000684__n03000684_15608.jpg,375,500,train,3,3,0.9847
n03417042__n03417042_14459.jpg,500,375,train,6,6,1.0
n03394916__n03394916_38685.jpg,451,500,train,5,5,0.9975
n01440764__n01440764_6958.jpg,200,150,train,0,0,1.0
n03000684__n03000684_26377.jpg,300,194,train,3,3,1.0
n03028079__n03028079_27455.jpg,500,358,train,4,4,0.9897
n02102040__n02102040_3084.jpg,500,375,train,1,1,1.0
n03028079__n03028079_16739.jpg,375,500,train,4,4,0.9837
n01440764__n01440764_10698.jpg,600,411,train,0,0,0.9864
n03445777__n03445777_14849.jpg,432,432,train,8,8,0.9983
n03394916__n03394916_30277.jpg,500,333,train,5,5,0.9933
n03000684__n03000684_2293.jpg,80,32,train,3,3,0.982
n03888257__n03888257_30018.jpg,500,324,train,9,9,0.9998
n03417042__n03417042_2383.jpg,600,400,train,6,6,0.9996
n01440764__n01440764_13059.jpg,886,585,train,0,0,0.9956
n03417042__n03417042_14567.jpg,500,375,train,6,6,1.0
n03445777__n03445777_75.jpg,500,375,train,8,8,0.9998
n03888257__n03888257_28873.jpg,500,375,train,9,9,0.9996
n03445777__n03445777_5373.jpg,500,375,train,8,8,1.0
n03000684__n03000684_6819.jpg,500,375,train,3,3,0.9996
n03000684__n03000684_13996.jpg,500,375,train,3,3,0.9869
n01440764__n01440764_9866.jpg,500,281,train,0,0,1.0
n03425413__n03425413_16783.jpg,375,500,train,7,7,1.0
n03445777__n03445777_9787.jpg,500,375,train,8,8,0.9965
n02102040__n02102040_4367.jpg,500,333,train,1,1,0.9975
n03888257__n03888257_297.jpg,2032,1354,train,9,9,0.9998
n03417042__n03417042_5003.jpg,945,709,train,6,6,0.9999
n03425413__n03425413_14249.jpg,500,333,train,7,7,0.9876
n02979186__n02979186_14237.jpg,500,375,train,2,2,0.9988
n03425413__n03425413_14197.jpg,375,500,train,7,7,0.9997
n03888257__n03888257_10653.jpg,477,700,train,9,9,1.0
n02979186__n02979186_16227.jpg,500,375,train,2,2,0.9992
n03417042__n03417042_12509.jpg,945,709,train,6,6,0.9999
n02979186__n02979186_6995.jpg,600,532,train,2,2,0.9965
n03417042__n03417042_6803.jpg,500,375,train,6,6,1.0
n02102040__n02102040_2986.jpg,500,375,train,1,1,0.9999
n03888257__n03888257_36118.jpg,980,687,train,9,9,0.974
n03028079__n03028079_74745.jpg,500,375,train,4,4,1.0
n03888257__n03888257_13587.jpg,500,403,train,9,9,0.9869
n03425413__n03425413_2658.jpg,500,375,train,7,7,0.9974
n03417042__n03417042_10105.jpg,375,500,train,6,6,0.9966
n01440764__n01440764_23259.jpg,161,240,train,0,0,0.9998
n03028079__n03028079_24573.jpg,436,500,train,4,4,0.9999
n03888257__n03888257_13175.jpg,500,333,train,9,9,0.9999
n02102040__n02102040_1224.jpg,500,375,train,1,1,0.9986
n02102040__n02102040_5033.jpg,375,500,train,1,1,0.9999
n03445777__n03445777_5008.jpg,333,348,train,8,8,0.9999
n02979186__n02979186_11578.jpg,148,200,train,2,2,0.9996
n03888257__n03888257_29778.jpg,500,333,train,9,9,0.9819
n01440764__n01440764_9695.jpg,500,353,train,0,0,1.0
n03425413__n03425413_21329.jpg,375,500,train,7,7,0.998
n02979186__n02979186_2429.jpg,550,413,train,2,2,1.0
n03425413__n03425413_21395.jpg,375,500,train,7,7,0.9435
n01440764__n01440764_458.jpg,300,154,train,0,0,1.0
n02979186__n02979186_12193.jpg,250,250,train,2,2,0.9999
n03425413__n03425413_8653.jpg,427,640,train,7,7,0.7839
n02979186__n02979186_3674.jpg,250,213,train,2,2,0.9998
n01440764__n01440764_32328.jpg,500,330,train,0,0,1.0
n03425413__n03425413_16978.jpg,500,375,train,7,7,0.9999
n03028079__n03028079_20538.jpg,375,500,train,4,4,1.0
n03000684__n03000684_28765.jpg,150,150,train,3,3,0.8192
n02102040__n02102040_1277.jpg,500,333,train,1,1,1.0
n02102040__n02102040_4238.jpg,500,334,train,1,1,1.0
n01440764__n01440764_10847.jpg,400,284,train,0,0,0.9995
n03417042__n03417042_26749.jpg,500,374,train,6,6,0.9998
n03445777__n03445777_5305.jpg,333,500,train,8,8,0.9999
n03425413__n03425413_17437.jpg,500,375,train,7,7,0.9969
n03028079__n03028079_2649.jpg,351,500,train,4,4,0.9996
n03028079__n03028079_3115.jpg,500,356,train,4,4,0.9998
n03888257__n03888257_17848.jpg,500,375,train,9,9,1.0
n03028079__ILSVRC2012_val_00048853.jpg,500,375,train,4,4,0.9995
n01440764__n01440764_2015.jpg,500,248,train,0,0,1.0
n03028079__n03028079_28295.jpg,500,375,train,4,4,0.9991
n03000684__n03000684_16608.jpg,500,375,train,3,3,0.97
n01440764__n01440764_8849.jpg,345,231,train,0,0,0.9986
n03028079__n03028079_122509.jpg,500,343,train,4,4,0.9999
n03000684__ILSVRC2012_val_00009206.jpg,500,375,train,3,3,0.9999
n03028079__n03028079_6923.jpg,500,333,train,4,4,0.9923
n03445777__n03445777_10499.jpg,500,333,train,8,8,0.9998
n03445777__n03445777_5814.jpg,500,390,train,8,8,0.9999
n01440764__n01440764_2864.jpg,500,375,train,0,0,1.0
n03425413__ILSVRC2012_val_00029203.jpg,410,500,train,7,7,0.9826
n02979186__n02979186_13404.jpg,500,318,train,2,2,1.0
n03425413__n03425413_11325.jpg,250,237,train,7,7,0.9999
n03417042__n03417042_7013.jpg,600,402,train,6,6,0.9599
n01440764__n01440764_8134.jpg,600,450,train,0,0,1.0
n03888257__n03888257_34666.jpg,405,500,train,9,9,0.9992
n03888257__n03888257_49667.jpg,500,333,train,9,9,0.9942
n03445777__n03445777_19926.jpg,500,380,train,8,8,1.0
n03028079__n03028079_878.jpg,500,375,train,4,4,0.862
n03028079__n03028079_27188.jpg,500,357,train,4,4,0.9998
n03417042__ILSVRC2012_val_00044888.jpg,500,375,train,6,6,1.0
n03425413__n03425413_19683.jpg,375,500,train,7,7,0.9713
n03028079__n03028079_53287.jpg,500,375,train,4,4,0.9999
n03000684__n03000684_4249.jpg,500,375,train,3,3,0.9999
n03000684__n03000684_4049.jpg,500,375,train,3,3,1.0
n03417042__n03417042_2038.jpg,1600,1200,train,6,6,0.9999
n03445777__ILSVRC2012_val_00035419.jpg,500,393,train,8,8,1.0
n02979186__n02979186_5079.jpg,100,89,train,2,2,0.9719
n02102040__n02102040_7135.jpg,333,500,train,1,1,1.0
n02979186__n02979186_15298.jpg,375,500,train,2,2,0.9941
n01440764__n01440764_886.jpg,500,391,train,0,0,1.0
n03000684__n03000684_3188.jpg,300,225,train,3,3,1.0
n02979186__n02979186_78.jpg,345,282,train,2,2,0.9999
n03000684__n03000684_11713.jpg,375,500,train,3,3,1.0
n01440764__n01440764_8424.jpg,500,333,train,0,0,1.0
n03445777__n03445777_9675.jpg,500,316,train,8,8,0.9998
n03445777__n03445777_15176.jpg,800,533,train,8,8,0.9999
n03394916__n03394916_36113.jpg,338,500,train,5,2,0.4956
n02979186__n02979186_3927.jpg,500,375,train,2,2,0.9992
n03417042__n03417042_24856.jpg,504,360,train,6,6,1.0
n02102040__n02102040_1249.jpg,500,375,train,1,1,0.9998
n03417042__n03417042_18596.jpg,600,450,train,6,6,0.9998
n03888257__n03888257_10913.jpg,500,375,train,9,9,0.9982
n03417042__n03417042_15058.jpg,500,356,train,6,6,0.9998
n02102040__n02102040_2893.jpg,500,333,train,1,1,1.0
n03888257__n03888257_4669.jpg,500,333,train,9,9,0.9985
n03000684__n03000684_31337.jpg,350,500,train,3,3,0.9934
n03028079__n03028079_16297.jpg,500,341,train,4,4,0.9993
n03417042__n03417042_7005.jpg,1351,1041,train,6,6,0.9953
n03417042__n03417042_8247.jpg,500,400,train,6,6,0.984
n03888257__n03888257_37794.jpg,500,438,train,9,9,0.9998
n02979186__n02979186_21086.jpg,160,156,train,2,2,1.0
n01440764__n01440764_13993.jpg,269,158,train,0,7,0.3183
n02979186__n02979186_1464.jpg,180,127,train,2,2,0.9991
n03000684__n03000684_16406.jpg,168,118,train,3,3,1.0
n03888257__n03888257_48.jpg,500,335,train,9,9,0.9995
n03000684__n03000684_3135.jpg,334,500,train,3,3,0.9525
n03000684__n03000684_14128.jpg,200,200,train,3,3,0.9991
n03425413__n03425413_20894.jpg,333,500,train,7,7,0.9973
n03394916__n03394916_36495.jpg,500,375,train,5,5,0.994
n03394916__n03394916_58336.jpg,500,309,train,5,5,1.0
n01440764__n01440764_3779.jpg,480,319,train,0,0,1.0
n03417042__n03417042_5665.jpg,640,480,train,6,6,0.9997
n03000684__n03000684_14593.jpg,500,375,train,3,3,0.9773
n03888257__n03888257_4764.jpg,368,500,train,9,9,0.9995
n03888257__n03888257_20324.jpg,533,800,train,9,9,0.9999
n03394916__n03394916_25689.jpg,512,384,train,5,5,1.0
n02979186__n02979186_27246.jpg,475,333,train,2,2,0.9997
n01440764__n01440764_8414.jpg,600,450,train,0,0,0.9996
n01440764__n01440764_9638.jpg,195,275,train,0,0,1.0
n02102040__n02102040_3355.jpg,500,375,train,1,1,0.9999
n03394916__ILSVRC2012_val_00043988.jpg,500,334,train,5,5,0.9996
n03888257__n03888257_67959.jpg,500,348,train,9,9,0.9974
n03000684__n03000684_18915.jpg,166,131,train,3,3,0.9999
n03445777__n03445777_10167.jpg,226,170,train,8,8,1.0
n01440764__n01440764_9523.jpg,576,415,train,0,0,1.0
n03000684__n03000684_18596.jpg,240,180,train,3,3,1.0
n01440764__n01440764_7137.jpg,757,503,train,0,0,0.9998
n03394916__n03394916_34129.jpg,375,500,train,5,5,0.9876
n01440764__n01440764_17454.jpg,500,375,train,0,0,1.0
n03417042__n03417042_3739.jpg,640,457,train,6,6,0.9973
n02102040__ILSVRC2012_val_00021205.jpg,500,375,train,1,1,0.9999
n03417042__n03417042_1656.jpg,500,375,train,6,6,1.0
n02102040__n02102040_594.jpg,500,375,train,1,1,0.7721
n01440764__n01440764_22963.jpg,500,375,train,0,0,0.9999
n03000684__n03000684_9558.jpg,250,225,train,3,3,1.0
n03000684__n03000684_16688.jpg,200,90,train,3,3,0.9999
n03425413__n03425413_8567.jpg,2032,1524,train,7,7,0.9944
n03888257__n03888257_63966.jpg,500,337,train,9,9,0.9984
n03888257__n03888257_28496.jpg,512,384,train,9,9,0.9986
n01440764__n01440764_1764.jpg,448,336,train,0,0,1.0
n01440764__n01440764_15073.jpg,354,300,train,0,5,0.8299
n03000684__n03000684_8766.jpg,334,500,train,3,3,1.0
n02979186__n02979186_15226.jpg,375,500,train,2,2,0.9999
n02979186__n02979186_287.jpg,622,466,train,2,2,0.9999
n03394916__n03394916_51893.jpg,485,388,train,5,5,1.0
n03394916__n03394916_34173.jpg,333,500,train,5,5,1.0
n03425413__n03425413_13066.jpg,500,332,train,7,7,0.9997
n03028079__n03028079_27079.jpg,500,376,train,4,4,0.9999
n03445777__n03445777_3155.jpg,500,375,train,8,8,0.9994
n03394916__n03394916_34338.jpg,500,352,train,5,5,0.9977
n03000684__n03000684_14997.jpg,500,375,train,3,3,0.9994
n03000684__ILSVRC2012_val_00026879.jpg,500,281,train,3,3,0.9775
n02979186__n02979186_12846.jpg,500,375,train,2,3,0.6069
n03425413__n03425413_8408.jpg,377,500,train,7,7,0.9854
n02979186__n02979186_22969.jpg,121,91,train,2,2,0.9931
n03028079__n03028079_52923.jpg,500,394,train,4,4,0.9966
n03000684__n03000684_4748.jpg,420,250,train,3,3,0.9999
n03888257__n03888257_20504.jpg,375,500,train,9,9,0.9999
n03445777__n03445777_10719.jpg,500,375,train,8,8,0.9998
n03425413__n03425413_2307.jpg,375,500,train,7,7,0.9978
n02979186__n02979186_4479.jpg,500,375,train,2,2,1.0
n03445777__n03445777_16294.jpg,300,225,train,8,8,0.9995
n03417042__n03417042_5685.jpg,1600,1200,train,6,6,0.9995
n03425413__n03425413_20799.jpg,500,375,train,7,7,0.9999
n03888257__n03888257_16296.jpg,640,480,train,9,9,0.9588
n02102040__n02102040_438.jpg,500,333,train,1,0,0.5503
n03888257__n03888257_28629.jpg,500,377,train,9,9,0.9865
n01440764__n01440764_1656.jpg,500,374,train,0,0,0.9992
n03888257__n03888257_4929.jpg,656,441,train,9,9,0.9995
n03028079__n03028079_12389.jpg,500,375,train,4,4,0.9999
n03028079__n03028079_24935.jpg,500,340,train,4,4,0.9998
n03417042__n03417042_11166.jpg,500,375,train,6,6,0.9986
n03888257__n03888257_30829.jpg,500,375,train,9,9,0.9999
n03445777__n03445777_10455.jpg,500,334,train,8,8,0.8861
n03425413__n03425413_19018.jpg,375,500,train,7,7,0.9996
n03417042__n03417042_6975.jpg,500,324,train,6,6,0.9999
n03000684__n03000684_3973.jpg,500,243,train,3,3,0.9998
n03425413__n03425413_21766.jpg,375,500,train,7,7,0.9998
n02102040__n02102040_394.jpg,500,377,train,1,1,1.0
n03888257__n03888257_20436.jpg,500,478,train,9,9,0.9891
n03888257__n03888257_3209.jpg,427,500,train,9,9,0.9999
n01440764__n01440764_30897.jpg,500,348,train,0,0,1.0
n03425413__n03425413_8014.jpg,539,398,train,7,7,0.9985
n03394916__n03394916_42376.jpg,500,375,train,5,5,1.0
n02102040__n02102040_2764.jpg,500,468,train,1,1,1.0
n03028079__n03028079_62544.jpg,500,359,train,4,4,0.9994
n03445777__n03445777_8365.jpg,500,333,train,8,8,0.9994
n03000684__n03000684_15363.jpg,500,375,train,3,3,0.9973
n01440764__n01440764_12689.jpg,500,379,train,0,0,1.0
n03417042__n03417042_7629.jpg,500,375,train,6,6,0.4464
n03394916__n03394916_31234.jpg,500,375,train,5,5,1.0
n03394916__n03394916_32733.jpg,500,478,train,5,5,0.9999
n03888257__ILSVRC2012_val_00009559.jpg,500,375,train,9,9,0.9986
n02102040__n02102040_1153.jpg,357,500,train,1,1,1.0
n03425413__n03425413_13403.jpg,500,371,train,7,7,0.9998
n02979186__n02979186_6793.jpg,250,260,train,2,2,0.9978
n01440764__n01440764_2575.jpg,450,338,train,0,0,1.0
n03394916__n03394916_7606.jpg,400,400,train,5,5,1.0
n03028079__n03028079_10979.jpg,500,334,train,4,4,0.9998
n02102040__n02102040_2746.jpg,500,375,train,1,1,0.9999
n03445777__n03445777_10445.jpg,497,462,train,8,8,0.9978
n03445777__n03445777_2486.jpg,400,400,train,8,8,1.0
n03425413__n03425413_27325.jpg,500,653,train,7,7,0.9986
n03425413__n03425413_6935.jpg,488,650,train,7,7,0.9999
n02102040__n02102040_524.jpg,420,420,train,1,1,0.9998
n03417042__n03417042_14809.jpg,500,374,train,6,6,0.9998
n02979186__n02979186_10755.jpg,500,281,train,2,2,0.973
n03028079__n03028079_13938.jpg,374,500,train,4,4,0.9999
n01440764__n01440764_14685.jpg,500,377,train,0,0,0.9998
n01440764__n01440764_9609.jpg,500,375,train,0,0,0.9992
n03425413__n03425413_30579.jpg,500,375,train,7,6,0.6609
n03445777__n03445777_2207.jpg,500,375,train,8,8,0.9376
n03888257__n03888257_10263.jpg,375,500,train,9,9,0.9997
n03028079__n03028079_20998.jpg,327,500,train,4,4,0.9987
n03000684__n03000684_426.jpg,500,332,train,3,3,0.993
n03394916__n03394916_36016.jpg,500,375,train,5,5,0.9999
n03445777__n03445777_1468.jpg,500,375,train,8,8,1.0
n03000684__n03000684_365.jpg,500,375,train,3,3,0.9413
n02979186__n02979186_14278.jpg,500,375,train,2,2,1.0
n03445777__n03445777_6794.jpg,445,500,train,8,8,0.9697
n01440764__n01440764_5203.jpg,500,375,train,0,0,1.0
n03028079__ILSVRC2012_val_00005598.jpg,500,500,train,4,4,0.9984
n03445777__n03445777_5509.jpg,400,328,train,8,8,0.9994
n01440764__n01440764_8708.jpg,400,300,train,0,0,1.0
n03028079__n03028079_18737.jpg,495,500,train,4,4,0.9999
n02979186__ILSVRC2012_val_00017775.jpg,500,352,train,2,2,0.9963
n03888257__n03888257_21227.jpg,500,323,train,9,9,0.9978
n01440764__n01440764_7819.jpg,250,187,train,0,0,1.0
n03425413__n03425413_27543.jpg,640,480,train,7,7,0.9996
n03394916__n03394916_29288.jpg,335,500,train,5,5,0.99
n03445777__n03445777_4929.jpg,184,250,train,8,8,0.9978
n03445777__n03445777_15779.jpg,260,288,train,8,8,1.0
n03417042__n03417042_577.jpg,251,170,train,6,6,0.9996
n03028079__ILSVRC2012_val_00039477.jpg,497,500,train,4,4,0.9518
n03417042__n03417042_5098.jpg,945,626,train,6,6,0.9993
n03394916__n03394916_59738.jpg,773,1162,train,5,5,1.0
n03028079__n03028079_25425.jpg,391,500,train,4,4,1.0
n03417042__n03417042_7728.jpg,575,400,train,6,6,0.9999
n01440764__n01440764_4613.jpg,500,375,train,0,0,1.0
n01440764__n01440764_10043.jpg,400,395,train,0,0,1.0
n03425413__n03425413_19195.jpg,500,375,train,7,7,0.9989
n03445777__n03445777_9413.jpg,333,500,train,8,8,0.9998
n03394916__n03394916_29006.jpg,500,332,train,5,5,0.9993
n03888257__n03888257_25644.jpg,500,333,train,9,9,0.9999
n03445777__n03445777_7064.jpg,218,133,train,8,8,0.9992
n02102040__n02102040_2306.jpg,500,333,train,1,1,1.0
n03417042__n03417042_3236.jpg,500,375,train,6,6,0.9728
n03425413__n03425413_6757.jpg,375,500,train,7,7,0.9998
n03394916__n03394916_4156.jpg,531,800,train,5,5,0.9999
n03888257__n03888257_37586.jpg,500,335,train,9,9,1.0
n01440764__n01440764_547.jpg,500,375,train,0,0,1.0
n02102040__n02102040_6335.jpg,500,334,train,1,1,1.0
n02102040__n02102040_609.jpg,500,376,train,1,1,1.0
n03417042__n03417042_5648.jpg,400,300,train,6,6,1.0
n01440764__n01440764_7688.jpg,500,281,train,0,0,1.0
n03425413__n03425413_21714.jpg,375,500,train,7,7,0.9994
n03000684__n03000684_3218.jpg,334,500,train,3,3,0.9999
n03028079__n03028079_14278.jpg,500,375,train,4,4,0.9996
n03394916__n03394916_40718.jpg,375,500,train,5,5,0.9998
n02102040__n02102040_1214.jpg,414,500,train,1,2,0.773
n02979186__n02979186_8919.jpg,500,301,train,2,2,0.6334
n03888257__n03888257_32339.jpg,500,375,train,9,9,0.9999
n02102040__n02102040_68.jpg,500,375,train,1,1,1.0
n03394916__n03394916_31743.jpg,447,500,train,5,5,0.9999
n02979186__n02979186_1176.jpg,400,300,train,2,2,1.0
n01440764__n01440764_7754.jpg,375,500,train,0,0,1.0
n02979186__n02979186_3968.jpg,600,302,train,2,2,0.9999
n03000684__n03000684_9388.jpg,500,375,train,3,3,0.9396
n02102040__n02102040_4228.jpg,500,397,train,1,1,1.0
n03445777__n03445777_18756.jpg,500,333,train,8,8,1.0
n03028079__n03028079_1198.jpg,340,500,train,4,4,0.9993
n03000684__n03000684_2907.jpg,200,200,train,3,3,1.0
n03394916__n03394916_63319.jpg,482,361,train,5,5,0.9996
n03888257__n03888257_29588.jpg,500,333,train,9,9,0.9999
n03888257__n03888257_24115.jpg,500,436,train,9,9,0.9996
n02979186__n02979186_2785.jpg,500,338,train,2,2,0.8312
n01440764__n01440764_11155.jpg,1200,909,train,0,0,1.0
n03028079__n03028079_5545.jpg,250,340,train,4,4,0.9997
n03445777__n03445777_8599.jpg,300,300,train,8,8,1.0
n02979186__n02979186_26319.jpg,200,111,train,2,2,0.9999
n03028079__n03028079_16749.jpg,1772,1368,train,4,4,0.9992
n02102040__n02102040_5535.jpg,500,376,train,1,1,1.0
n03028079__n03028079_6046.jpg,600,438,train,4,4,0.9999
n03394916__n03394916_41686.jpg,500,375,train,5,5,0.9996
n01440764__n01440764_4436.jpg,374,500,train,0,0,1.0
n02979186__n02979186_12077.jpg,700,571,train,2,2,0.9995
n03417042__n03417042_6646.jpg,1200,1600,train,6,6,0.9998
n03000684__n03000684_11166.jpg,333,500,train,3,3,0.9854
n03394916__n03394916_54476.jpg,626,425,train,5,5,1.0
n03394916__n03394916_43139.jpg,500,366,train,5,5,0.9977
n03888257__n03888257_8614.jpg,500,492,train,9,9,1.0
n03000684__n03000684_2074.jpg,500,375,train,3,3,0.9996
n02102040__n02102040_8457.jpg,500,378,train,1,1,1.0
n02102040__n02102040_3495.jpg,500,376,train,1,1,1.0
n03000684__n03000684_33187.jpg,230,186,train,3,3,0.9746
n03425413__n03425413_14033.jpg,500,334,train,7,7,0.9984
n01440764__n01440764_5103.jpg,623,519,train,0,0,1.0
n03417042__n03417042_6888.jpg,800,556,train,6,6,0.9998
n01440764__n01440764_5879.jpg,640,480,train,0,0,0.9998
n01440764__n01440764_10726.jpg,275,246,train,0,0,1.0
n01440764__n01440764_7428.jpg,328,343,train,0,0,0.9997
n03028079__n03028079_13037.jpg,500,342,train,4,4,0.9997
n03445777__n03445777_1969.jpg,334,500,train,8,8,1.0
n03394916__n03394916_34034.jpg,500,476,train,5,5,0.9999
n02102040__ILSVRC2012_val_00038569.jpg,500,375,train,1,1,0.9997
n03888257__n03888257_20114.jpg,743,581,train,9,9,0.9997
n03425413__n03425413_5274.jpg,400,533,train,7,7,1.0
n02102040__n02102040_1127.jpg,334,500,train,1,1,1.0
n03394916__n03394916_38659.jpg,500,375,train,5,5,0.9995
n03425413__n03425413_18918.jpg,334,500,train,7,7,0.9999
n03445777__n03445777_7118.jpg,333,500,train,8,8,1.0
n03888257__n03888257_22147.jpg,500,325,train,9,9,0.9993
n03417042__n03417042_10038.jpg,500,375,train,6,6,0.9999
n03394916__n03394916_5076.jpg,480,640,train,5,5,0.9999
n01440764__n01440764_8757.jpg,200,225,train,0,0,1.0
n02102040__n02102040_616.jpg,500,333,train,1,1,1.0
n01440764__n01440764_27895.jpg,357,500,train,0,0,0.9998
n02979186__n02979186_6046.jpg,468,351,train,2,2,0.9631
n03000684__n03000684_4857.jpg,400,300,train,3,3,1.0
n02979186__n02979186_1897.jpg,154,160,train,2,2,0.9991
n03445777__n03445777_9438.jpg,240,161,train,8,8,0.9998
n02979186__n02979186_14983.jpg,500,375,train,2,2,0.9993
n03394916__n03394916_11523.jpg,406,592,train,5,5,1.0
n01440764__n01440764_2159.jpg,360,270,train,0,0,1.0
n01440764__n01440764_11335.jpg,240,180,train,0,0,1.0
n03445777__n03445777_2907.jpg,214,215,train,8,8,1.0
n02102040__n02102040_984.jpg,500,333,train,1,1,1.0
n01440764__n01440764_5148.jpg,500,375,train,0,0,1.0
n03000684__n03000684_1246.jpg,595,567,train,3,3,0.9999
n02102040__n02102040_918.jpg,500,333,train,1,1,1.0
n03417042__n03417042_17684.jpg,500,375,train,6,6,0.9998
n03445777__n03445777_7864.jpg,500,375,train,8,8,0.9999
n03394916__n03394916_30959.jpg,365,485,train,5,2,0.7245
n03000684__n03000684_15364.jpg,500,375,train,3,3,0.8618
n03394916__n03394916_6456.jpg,300,302,train,5,5,1.0
n02979186__n02979186_12274.jpg,280,280,train,2,2,0.9893
n02102040__n02102040_953.jpg,423,500,train,1,1,1.0
n03417042__n03417042_26814.jpg,500,375,train,6,6,1.0
n03445777__n03445777_16434.jpg,500,340,train,8,8,1.0
n03028079__n03028079_17754.jpg,364,500,train,4,4,0.9995
n03425413__n03425413_19628.jpg,500,338,train,7,7,0.9995
n02979186__n02979186_16967.jpg,500,375,train,2,2,0.9617
n01440764__n01440764_13855.jpg,400,300,train,0,0,1.0
n03888257__n03888257_12049.jpg,799,487,train,9,9,1.0
n01440764__n01440764_13144.jpg,500,375,train,0,0,0.9991
n03888257__n03888257_6544.jpg,500,333,train,9,9,0.9992
n03445777__n03445777_7767.jpg,500,337,train,8,8,1.0
n03425413__ILSVRC2012_val_00002498.jpg,500,375,train,7,7,1.0
n03394916__n03394916_66928.jpg,500,375,train,5,5,0.9999
n03028079__n03028079_15946.jpg,500,364,train,4,4,0.9995
n03445777__n03445777_8268.jpg,250,250,train,8,8,0.9991
n03425413__n03425413_18874.jpg,500,375,train,7,7,0.9972
n03394916__n03394916_55317.jpg,468,648,train,5,5,1.0
n01440764__n01440764_9788.jpg,599,465,train,0,0,1.0
n03425413__n03425413_1359.jpg,200,456,train,7,7,0.9991
n03417042__n03417042_4876.jpg,500,375,train,6,6,1.0
n03888257__n03888257_18637.jpg,333,500,train,9,9,0.9999
n03445777__n03445777_4115.jpg,500,375,train,8,8,0.9924
n02102040__n02102040_3258.jpg,500,376,train,1,1,1.0
n03417042__n03417042_10546.jpg,500,375,train,6,6,0.9929
n03425413__n03425413_6994.jpg,1524,2032,train,7,7,0.9955
n03394916__n03394916_46607.jpg,500,333,train,5,5,0.9997
n03425413__ILSVRC2012_val_00045944.jpg,375,500,train,7,7,0.9999
n03028079__n03028079_9356.jpg,500,380,train,4,4,0.9999
n03445777__n03445777_7277.jpg,500,434,train,8,8,1.0
n01440764__n01440764_24047.jpg,500,375,train,0,0,1.0
n03394916__n03394916_42167.jpg,332,500,train,5,5,0.8835
n02979186__n02979186_24124.jpg,527,535,train,2,2,0.9987
n02102040__n02102040_1076.jpg,500,333,train,1,1,0.9995
n02979186__n02979186_10546.jpg,288,180,train,2,2,0.9998
n03445777__ILSVRC2012_val_00012634.jpg,500,375,train,8,8,0.9478
n03888257__n03888257_12235.jpg,375,500,train,9,9,0.9901
n03888257__n03888257_12788.jpg,500,378,train,9,9,0.9996
n03394916__n03394916_22083.jpg,250,177,train,5,5,0.9994
n03445777__n03445777_4198.jpg,500,333,train,8,8,0.9991
n03888257__n03888257_21027.jpg,500,333,train,9,9,0.9996
n03394916__n03394916_3833.jpg,500,334,train,5,5,0.9985
n02102040__n02102040_6886.jpg,500,375,train,1,1,0.9969
n02979186__n02979186_11636.jpg,280,280,train,2,2,0.9998
n03394916__n03394916_31864.jpg,500,339,train,5,5,1.0
n03000684__n03000684_918.jpg,200,127,train,3,3,1.0
n03425413__n03425413_4619.jpg,400,533,train,7,7,0.9955
n03445777__n03445777_14399.jpg,499,500,train,8,8,0.9999
n03028079__n03028079_16388.jpg,500,333,train,4,4,0.9999
n03417042__n03417042_27776.jpg,1024,768,train,6,6,0.9998
n03425413__n03425413_8557.jpg,200,208,train,7,7,0.9998
n03888257__n03888257_62457.jpg,335,500,train,9,9,0.9999
n01440764__ILSVRC2012_val_00037383.jpg,500,375,train,0,0,0.9997
n01440764__n01440764_13643.jpg,270,203,train,0,0,1.0
n03445777__n03445777_17157.jpg,500,332,train,8,8,1.0
n03000684__n03000684_665.jpg,500,375,train,3,3,0.9845
n03394916__n03394916_56613.jpg,1292,1078,train,5,5,1.0
n01440764__n01440764_1793.jpg,500,375,train,0,0,1.0
n03000684__n03000684_2849.jpg,375,500,train,3,3,1.0
n02102040__ILSVRC2012_val_00032959.jpg,500,449,train,1,1,1.0
n03425413__n03425413_729.jpg,640,480,train,7,7,0.9998
n02979186__n02979186_22324.jpg,160,160,train,2,2,0.9995
n01440764__n01440764_26234.jpg,319,480,train,0,0,1.0
n03028079__n03028079_22118.jpg,375,500,train,4,4,0.9983
n03445777__n03445777_7756.jpg,500,333,train,8,8,0.9999
n03394916__n03394916_28033.jpg,500,224,train,5,5,0.9999
n03445777__n03445777_16186.jpg,500,262,train,8,8,0.9999
n03000684__n03000684_18788.jpg,450,350,train,3,3,1.0
n02979186__n02979186_24434.jpg,600,600,train,2,2,0.8979
n03417042__n03417042_3679.jpg,500,375,train,6,6,0.9883
n01440764__n01440764_31129.jpg,500,334,train,0,0,1.0
n01440764__n01440764_2853.jpg,500,316,train,0,0,0.9985
n03028079__n03028079_9096.jpg,375,500,train,4,4,0.9995
n03417042__n03417042_7049.jpg,333,500,train,6,6,0.5805
n03028079__n03028079_5424.jpg,500,347,train,4,4,0.9968
n03425413__n03425413_14908.jpg,500,400,train,7,4,0.4304
n03394916__n03394916_23556.jpg,500,375,train,5,5,1.0
n03000684__n03000684_12878.jpg,500,375,train,3,3,0.9888
n01440764__n01440764_7519.jpg,300,226,train,0,0,1.0
n03417042__n03417042_10754.jpg,600,542,train,6,6,0.9914
n03425413__n03425413_24914.jpg,375,500,train,7,7,0.9985
n03394916__n03394916_46028.jpg,334,500,train,5,5,0.9999
n03000684__n03000684_916.jpg,500,375,train,3,3,0.9983
n03417042__n03417042_9946.jpg,500,375,train,6,6,1.0
n03417042__n03417042_8348.jpg,500,375,train,6,6,0.9997
n03888257__n03888257_20206.jpg,1800,1200,train,9,9,0.9985
n02102040__n02102040_688.jpg,500,333,train,1,1,1.0
n03028079__n03028079_25754.jpg,500,333,train,4,4,0.9998
n03445777__n03445777_3485.jpg,500,281,train,8,8,0.9999
n01440764__n01440764_21695.jpg,500,333,train,0,0,0.9998
n03425413__ILSVRC2012_val_00045559.jpg,500,375,train,7,7,0.9999
n03425413__n03425413_20386.jpg,500,500,train,7,7,0.9998
n03417042__n03417042_28886.jpg,500,375,train,6,6,0.9998
n03888257__n03888257_49674.jpg,500,333,train,9,9,1.0
n02979186__n02979186_3104.jpg,399,139,train,2,2,0.9991
n03394916__n03394916_2376.jpg,500,375,train,5,5,1.0
n03417042__n03417042_2139.jpg,320,240,train,6,6,1.0
n03394916__n03394916_29807.jpg,500,375,train,5,5,0.9098
n02979186__n02979186_1397.jpg,270,270,train,2,2,0.9838
n03028079__n03028079_5598.jpg,500,375,train,4,4,0.9877
n03445777__n03445777_1988.jpg,300,300,train,8,8,1.0
n01440764__n01440764_11607.jpg,240,180,train,0,0,1.0
n03394916__n03394916_44483.jpg,500,333,train,5,5,1.0
n02102040__n02102040_6447.jpg,500,376,train,1,1,1.0
n03417042__n03417042_6539.jpg,500,375,train,6,6,1.0
n03425413__n03425413_24338.jpg,335,500,train,7,7,0.9999
n03425413__n03425413_14464.jpg,470,500,train,7,7,0.9182
n03445777__n03445777_13414.jpg,1024,768,train,8,8,0.9988
n03888257__n03888257_59397.jpg,334,500,train,9,9,0.9999
n03888257__n03888257_6028.jpg,479,500,train,9,3,0.7024
n01440764__n01440764_10254.jpg,500,375,train,0,0,0.9999
n01440764__n01440764_2118.jpg,500,375,train,0,0,1.0
n03888257__n03888257_4904.jpg,357,500,train,9,9,0.9998
n03417042__n03417042_19203.jpg,500,375,train,6,6,0.9997
n03445777__n03445777_4998.jpg,500,332,train,8,8,0.9999
n02102040__n02102040_108.jpg,375,500,train,1,1,0.9999
n03000684__n03000684_10569.jpg,203,191,train,3,3,0.9957
n03417042__n03417042_943.jpg,500,375,train,6,6,1.0
n03394916__n03394916_5529.jpg,400,310,train,5,5,1.0
n03000684__n03000684_18126.jpg,316,107,train,3,3,1.0
n03425413__ILSVRC2012_val_00031186.jpg,375,500,train,7,7,0.9995
n03028079__ILSVRC2012_val_00008116.jpg,375,500,train,4,4,0.9991
n01440764__n01440764_9678.jpg,510,401,train,0,0,1.0
n03888257__n03888257_6573.jpg,500,375,train,9,9,0.9996
n03000684__n03000684_15858.jpg,82,90,train,3,3,0.9108
n03394916__n03394916_40167.jpg,500,375,train,5,5,0.5068
n03445777__ILSVRC2012_val_00006468.jpg,600,399,train,8,8,0.9999
n02979186__n02979186_21934.jpg,640,480,train,2,2,0.9992
n02979186__n02979186_11897.jpg,103,135,train,2,2,0.9318
n03888257__n03888257_17143.jpg,500,333,train,9,9,0.9991
n03888257__n03888257_12628.jpg,674,900,train,9,9,0.9997
n03425413__n03425413_16949.jpg,343,500,train,7,7,0.9958
n03394916__n03394916_35604.jpg,500,333,train,5,5,0.7194
n03028079__ILSVRC2012_val_00016854.jpg,412,500,train,4,4,0.9997
n01440764__n01440764_4913.jpg,500,375,train,0,0,1.0
n03888257__n03888257_4446.jpg,2000,2503,train,9,9,0.9988
n02979186__n02979186_11875.jpg,125,93,train,2,7,0.6752
n03028079__n03028079_31753.jpg,344,500,train,4,4,0.9998
n03000684__n03000684_1639.jpg,100,75,train,3,3,0.9933
n03394916__n03394916_30188.jpg,500,333,train,5,5,0.9941
n03028079__n03028079_9573.jpg,400,500,train,4,4,0.9999
n03394916__n03394916_38326.jpg,335,500,train,5,5,0.8567
n03417042__n03417042_8998.jpg,500,375,train,6,6,0.9999
n02102040__n02102040_2696.jpg,413,500,train,1,1,1.0
n03425413__n03425413_8564.jpg,500,375,train,7,7,0.9898
n03888257__n03888257_9059.jpg,1200,1800,train,9,9,0.9984
n03425413__n03425413_17395.jpg,225,500,train,7,7,1.0
n02979186__n02979186_22884.jpg,500,375,train,2,2,0.999
n01440764__n01440764_12239.jpg,500,377,train,0,0,1.0
n03394916__n03394916_41833.jpg,333,500,train,5,5,0.9997
n02979186__n02979186_93.jpg,160,160,train,2,2,0.9999
n03445777__ILSVRC2012_val_00030938.jpg,500,375,train,8,8,0.9997
n03888257__n03888257_30158.jpg,500,334,train,9,9,0.9998
n03028079__n03028079_27209.jpg,500,377,train,4,4,0.9992
n03417042__n03417042_22918.jpg,500,375,train,6,6,0.9999
n03417042__n03417042_889.jpg,500,333,train,6,6,0.9951
n03417042__n03417042_6373.jpg,500,333,train,6,6,0.9999
n03394916__n03394916_58055.jpg,460,594,train,5,5,0.9959
n01440764__n01440764_4906.jpg,328,250,train,0,0,1.0
n03028079__n03028079_3956.jpg,485,500,train,4,4,0.9969
n01440764__n01440764_15203.jpg,500,333,train,0,0,1.0
n03888257__n03888257_30279.jpg,500,375,train,9,9,0.9998
n03445777__n03445777_3444.jpg,500,332,train,8,8,1.0
n02979186__n02979186_14197.jpg,500,375,train,2,2,0.9604
n03417042__n03417042_27446.jpg,500,375,train,6,6,0.9997
n01440764__n01440764_6279.jpg,1364,526,train,0,0,1.0
n03888257__n03888257_6447.jpg,500,335,train,9,9,0.9082
n03888257__n03888257_22668.jpg,500,312,train,9,9,0.9998
n03394916__n03394916_37634.jpg,375,500,train,5,5,0.9999
n02979186__n02979186_13188.jpg,428,500,train,2,2,0.2485
n03000684__n03000684_6716.jpg,356,500,train,3,2,0.8324
n03425413__n03425413_6859.jpg,500,375,train,7,7,0.9999
n03417042__n03417042_5715.jpg,500,129,train,6,6,0.9829
n03888257__n03888257_10014.jpg,500,470,train,9,9,0.9997
n03417042__n03417042_27586.jpg,500,375,train,6,6,0.9998
n02979186__n02979186_24925.jpg,500,333,train,2,2,0.9997
n03888257__n03888257_5388.jpg,320,240,train,9,9,0.9996
n03028079__n03028079_113025.jpg,500,347,train,4,4,0.9995
n03394916__n03394916_52964.jpg,500,375,train,5,5,0.977
n02102040__n02102040_3695.jpg,500,375,train,1,1,1.0
n03425413__n03425413_14433.jpg,500,375,train,7,7,0.9833
n01440764__n01440764_345.jpg,640,428,train,0,0,1.0
n01440764__n01440764_925.jpg,500,333,train,0,0,1.0
n03000684__n03000684_10624.jpg,4096,2489,train,3,3,1.0
n03394916__n03394916_58685.jpg,1162,773,train,5,5,0.9984
n03425413__n03425413_1115.jpg,375,500,train,7,7,0.9931
n03417042__n03417042_6033.jpg,1032,750,train,6,6,0.9992
n03445777__n03445777_453.jpg,500,333,train,8,8,0.9326
n02102040__n02102040_3664.jpg,500,375,train,1,1,0.999
n03394916__n03394916_9336.jpg,800,535,train,5,5,1.0
n03028079__n03028079_99515.jpg,500,341,train,4,4,0.999
n03445777__n03445777_2298.jpg,250,250,train,8,8,0.9991
n03425413__n03425413_21658.jpg,500,375,train,7,7,0.7186
n01440764__n01440764_5003.jpg,500,375,train,0,0,1.0
n03425413__n03425413_2814.jpg,500,375,train,7,7,0.9998
n03394916__n03394916_30426.jpg,500,358,train,5,5,0.9998
n03417042__n03417042_4674.jpg,500,375,train,6,6,0.9999
n03394916__n03394916_47423.jpg,375,500,train,5,5,1.0
n03394916__n03394916_36956.jpg,375,500,train,5,5,0.9996
n02979186__n02979186_323.jpg,500,394,train,2,2,0.9994
n03417042__ILSVRC2012_val_00005744.jpg,500,334,train,6,6,1.0
n03888257__n03888257_1553.jpg,375,500,train,9,9,0.9752
n02979186__n02979186_5378.jpg,200,150,train,2,2,0.9998
n01440764__n01440764_6964.jpg,500,439,train,0,0,1.0
n02979186__n02979186_7585.jpg,184,138,train,2,2,1.0
n03000684__n03000684_3343.jpg,100,75,train,3,3,0.9645
n02102040__n02102040_7925.jpg,480,480,train,1,1,1.0
n02979186__n02979186_1469.jpg,500,375,train,2,2,1.0
n03000684__n03000684_7699.jpg,332,500,train,3,3,1.0
n03445777__n03445777_6427.jpg,448,336,train,8,8,0.9999
n03000684__n03000684_35884.jpg,500,333,train,3,3,0.9999
n03417042__n03417042_7797.jpg,700,469,train,6,6,0.9588
n03394916__n03394916_21289.jpg,500,334,train,5,5,0.9995
n03417042__ILSVRC2012_val_00016208.jpg,500,334,train,6,6,0.9995
n01440764__n01440764_7859.jpg,300,223,train,0,0,0.9972
n03417042__n03417042_24157.jpg,800,493,train,6,6,0.9936
n03417042__n03417042_13013.jpg,500,333,train,6,6,1.0
n02102040__n02102040_5497.jpg,508,400,train,1,1,1.0
n03888257__n03888257_37008.jpg,504,397,train,9,9,0.9985
n03425413__n03425413_874.jpg,500,377,train,7,7,1.0
n03000684__n03000684_15366.jpg,170,133,train,3,3,1.0
n03425413__n03425413_19058.jpg,500,375,train,7,7,0.9994
n03888257__n03888257_35407.jpg,500,333,train,9,9,0.9995
n03417042__n03417042_10627.jpg,640,480,train,6,6,0.9998
n01440764__n01440764_10444.jpg,200,173,train,0,0,1.0
n03394916__n03394916_30099.jpg,500,480,train,5,5,0.9978
n03394916__n03394916_37355.jpg,500,352,train,5,5,0.9917
n03028079__n03028079_51665.jpg,500,348,train,4,4,0.9932
n03394916__n03394916_30346.jpg,500,490,train,5,5,1.0
n03445777__n03445777_8953.jpg,500,325,train,8,8,1.0
n03000684__n03000684_15995.jpg,343,500,train,3,2,0.9201
n03394916__n03394916_13216.jpg,203,197,train,5,2,0.8592
n01440764__n01440764_31953.jpg,500,352,train,0,0,1.0
n01440764__n01440764_8215.jpg,500,400,train,0,0,0.9999
n02979186__n02979186_12284.jpg,600,450,train,2,2,1.0
n03417042__n03417042_10677.jpg,476,500,train,6,6,1.0
n03425413__n03425413_12829.jpg,375,500,train,7,7,0.9998
n03417042__n03417042_9114.jpg,300,227,train,6,6,0.9995
n02979186__n02979186_15019.jpg,500,375,train,2,2,0.9991
n03000684__ILSVRC2012_val_00035266.jpg,500,375,train,3,3,1.0
n03425413__n03425413_16303.jpg,375,500,train,7,7,0.9996
n03000684__n03000684_12255.jpg,335,500,train,3,3,0.9999
n03000684__n03000684_7157.jpg,500,375,train,3,3,0.9996
n03425413__n03425413_14504.jpg,500,332,train,7,7,0.9997
n03445777__n03445777_5934.jpg,240,160,train,8,8,0.5473
n03445777__n03445777_143.jpg,500,333,train,8,8,0.9998
n02979186__n02979186_8089.jpg,500,500,train,2,2,0.9978
n03417042__n03417042_18329.jpg,500,375,train,6,6,1.0
n03445777__n03445777_448.jpg,500,375,train,8,8,0.999
n01440764__n01440764_32263.jpg,500,333,train,0,0,1.0
n03000684__n03000684_5044.jpg,575,352,train,3,3,0.9999
n01440764__n01440764_7857.jpg,275,206,train,0,0,1.0
n03425413__n03425413_33477.jpg,334,500,train,7,7,0.9509
n03445777__ILSVRC2012_val_00046468.jpg,452,500,train,8,8,0.9977
n03888257__n03888257_18288.jpg,381,432,train,9,9,0.9999
n02102040__n02102040_7569.jpg,350,500,train,1,1,0.9999
n02102040__n02102040_7056.jpg,500,346,train,1,1,1.0
n03888257__n03888257_11854.jpg,500,342,train,9,9,1.0
n03888257__ILSVRC2012_val_00041706.jpg,500,375,train,9,9,0.9996
n01440764__n01440764_8469.jpg,640,898,train,0,0,1.0
n03028079__n03028079_9438.jpg,500,387,train,4,4,0.9988
n02979186__n02979186_569.jpg,1024,768,train,2,2,1.0
n03417042__n03417042_11964.jpg,400,300,train,6,6,0.9989
n03888257__n03888257_20704.jpg,251,162,train,9,9,0.9999
n03445777__n03445777_17293.jpg,500,333,train,8,8,0.9999
n03417042__n03417042_9885.jpg,590,570,train,6,6,0.999
n03888257__n03888257_71184.jpg,361,500,train,9,9,0.9901
n03394916__n03394916_32655.jpg,500,333,train,5,5,0.9875
n03888257__n03888257_24126.jpg,547,800,train,9,9,0.9991
n03888257__n03888257_20394.jpg,500,332,train,9,9,1.0
n03425413__n03425413_6767.jpg,375,500,train,7,7,1.0
n03028079__ILSVRC2012_val_00023619.jpg,500,500,train,4,4,0.6513
n03394916__n03394916_38854.jpg,500,333,train,5,5,0.9999
n03425413__n03425413_20527.jpg,375,500,train,7,7,0.9996
n03417042__n03417042_3024.jpg,512,384,train,6,6,0.9999
n03000684__n03000684_2319.jpg,314,265,train,3,3,0.993
n03000684__n03000684_5708.jpg,500,333,train,3,3,0.5837
n03394916__n03394916_7999.jpg,800,600,train,5,5,0.9998
n03028079__n03028079_4665.jpg,780,780,train,4,4,0.9998
n02979186__n02979186_339.jpg,375,500,train,2,2,0.9999
n03394916__n03394916_40776.jpg,367,500,train,5,5,0.9755
n03028079__n03028079_12268.jpg,380,500,train,4,4,0.9999
n02979186__n02979186_8017.jpg,97,116,train,2,2,0.9986
n03394916__n03394916_6283.jpg,175,240,train,5,5,0.9998
n02102040__n02102040_538.jpg,375,500,train,1,1,0.9999
n03445777__n03445777_2687.jpg,150,195,train,8,8,0.9982
n03888257__n03888257_4323.jpg,500,383,train,9,9,1.0
n02979186__n02979186_7838.jpg,375,500,train,2,2,1.0
n03445777__n03445777_10693.jpg,375,500,train,8,8,1.0
n03394916__n03394916_28683.jpg,500,375,train,5,2,0.6204
n03445777__n03445777_7857.jpg,500,375,train,8,8,0.9999
n03425413__n03425413_21603.jpg,500,375,train,7,7,0.8077
n03394916__n03394916_40614.jpg,500,334,train,5,5,0.951
n03394916__n03394916_41133.jpg,500,400,train,5,5,1.0
n03425413__n03425413_20624.jpg,500,375,train,7,7,0.5894
n03417042__n03417042_18625.jpg,500,375,train,6,6,1.0
n03394916__n03394916_33083.jpg,500,335,train,5,5,0.9996
n02979186__n02979186_5973.jpg,313,294,train,2,2,0.9993
n02979186__n02979186_10636.jpg,450,355,train,2,2,0.9988
n03394916__n03394916_17067.jpg,404,423,train,5,5,0.997
n01440764__n01440764_4565.jpg,500,375,train,0,0,1.0
n03888257__n03888257_29546.jpg,640,480,train,9,9,0.9997
n01440764__n01440764_31679.jpg,500,375,train,0,0,1.0
n03445777__n03445777_4708.jpg,270,350,train,8,8,0.9988
n03028079__n03028079_95473.jpg,500,351,train,4,4,0.9945
n03425413__n03425413_16556.jpg,375,500,train,7,7,0.9998
n03394916__n03394916_34069.jpg,434,500,train,5,5,0.9962
n03425413__n03425413_8727.jpg,400,533,train,7,7,0.8432
n03425413__n03425413_2129.jpg,500,375,train,7,7,0.9958
n03425413__n03425413_10719.jpg,320,240,train,7,7,0.9999
n01440764__n01440764_10323.jpg,500,375,train,0,0,1.0
n03394916__n03394916_56033.jpg,500,375,train,5,5,1.0
n03000684__n03000684_3536.jpg,500,375,train,3,3,0.9995
n03888257__n03888257_1769.jpg,500,333,train,9,9,0.9991
n02979186__n02979186_26405.jpg,145,87,train,2,2,1.0
n03394916__n03394916_38644.jpg,500,375,train,5,5,0.9986
n02979186__n02979186_4063.jpg,250,250,train,2,2,1.0
n03028079__n03028079_8805.jpg,1200,1600,train,4,4,0.9996
n02102040__n02102040_2325.jpg,500,375,train,1,1,0.9998
n02102040__n02102040_2979.jpg,500,375,train,1,1,0.9999
n03445777__n03445777_8209.jpg,500,332,train,8,8,1.0
n02979186__n02979186_4024.jpg,400,300,train,2,2,1.0
n03888257__n03888257_15816.jpg,500,333,train,9,9,0.9986
n02102040__n02102040_948.jpg,500,375,train,1,1,0.9999
n03028079__n03028079_20195.jpg,394,500,train,4,4,0.9544
n01440764__n01440764_5376.jpg,650,431,train,0,0,1.0
n03445777__n03445777_8985.jpg,500,375,train,8,8,1.0
n03417042__n03417042_2137.jpg,240,180,train,6,6,1.0
n03417042__n03417042_1149.jpg,500,324,train,6,6,1.0
n01440764__n01440764_8885.jpg,334,500,train,0,0,1.0
n03000684__n03000684_13538.jpg,291,147,train,3,3,1.0
n03028079__n03028079_23916.jpg,500,333,train,4,4,0.9992
n03888257__n03888257_13198.jpg,500,332,train,9,9,0.999
n03417042__n03417042_5689.jpg,500,375,train,6,6,1.0
n02102040__n02102040_4748.jpg,500,333,train,1,1,0.9999
n03028079__n03028079_16635.jpg,360,500,train,4,4,1.0
n03028079__n03028079_12023.jpg,500,443,train,4,4,0.9994
n03000684__n03000684_1229.jpg,240,180,train,3,3,0.993
n03417042__n03417042_14579.jpg,371,500,train,6,3,0.2642
n01440764__n01440764_14053.jpg,500,375,train,0,0,1.0
n01440764__n01440764_12554.jpg,234,210,train,0,0,0.9996
n03888257__n03888257_27983.jpg,375,500,train,9,9,0.9997
n03417042__n03417042_79.jpg,500,375,train,6,6,1.0
n03394916__n03394916_42703.jpg,375,500,train,5,5,0.9999
n03425413__n03425413_18326.jpg,500,375,train,7,2,0.994
n03888257__n03888257_14967.jpg,1024,768,train,9,9,0.9996
n03000684__n03000684_7636.jpg,591,364,train,3,3,0.9992
n03000684__n03000684_7597.jpg,500,333,train,3,3,0.9995
n02979186__n02979186_21029.jpg,500,375,train,2,2,0.9997
n03888257__n03888257_7046.jpg,500,375,train,9,9,0.9999
n01440764__n01440764_9229.jpg,180,169,train,0,0,1.0
n02102040__n02102040_4835.jpg,333,500,train,1,1,1.0
n03445777__n03445777_8964.jpg,195,240,train,8,8,0.9996
n03028079__n03028079_16488.jpg,500,336,train,4,4,0.9913
n03394916__ILSVRC2012_val_00044598.jpg,500,375,train,5,5,0.9999
n03425413__n03425413_1986.jpg,375,500,train,7,7,0.7677
n01440764__n01440764_78.jpg,940,705,train,0,0,0.4686
n02102040__n02102040_463.jpg,377,500,train,1,1,1.0
n03425413__n03425413_15225.jpg,332,500,train,7,7,0.9996
n03445777__n03445777_6658.jpg,500,375,train,8,8,1.0
n02979186__n02979186_9587.jpg,200,200,train,2,2,0.9973
n02979186__n02979186_11926.jpg,500,331,train,2,2,0.9999
n03000684__n03000684_3276.jpg,375,500,train,3,3,0.9975
n02979186__n02979186_13636.jpg,500,500,train,2,2,0.9973
n03028079__n03028079_39.jpg,375,500,train,4,4,0.9997
n03000684__ILSVRC2012_val_00029668.jpg,500,333,train,3,3,1.0
n03394916__n03394916_3118.jpg,1424,1025,train,5,5,0.9986
n02979186__n02979186_24027.jpg,130,102,train,2,2,0.996
n03000684__n03000684_32384.jpg,250,175,train,3,3,0.9993
n02102040__n02102040_6625.jpg,500,375,train,1,1,0.9995
n03425413__n03425413_2257.jpg,406,600,train,7,7,0.9784
n03028079__n03028079_11115.jpg,852,639,train,4,4,1.0
n03888257__n03888257_1137.jpg,500,500,train,9,9,1.0
n02979186__n02979186_23078.jpg,98,98,train,2,2,0.8873
n03425413__n03425413_26737.jpg,380,574,train,7,7,1.0
n03445777__n03445777_8414.jpg,500,334,train,8,8,0.9994
n01440764__n01440764_27713.jpg,500,353,train,0,0,1.0
n02979186__n02979186_935.jpg,500,375,train,2,2,1.0
n03000684__n03000684_31088.jpg,500,335,train,3,3,0.9999
n03445777__n03445777_15367.jpg,610,287,train,8,8,0.9999
n02102040__n02102040_4434.jpg,500,375,train,1,1,1.0
n03394916__n03394916_44523.jpg,500,375,train,5,5,0.9998
n03417042__n03417042_19447.jpg,500,375,train,6,6,1.0
n03445777__n03445777_13867.jpg,255,216,train,8,8,0.9488
n03888257__n03888257_6309.jpg,500,333,train,9,9,0.9934
n01440764__n01440764_3496.jpg,500,375,train,0,0,1.0
n03000684__n03000684_14284.jpg,160,111,train,3,3,1.0
n03417042__n03417042_803.jpg,500,354,train,6,6,1.0
n03425413__n03425413_17098.jpg,375,500,train,7,7,0.9998
n02979186__n02979186_14735.jpg,500,375,train,2,2,1.0
n03425413__n03425413_6407.jpg,375,500,train,7,7,0.9998
n02102040__n02102040_7625.jpg,620,453,train,1,1,1.0
n03425413__n03425413_21657.jpg,500,375,train,7,7,0.9997
n02979186__n02979186_10756.jpg,251,81,train,2,2,0.9996
n01440764__n01440764_11723.jpg,500,375,train,0,0,0.9995
n03417042__n03417042_3669.jpg,500,368,train,6,6,0.9998
n03028079__n03028079_15678.jpg,500,362,train,4,4,1.0
n03425413__n03425413_19378.jpg,500,375,train,7,7,0.9815
n03394916__n03394916_44089.jpg,500,375,train,5,5,0.9847
n03000684__n03000684_35647.jpg,500,333,train,3,3,0.9998
n03425413__n03425413_18387.jpg,375,500,train,7,7,0.9946
n03445777__n03445777_4123.jpg,458,352,train,8,8,1.0
n03394916__n03394916_33259.jpg,500,375,train,5,5,0.9881
n03417042__n03417042_10858.jpg,500,375,train,6,6,0.9994
n03394916__n03394916_32457.jpg,425,500,train,5,5,0.9994
n03888257__n03888257_21346.jpg,375,500,train,9,9,0.9998
n03445777__ILSVRC2012_val_00043745.jpg,500,375,train,8,8,0.9998
n01440764__n01440764_6268.jpg,280,336,train,0,0,1.0
n01440764__n01440764_5314.jpg,500,431,train,0,0,1.0
n02102040__n02102040_3937.jpg,500,333,train,1,1,1.0
n03888257__n03888257_20624.jpg,500,375,train,9,9,0.9999
n02979186__n02979186_7309.jpg,470,180,train,2,2,0.9999
n03425413__n03425413_12888.jpg,364,500,train,7,7,0.9998
n03028079__n03028079_11955.jpg,500,375,train,4,4,0.998
n03394916__n03394916_16589.jpg,1368,1712,train,5,5,0.9946
n03425413__n03425413_7175.jpg,592,455,train,7,7,0.9996
n03888257__n03888257_5327.jpg,500,334,train,9,9,0.9999
n03417042__n03417042_11595.jpg,651,488,train,6,6,1.0
n03445777__ILSVRC2012_val_00011983.jpg,500,334,train,8,8,1.0
n03888257__n03888257_25524.jpg,500,333,train,9,9,1.0
n02102040__n02102040_2595.jpg,500,331,train,1,1,0.9871
n03028079__n03028079_6755.jpg,428,500,train,4,4,0.9999
n02979186__n02979186_5163.jpg,137,77,train,2,2,0.9997
n03417042__n03417042_27608.jpg,500,375,train,6,6,0.9999
n03417042__n03417042_16735.jpg,500,360,train,6,6,1.0
n03888257__n03888257_40105.jpg,500,326,train,9,9,0.9005
n03394916__n03394916_28717.jpg,350,500,train,5,5,0.9953
n02979186__n02979186_25357.jpg,160,160,train,2,2,0.7227
n03028079__n03028079_16118.jpg,500,375,train,4,4,0.9999
n03000684__n03000684_614.jpg,333,500,train,3,3,0.9577
n03445777__n03445777_4533.jpg,500,375,train,8,8,1.0
n03445777__n03445777_2227.jpg,500,373,train,8,8,1.0
n03425413__n03425413_19473.jpg,463,500,train,7,7,0.9998
n02979186__n02979186_11383.jpg,376,500,train,2,2,1.0
n03394916__n03394916_32613.jpg,500,334,train,5,5,0.9998
n03888257__n03888257_48334.jpg,500,333,train,9,9,0.9991
n03028079__n03028079_9563.jpg,500,335,train,4,4,0.9989
n03445777__n03445777_6399.jpg,517,310,train,8,8,0.9998
n03028079__n03028079_8596.jpg,500,341,train,4,4,0.9993
n03394916__n03394916_16698.jpg,500,375,train,5,5,0.9995
n03425413__n03425413_766.jpg,333,500,train,7,7,0.9999
n01440764__n01440764_11063.jpg,250,166,train,0,0,0.9999
n03888257__n03888257_17175.jpg,500,333,train,9,9,0.9998
n03028079__n03028079_26577.jpg,500,346,train,4,4,0.9999
n02979186__n02979186_3004.jpg,531,600,train,2,2,0.9724
n03394916__ILSVRC2012_val_00007536.jpg,500,333,train,5,5,0.9997
n02979186__n02979186_8516.jpg,350,199,train,2,2,1.0
n02102040__n02102040_1049.jpg,500,333,train,1,1,1.0
n01440764__n01440764_20434.jpg,500,333,train,0,0,1.0
n02979186__n02979186_13578.jpg,332,500,train,2,2,1.0
n03394916__n03394916_37415.jpg,500,335,train,5,5,0.9998
n03425413__n03425413_367.jpg,314,742,train,7,7,1.0
n03028079__n03028079_14054.jpg,500,375,train,4,4,0.9997
n03888257__n03888257_8837.jpg,500,340,train,9,9,0.9999
n02102040__n02102040_155.jpg,500,355,train,1,1,0.9998
n03417042__n03417042_25947.jpg,333,500,train,6,6,0.9981
n03028079__n03028079_8626.jpg,500,384,train,4,4,0.9999
n02102040__n02102040_994.jpg,500,333,train,1,1,0.9729
n01440764__n01440764_4983.jpg,500,375,train,0,0,0.9999
n03000684__n03000684_157.jpg,124,74,train,3,3,0.9999
n03888257__n03888257_11803.jpg,500,375,train,9,9,0.9993
n03888257__n03888257_22114.jpg,500,375,train,9,9,0.999
n02102040__n02102040_1004.jpg,500,375,train,1,1,0.9999
n03445777__n03445777_4095.jpg,600,450,train,8,8,0.9996
n03445777__n03445777_3039.jpg,500,375,train,8,8,0.9589
n03888257__ILSVRC2012_val_00015689.jpg,500,375,train,9,9,0.9997
n01440764__n01440764_11677.jpg,567,425,train,0,0,1.0
n02102040__n02102040_1674.jpg,500,375,train,1,1,1.0
n03000684__n03000684_5775.jpg,400,300,train,3,3,1.0
n03028079__n03028079_35828.jpg,500,395,train,4,4,0.9995
n03000684__n03000684_1585.jpg,500,274,train,3,2,0.9208
n03000684__n03000684_5084.jpg,500,357,train,3,3,0.9688
n01440764__ILSVRC2012_val_00026064.jpg,500,375,train,0,0,0.9998
n02979186__n02979186_21725.jpg,130,98,train,2,2,0.9997
n03445777__ILSVRC2012_val_00007947.jpg,333,500,train,8,8,0.9995
n03445777__n03445777_7428.jpg,500,332,train,8,8,0.9999
n03000684__n03000684_20065.jpg,302,217,train,3,3,1.0
n03417042__n03417042_10176.jpg,245,175,train,6,6,0.9996
n03028079__n03028079_11187.jpg,500,333,train,4,4,0.9981
n03445777__n03445777_1086.jpg,500,334,train,8,8,0.9997
n03394916__n03394916_34553.jpg,500,335,train,5,5,0.9997
n01440764__n01440764_239.jpg,250,189,train,0,0,0.9999
n03888257__n03888257_40227.jpg,400,400,train,9,9,0.9997
n03394916__n03394916_34223.jpg,375,500,train,5,5,0.9992
n03425413__n03425413_12968.jpg,375,500,train,7,7,0.9999
n03028079__n03028079_2998.jpg,500,375,train,4,4,0.9999
n03000684__n03000684_13727.jpg,500,375,train,3,3,0.9952
n03425413__n03425413_21288.jpg,390,500,train,7,7,0.9999
n03394916__n03394916_44127.jpg,375,500,train,5,5,1.0
n03417042__n03417042_4106.jpg,413,500,train,6,6,0.9999
n01440764__n01440764_16969.jpg,500,333,train,0,0,1.0
n03425413__n03425413_16246.jpg,500,375,train,7,7,0.9968
n03445777__n03445777_20618.jpg,500,333,train,8,8,0.9999
n02102040__n02102040_745.jpg,500,407,train,1,1,0.9976
n02979186__n02979186_14047.jpg,500,375,train,2,2,0.9999
n03394916__n03394916_57677.jpg,400,594,train,5,5,1.0
n03445777__n03445777_16413.jpg,720,480,train,8,8,0.8476
n03394916__n03394916_39718.jpg,500,375,train,5,5,0.9863
n01440764__n01440764_10779.jpg,500,333,train,0,0,1.0
n03425413__n03425413_10278.jpg,375,500,train,7,7,0.9999
n03445777__n03445777_12143.jpg,500,375,train,8,8,1.0
n03445777__n03445777_2253.jpg,500,334,train,8,8,0.9997
n03888257__n03888257_17063.jpg,500,375,train,9,9,0.9999
n03888257__n03888257_17565.jpg,500,333,train,9,9,0.9998
n03417042__n03417042_3254.jpg,500,375,train,6,6,1.0
n02979186__n02979186_2077.jpg,250,250,train,2,2,0.9988
n02102040__n02102040_996.jpg,500,375,train,1,1,0.9997
n03417042__n03417042_3825.jpg,400,300,train,6,6,0.9998
n02979186__n02979186_3225.jpg,300,246,train,2,2,0.9999
n03394916__n03394916_35649.jpg,433,500,train,5,5,1.0
n02979186__n02979186_16835.jpg,400,206,train,2,2,0.9999
n02102040__n02102040_173.jpg,500,333,train,1,1,0.9996
n02102040__n02102040_883.jpg,500,375,train,1,1,0.9996
n03000684__n03000684_13483.jpg,680,519,train,3,3,1.0
n02979186__n02979186_9137.jpg,400,341,train,2,2,0.9994
n03028079__n03028079_57417.jpg,500,368,train,4,4,0.9982
n02979186__n02979186_14015.jpg,500,333,train,2,2,1.0
n03394916__n03394916_33949.jpg,333,500,train,5,5,0.9567
n03028079__n03028079_1325.jpg,333,500,train,4,4,0.9997
n03000684__n03000684_2203.jpg,500,375,train,3,3,0.949
n03425413__n03425413_19055.jpg,500,375,train,7,7,0.9383
n01440764__n01440764_21955.jpg,240,180,train,0,0,0.9998
n03000684__n03000684_17483.jpg,500,375,train,3,3,0.9998
n03445777__n03445777_8418.jpg,500,333,train,8,8,0.9998
n03000684__n03000684_929.jpg,500,375,train,3,3,0.7188
n03425413__n03425413_1659.jpg,1600,1200,train,7,7,0.9999
n03394916__n03394916_40389.jpg,375,500,train,5,5,0.9954
n03000684__n03000684_32288.jpg,500,375,train,3,3,0.9999
n03445777__n03445777_10689.jpg,500,333,train,8,8,0.9999
n03417042__n03417042_15278.jpg,456,342,train,6,6,0.9994
n02979186__n02979186_213.jpg,400,266,train,2,2,1.0
n03417042__n03417042_3398.jpg,500,375,train,6,6,0.9999
n03000684__n03000684_12893.jpg,640,480,train,3,3,0.9966
n02102040__n02102040_1136.jpg,500,334,train,1,1,0.9996
n03425413__n03425413_2796.jpg,375,500,train,7,7,0.9794
n03394916__n03394916_33248.jpg,500,342,train,5,5,0.9794
n03000684__n03000684_35548.jpg,500,150,train,3,3,1.0
n03028079__n03028079_20186.jpg,500,334,train,4,4,0.9999
n01440764__n01440764_2679.jpg,500,375,train,0,0,1.0
n02979186__n02979186_229.jpg,600,532,train,2,2,0.9999
n03028079__n03028079_7714.jpg,500,357,train,4,4,0.9998
n03394916__n03394916_44383.jpg,335,500,train,5,5,0.9985
n03028079__n03028079_27155.jpg,500,383,train,4,4,0.9894
n01440764__ILSVRC2012_val_00011993.jpg,500,375,train,0,0,1.0
n03394916__n03394916_34323.jpg,500,375,train,5,5,1.0
n02102040__n02102040_2948.jpg,500,375,train,1,1,1.0
n03445777__n03445777_36.jpg,500,334,train,8,8,0.9999
n02979186__n02979186_2587.jpg,600,826,train,2,2,1.0
n03417042__n03417042_7369.jpg,500,313,train,6,6,1.0
n03425413__n03425413_14373.jpg,500,333,train,7,7,0.9955
n03425413__n03425413_9117.jpg,500,375,train,7,7,0.9962
n03888257__n03888257_34355.jpg,500,336,train,9,9,0.9999
n03394916__n03394916_37099.jpg,375,500,train,5,5,0.9997
n01440764__n01440764_3997.jpg,500,375,train,0,0,1.0
n03425413__n03425413_19388.jpg,375,500,train,7,7,0.9999
n03394916__n03394916_4023.jpg,910,670,train,5,5,0.9997
n03888257__n03888257_10949.jpg,960,370,train,9,9,0.9989
n03888257__n03888257_36097.jpg,500,321,train,9,9,0.9992
n03888257__n03888257_47879.jpg,500,375,train,9,9,0.9999
n02979186__n02979186_14067.jpg,500,375,train,2,2,1.0
n03888257__n03888257_23023.jpg,500,333,train,9,9,0.9994
n01440764__n01440764_1244.jpg,623,516,train,0,0,1.0
n03445777__n03445777_12724.jpg,400,282,train,8,8,0.9999
n03417042__n03417042_1775.jpg,520,390,train,6,6,0.9955
n03000684__n03000684_2674.jpg,500,375,train,3,3,0.9976
n03394916__n03394916_43947.jpg,357,500,train,5,5,0.9957
n02979186__n02979186_22164.jpg,142,84,train,2,2,0.9892
n03028079__n03028079_48955.jpg,375,500,train,4,4,0.9965
n03000684__n03000684_2255.jpg,500,334,train,3,3,0.9995
n02979186__n02979186_21328.jpg,440,268,train,2,2,0.9999
n03394916__n03394916_34078.jpg,375,500,train,5,5,0.9951
n03445777__n03445777_2113.jpg,500,332,train,8,8,0.8896
n02102040__n02102040_118.jpg,500,375,train,1,1,1.0
n01440764__n01440764_2628.jpg,500,375,train,0,0,1.0
n03417042__n03417042_303.jpg,500,375,train,6,6,0.9994
n02979186__n02979186_6314.jpg,421,380,train,2,2,0.9992
n01440764__n01440764_10534.jpg,600,450,train,0,0,1.0
n02979186__n02979186_10749.jpg,600,289,train,2,2,1.0
n02979186__n02979186_13513.jpg,500,375,train,2,2,0.9999
n03425413__n03425413_7383.jpg,500,500,train,7,7,0.9957
n03000684__n03000684_24278.jpg,335,500,train,3,3,0.9998
n03394916__n03394916_39514.jpg,500,337,train,5,5,0.9994
n01440764__n01440764_12283.jpg,500,378,train,0,0,1.0
n02102040__n02102040_955.jpg,320,480,train,1,1,0.9995
n02979186__n02979186_21779.jpg,130,97,train,2,2,0.9993
n03417042__n03417042_18348.jpg,375,500,train,6,6,0.9999
n03028079__n03028079_11578.jpg,500,397,train,4,4,0.9992
n03394916__n03394916_14058.jpg,396,499,train,5,5,0.9997
n01440764__n01440764_9649.jpg,200,150,train,0,0,1.0
n03888257__n03888257_37945.jpg,335,500,train,9,9,1.0
n02979186__n02979186_4078.jpg,500,375,train,2,2,0.9999
n02102040__n02102040_1995.jpg,500,375,train,1,1,1.0
n03445777__n03445777_1698.jpg,1088,1073,train,8,8,0.9998
n03000684__n03000684_18545.jpg,100,75,train,3,3,0.9999
n03000684__n03000684_2867.jpg,275,171,train,3,3,1.0
n02979186__n02979186_1984.jpg,280,280,train,2,2,0.9994
n02102040__n02102040_5724.jpg,375,500,train,1,1,0.9999
n03028079__n03028079_8479.jpg,375,500,train,4,4,0.9998
n01440764__n01440764_885.jpg,400,315,train,0,0,1.0
n03425413__n03425413_659.jpg,375,500,train,7,7,1.0
n03888257__n03888257_17424.jpg,500,372,train,9,9,0.999
n03028079__n03028079_8679.jpg,372,500,train,4,4,0.9998
n03425413__n03425413_10527.jpg,500,375,train,7,7,0.9999
n03425413__n03425413_20494.jpg,375,500,train,7,7,1.0
n03000684__n03000684_16434.jpg,350,467,train,3,3,0.9999
n03445777__n03445777_2339.jpg,400,250,train,8,8,1.0
n03417042__n03417042_4614.jpg,500,371,train,6,6,1.0
n02102040__n02102040_63.jpg,500,447,train,1,1,0.9801
n02102040__n02102040_1427.jpg,334,500,train,1,1,1.0
n03394916__n03394916_35573.jpg,500,375,train,5,5,0.9997
n03394916__n03394916_13698.jpg,375,500,train,5,5,1.0
n03425413__n03425413_21707.jpg,445,500,train,7,7,0.9846
n03417042__n03417042_7187.jpg,500,375,train,6,6,1.0
n02102040__n02102040_3514.jpg,210,210,train,1,1,1.0
n03445777__n03445777_7729.jpg,500,375,train,8,8,0.9998
n03394916__n03394916_47558.jpg,500,455,train,5,5,0.9647
n01440764__n01440764_4003.jpg,750,600,train,0,0,1.0
n02979186__n02979186_10585.jpg,81,125,train,2,5,0.5227
n03445777__n03445777_4028.jpg,354,500,train,8,8,0.9484
n03888257__n03888257_38929.jpg,500,333,train,9,9,0.9996
n03000684__n03000684_17838.jpg,340,270,train,3,3,0.9914
n03000684__n03000684_7997.jpg,500,333,train,3,3,0.996
n03394916__n03394916_33254.jpg,500,499,train,5,5,0.9752
n02102040__n02102040_2698.jpg,500,375,train,1,1,0.9932
n02102040__n02102040_3668.jpg,500,386,train,1,1,1.0
n03425413__n03425413_5969.jpg,500,375,train,7,7,1.0
n03417042__n03417042_2767.jpg,350,263,train,6,6,0.9999
n03888257__n03888257_9726.jpg,480,640,train,9,9,1.0
n03888257__n03888257_17206.jpg,502,600,train,9,9,0.9953
n03888257__n03888257_10476.jpg,500,334,train,9,9,0.9998
n03445777__n03445777_4814.jpg,500,309,train,8,8,1.0
n02102040__n02102040_95.jpg,500,332,train,1,1,0.9995
n03000684__n03000684_389.jpg,500,221,train,3,3,0.9321
n02979186__n02979186_10349.jpg,300,90,train,2,2,0.9809
n03028079__n03028079_478.jpg,500,333,train,4,4,0.9986
n03394916__n03394916_23598.jpg,500,334,train,5,5,1.0
n03888257__n03888257_12568.jpg,476,582,train,9,9,0.9999
n03425413__n03425413_24453.jpg,334,500,train,7,7,0.9878
n02102040__n02102040_3974.jpg,500,375,train,1,1,0.9998
n03425413__n03425413_18566.jpg,500,375,train,7,7,0.9777
n01440764__n01440764_2043.jpg,400,267,train,0,0,1.0
n02102040__n02102040_1515.jpg,282,195,train,1,1,0.9998
n01440764__n01440764_5763.jpg,500,375,train,0,0,1.0
n03000684__n03000684_16374.jpg,500,333,train,3,3,0.9952
n03888257__n03888257_14859.jpg,500,375,train,9,9,0.9991
n02102040__n02102040_934.jpg,500,376,train,1,1,1.0
n03425413__n03425413_364.jpg,640,480,train,7,7,0.9998
n03394916__n03394916_35344.jpg,500,356,train,5,5,0.9991
n03394916__n03394916_14828.jpg,500,375,train,5,5,1.0
n03445777__n03445777_3095.jpg,500,375,train,8,8,0.9906
n03417042__n03417042_5757.jpg,500,375,train,6,6,0.9999
n03000684__n03000684_7927.jpg,140,140,train,3,3,0.9999
n03445777__n03445777_6173.jpg,500,336,train,8,8,0.9999
n03000684__n03000684_11028.jpg,300,201,train,3,3,1.0
n03445777__n03445777_15187.jpg,500,369,train,8,8,0.9999
n01440764__n01440764_6786.jpg,400,388,train,0,0,1.0
n03888257__n03888257_3607.jpg,200,150,train,9,9,0.9998
n03394916__n03394916_35008.jpg,346,500,train,5,5,0.9999
n03417042__n03417042_1756.jpg,450,338,train,6,6,0.9999
n03417042__n03417042_21727.jpg,500,374,train,6,6,0.9998
n03888257__n03888257_43605.jpg,333,500,train,9,9,0.9967
n02979186__ILSVRC2012_val_00033657.jpg,500,228,train,2,2,0.9991
n02979186__n02979186_12025.jpg,380,285,train,2,2,0.9997
n03394916__n03394916_51168.jpg,1162,773,train,5,5,1.0
n01440764__n01440764_7158.jpg,350,262,train,0,0,0.9999
n02102040__n02102040_1028.jpg,500,333,train,1,1,0.7256
n01440764__n01440764_6484.jpg,100,100,train,0,0,0.9999
n03425413__n03425413_6664.jpg,375,500,train,7,7,1.0
n03888257__n03888257_366.jpg,500,345,train,9,9,0.9999
n02102040__n02102040_5823.jpg,375,500,train,1,1,0.9992
n01440764__ILSVRC2012_val_00006697.jpg,500,375,train,0,0,1.0
n03445777__n03445777_3324.jpg,240,240,train,8,8,0.9993
n03445777__n03445777_5184.jpg,218,164,train,8,8,0.9999
n03445777__n03445777_715.jpg,500,375,train,8,8,0.9991
n03000684__n03000684_16644.jpg,500,375,train,3,3,1.0
n03000684__n03000684_21725.jpg,500,332,train,3,3,0.9995
n02102040__n02102040_429.jpg,500,375,train,1,1,0.9998
n03888257__n03888257_23946.jpg,500,333,train,9,9,0.9982
n03425413__n03425413_719.jpg,375,500,train,7,7,1.0
n03028079__n03028079_24183.jpg,332,500,train,4,4,0.9999
n01440764__n01440764_37.jpg,640,480,train,0,0,1.0
n03394916__n03394916_45863.jpg,500,375,train,5,5,0.9864
n03028079__ILSVRC2012_val_00015155.jpg,500,393,train,4,4,0.9998
n03888257__n03888257_877.jpg,500,375,train,9,9,0.9995
n03000684__n03000684_8858.jpg,500,375,train,3,6,0.3826
n03425413__n03425413_17208.jpg,500,375,train,7,7,0.9999
n03445777__n03445777_3463.jpg,500,334,train,8,8,0.9997
n03445777__n03445777_5786.jpg,500,334,train,8,8,0.9999
n03028079__ILSVRC2012_val_00039053.jpg,500,375,train,4,4,0.995
n03417042__n03417042_22828.jpg,500,375,train,6,6,1.0
n03417042__n03417042_6419.jpg,500,375,train,6,6,1.0
n03394916__n03394916_19017.jpg,375,500,train,5,5,0.9654
n03000684__n03000684_11785.jpg,200,112,train,3,3,0.9996
n03425413__n03425413_10955.jpg,896,600,train,7,7,0.9996
n03445777__n03445777_9259.jpg,500,334,train,8,8,0.9997
n03445777__n03445777_20707.jpg,500,333,train,8,8,1.0
n03888257__n03888257_48126.jpg,500,374,train,9,9,0.9998
n03888257__n03888257_34157.jpg,334,500,train,9,9,0.9999
n03445777__n03445777_13759.jpg,310,276,train,8,8,0.9999
n03417042__n03417042_924.jpg,500,349,train,6,6,0.9996
n03028079__ILSVRC2012_val_00016873.jpg,500,379,train,4,4,0.9997
n03000684__n03000684_19198.jpg,375,500,train,3,3,1.0
n02102040__n02102040_3066.jpg,500,375,train,1,1,1.0
n02979186__n02979186_25384.jpg,135,96,train,2,2,0.9955
n03028079__n03028079_9674.jpg,500,333,train,4,4,0.9991
n03394916__n03394916_15755.jpg,767,1007,train,5,5,0.9969
n01440764__n01440764_12433.jpg,502,450,train,0,0,1.0
n03000684__n03000684_10528.jpg,500,375,train,3,3,0.9833
n01440764__n01440764_10026.jpg,250,250,train,0,0,1.0
n03445777__n03445777_5588.jpg,500,333,train,8,8,0.9991
n03425413__n03425413_14356.jpg,500,333,train,7,7,0.9768
n03425413__n03425413_14645.jpg,375,500,train,7,7,0.9998
n03028079__n03028079_12205.jpg,375,500,train,4,4,0.9998
n02102040__n02102040_6196.jpg,333,500,train,1,1,0.9998
n03000684__n03000684_15035.jpg,500,299,train,3,3,0.7939
n02979186__n02979186_10715.jpg,730,382,train,2,2,1.0
n03425413__n03425413_8047.jpg,400,553,train,7,7,0.9998
n02102040__n02102040_1148.jpg,376,500,train,1,1,0.9986
n02102040__n02102040_763.jpg,500,375,train,1,1,1.0
n03425413__n03425413_19198.jpg,432,500,train,7,7,0.9998
n03000684__n03000684_11208.jpg,500,400,train,3,3,1.0
n02979186__n02979186_10036.jpg,90,90,train,2,2,0.9637
n03417042__n03417042_4665.jpg,500,375,train,6,6,0.9996
n03417042__n03417042_5866.jpg,602,352,train,6,6,1.0
n03417042__n03417042_9984.jpg,342,500,train,6,6,0.7884
n02979186__n02979186_174.jpg,150,150,train,2,2,0.9973
n03445777__n03445777_3275.jpg,375,500,train,8,8,1.0
n03028079__n03028079_2718.jpg,500,448,train,4,4,0.9793
n03425413__n03425413_21665.jpg,332,500,train,7,7,0.9984
n03394916__n03394916_27139.jpg,500,333,train,5,5,0.996
n03888257__n03888257_32518.jpg,500,500,train,9,9,0.9993
n03445777__n03445777_9888.jpg,375,500,train,8,8,0.9999
n02979186__n02979186_7094.jpg,640,407,train,2,2,0.9978
n02979186__n02979186_258.jpg,550,412,train,2,2,1.0
n01440764__n01440764_26698.jpg,375,500,train,0,0,1.0
n03425413__n03425413_15883.jpg,233,350,train,7,7,1.0
n01440764__n01440764_4279.jpg,500,375,train,0,0,1.0
n03028079__n03028079_5547.jpg,500,334,train,4,4,0.9999
n02979186__n02979186_5454.jpg,274,119,train,2,2,0.9997
n03445777__n03445777_1419.jpg,500,400,train,8,8,0.9954
n03888257__n03888257_22703.jpg,332,500,train,9,9,0.9999
n03445777__n03445777_6759.jpg,333,500,train,8,8,0.9998
n03445777__n03445777_8677.jpg,349,500,train,8,8,1.0
n02979186__n02979186_11206.jpg,460,240,train,2,2,0.9999
n02979186__n02979186_10437.jpg,280,280,train,2,2,0.9997
n03394916__n03394916_23139.jpg,640,480,train,5,5,1.0
n03028079__n03028079_11463.jpg,500,379,train,4,4,0.9999
n03028079__n03028079_42766.jpg,459,500,train,4,4,0.9998
n02979186__n02979186_6023.jpg,175,175,train,2,2,0.999
n03425413__n03425413_14618.jpg,500,454,train,7,7,1.0
n03417042__n03417042_5105.jpg,500,375,train,6,6,0.9999
n03417042__n03417042_173.jpg,500,375,train,6,6,0.9999
n03417042__n03417042_7808.jpg,418,500,train,6,6,1.0
n02102040__n02102040_6846.jpg,500,334,train,1,1,0.9999
n03000684__n03000684_10978.jpg,1000,669,train,3,3,0.9999
n03000684__n03000684_10748.jpg,500,333,train,3,3,0.9949
n02979186__n02979186_2186.jpg,500,333,train,2,2,1.0
n03028079__n03028079_8306.jpg,497,500,train,4,4,0.9965
n02979186__n02979186_9567.jpg,160,160,train,2,2,0.9973
n02979186__n02979186_20629.jpg,121,91,train,2,2,0.6619
n01440764__n01440764_10317.jpg,640,480,train,0,0,1.0
n03425413__n03425413_13279.jpg,375,500,train,7,7,0.9998
n02102040__ILSVRC2012_val_00001968.jpg,500,334,train,1,1,1.0
n02979186__n02979186_2938.jpg,2020,1912,train,2,2,0.9998
n03888257__n03888257_17703.jpg,500,334,train,9,9,0.9496
n02102040__n02102040_37.jpg,600,736,train,1,1,1.0
n02979186__n02979186_13096.jpg,500,375,train,2,2,0.9986
n02102040__n02102040_5429.jpg,375,500,train,1,1,1.0
n03425413__n03425413_12763.jpg,500,375,train,7,7,0.9996
n02102040__n02102040_1904.jpg,500,375,train,1,1,0.9998
n02102040__n02102040_6848.jpg,375,500,train,1,1,0.9987
n03000684__n03000684_29135.jpg,495,371,train,3,3,1.0
n03417042__ILSVRC2012_val_00036554.jpg,500,375,train,6,6,1.0
n02979186__n02979186_12137.jpg,400,400,train,2,2,0.9958
n03028079__n03028079_44153.jpg,500,457,train,4,4,0.9988
n03000684__n03000684_33116.jpg,500,334,train,3,3,0.5642
n03888257__n03888257_1929.jpg,346,507,train,9,9,1.0
n03394916__n03394916_36369.jpg,333,500,train,5,5,0.9984
n02979186__n02979186_6056.jpg,137,103,train,2,6,0.4955
n03888257__n03888257_36454.jpg,500,281,train,9,9,0.9983
n03394916__n03394916_48363.jpg,773,1162,train,5,5,0.9999
n02102040__n02102040_3013.jpg,500,495,train,1,1,0.9999
n02102040__n02102040_2983.jpg,391,500,train,1,1,0.9996
n01440764__n01440764_22135.jpg,500,277,train,0,0,1.0
n03445777__n03445777_4188.jpg,200,170,train,8,8,0.9997
n03394916__n03394916_6934.jpg,800,600,train,5,5,1.0
n03000684__n03000684_2453.jpg,500,333,train,3,3,0.9714
n03394916__n03394916_48463.jpg,334,500,train,5,5,0.9992
n03028079__n03028079_24708.jpg,500,367,train,4,4,0.9909
n02102040__n02102040_8197.jpg,500,333,train,1,1,0.9999
n03425413__n03425413_20763.jpg,333,500,train,7,7,0.9095
n03417042__n03417042_23468.jpg,640,480,train,6,6,1.0
n03417042__n03417042_6654.jpg,500,375,train,6,6,0.9988
n03445777__n03445777_6534.jpg,500,333,train,8,8,1.0
n03417042__n03417042_7096.jpg,532,349,train,6,6,1.0
n02102040__n02102040_1559.jpg,467,500,train,1,1,0.9986
n03445777__n03445777_2043.jpg,1050,750,train,8,8,1.0
n03445777__n03445777_17564.jpg,425,282,train,8,8,0.9999
n03417042__n03417042_11994.jpg,1420,900,train,6,6,0.9998
n03445777__n03445777_6594.jpg,500,375,train,8,8,0.9999
n03445777__n03445777_7687.jpg,500,332,train,8,8,0.999
n03000684__n03000684_8013.jpg,500,350,train,3,3,0.9991
n03394916__n03394916_28559.jpg,500,375,train,5,5,0.7286
n03394916__n03394916_14234.jpg,500,375,train,5,5,0.9997
n02102040__n02102040_6239.jpg,500,364,train,1,1,0.9999
n03028079__n03028079_6498.jpg,378,500,train,4,4,0.9995
n03028079__n03028079_10014.jpg,500,375,train,4,4,0.9198
n03394916__n03394916_36404.jpg,333,500,train,5,5,0.9997
n03417042__n03417042_4587.jpg,640,480,train,6,6,0.9777
n02102040__n02102040_6426.jpg,500,375,train,1,1,0.9997
n03028079__n03028079_2375.jpg,500,358,train,4,4,0.9996
n03000684__n03000684_16918.jpg,500,375,train,3,3,0.6444
n02102040__n02102040_1615.jpg,375,500,train,1,1,0.9684
n03888257__n03888257_42405.jpg,500,334,train,9,9,0.9999
n01440764__n01440764_13757.jpg,300,400,train,0,0,1.0
n03888257__n03888257_936.jpg,500,333,train,9,9,0.9994
n03394916__n03394916_30404.jpg,500,400,train,5,5,0.9999
n03445777__n03445777_7086.jpg,500,375,train,8,8,0.9998
n03394916__n03394916_71979.jpg,500,375,train,5,5,0.9981
n03425413__n03425413_14424.jpg,500,375,train,7,7,0.9997
n01440764__n01440764_3966.jpg,400,215,train,0,0,1.0
n03028079__n03028079_9094.jpg,339,500,train,4,4,0.9997
n03394916__n03394916_37575.jpg,500,375,train,5,5,0.9997
n02979186__n02979186_10523.jpg,150,180,train,2,2,0.9781
n02979186__n02979186_20898.jpg,137,103,train,2,2,0.8994
n02979186__n02979186_5556.jpg,500,500,train,2,2,0.9987
n03028079__n03028079_4754.jpg,500,375,train,4,4,0.9812
n03888257__n03888257_9378.jpg,300,300,train,9,9,0.99
n03888257__n03888257_17004.jpg,2700,1795,train,9,9,0.9998
n01440764__n01440764_19938.jpg,240,164,train,0,0,0.9995
n03028079__n03028079_7526.jpg,400,600,train,4,4,0.9999
n02102040__n02102040_1487.jpg,500,334,train,1,1,1.0
n02979186__n02979186_18456.jpg,620,400,train,2,2,0.9997
n03028079__n03028079_20623.jpg,382,500,train,4,4,0.9993
n02102040__n02102040_4213.jpg,500,375,train,1,1,0.999
n01440764__n01440764_30835.jpg,334,500,train,0,0,0.9581
n02102040__n02102040_7944.jpg,500,333,train,1,1,1.0
n02979186__n02979186_14758.jpg,500,326,train,2,2,0.949
n03000684__n03000684_21569.jpg,500,187,train,3,3,0.9997
n03394916__n03394916_59458.jpg,640,480,train,5,5,1.0
n03394916__n03394916_26448.jpg,500,375,train,5,5,1.0
n03888257__n03888257_62025.jpg,500,333,train,9,9,0.9825
n03445777__n03445777_6038.jpg,234,192,train,8,8,0.9965
n02102040__n02102040_3038.jpg,500,375,train,1,1,1.0
n02979186__n02979186_5663.jpg,200,150,train,2,2,0.9999
n02102040__n02102040_7868.jpg,500,333,train,1,1,1.0
n03425413__n03425413_15389.jpg,500,335,train,7,7,0.9908
n03417042__n03417042_9238.jpg,640,480,train,6,6,0.9995
n03417042__n03417042_18745.jpg,550,456,train,6,6,0.9981
n03417042__n03417042_4655.jpg,500,375,train,6,6,0.9997
n02979186__n02979186_4284.jpg,160,159,train,2,2,0.998
n03445777__n03445777_2124.jpg,210,292,train,8,8,0.9993
n03425413__n03425413_7515.jpg,1363,2044,train,7,7,0.992
n03394916__n03394916_28528.jpg,332,500,train,5,5,0.9995
n03394916__n03394916_44134.jpg,332,500,train,5,5,1.0
n03445777__n03445777_498.jpg,240,160,train,8,8,0.9958
n03000684__n03000684_7457.jpg,500,375,train,3,3,0.9998
n03425413__n03425413_8077.jpg,512,800,train,7,7,0.9998
n03417042__n03417042_5905.jpg,500,328,train,6,6,1.0
n02102040__n02102040_659.jpg,334,500,train,1,1,0.9961
n03028079__n03028079_9525.jpg,437,500,train,4,4,0.9999
n03028079__n03028079_11886.jpg,375,500,train,4,4,0.997
n03028079__n03028079_6855.jpg,500,352,train,4,4,0.9992
n03425413__n03425413_20806.jpg,167,500,train,7,7,0.9997
n02979186__ILSVRC2012_val_00023674.jpg,500,332,train,2,2,0.9934
n03417042__n03417042_26885.jpg,500,375,train,6,6,1.0
n03425413__n03425413_7674.jpg,500,375,train,7,7,0.9991
n02979186__n02979186_9918.jpg,90,90,train,2,2,0.9966
n03417042__n03417042_11007.jpg,640,424,train,6,6,0.9915
n01440764__n01440764_10783.jpg,1855,2048,train,0,0,0.9996
n02979186__n02979186_3438.jpg,321,195,train,2,2,1.0
n03445777__n03445777_18234.jpg,400,266,train,8,8,0.9998
n03445777__n03445777_278.jpg,500,375,train,8,8,0.9999
n03888257__n03888257_10499.jpg,500,391,train,9,9,0.9988
n02102040__n02102040_623.jpg,500,375,train,1,1,0.8575
n03028079__n03028079_43745.jpg,500,372,train,4,4,0.9995
n03394916__n03394916_15417.jpg,1065,1600,train,5,5,0.9963
n03394916__n03394916_29153.jpg,368,500,train,5,5,0.9961
n03445777__n03445777_2137.jpg,352,500,train,8,8,0.9987
n01440764__n01440764_747.jpg,639,352,train,0,0,1.0
n03000684__n03000684_31155.jpg,333,500,train,3,3,0.9999
n03000684__n03000684_25557.jpg,480,360,train,3,3,0.9999
n03445777__n03445777_2709.jpg,480,360,train,8,8,0.9737
n01440764__n01440764_9859.jpg,200,181,train,0,0,1.0
n03000684__n03000684_11329.jpg,500,375,train,3,3,1.0
n03445777__n03445777_4229.jpg,500,375,train,8,8,0.999
n03417042__n03417042_29444.jpg,500,375,train,6,6,0.9987
n03425413__n03425413_7416.jpg,375,500,train,7,7,1.0
n03425413__n03425413_14558.jpg,400,500,train,7,7,0.9999
n02102040__n02102040_516.jpg,500,375,train,1,1,0.9996
n03394916__n03394916_29704.jpg,500,333,train,5,5,0.9989
n03417042__n03417042_21758.jpg,500,376,train,6,6,0.9959
n02102040__n02102040_444.jpg,500,375,train,1,1,1.0
n03394916__n03394916_29969.jpg,500,375,train,5,5,1.0
n03888257__n03888257_11539.jpg,500,375,train,9,9,0.9994
n03445777__ILSVRC2012_val_00048517.jpg,622,480,train,8,8,0.9999
n03888257__n03888257_16173.jpg,419,500,train,9,9,0.9987
n03394916__n03394916_16778.jpg,375,565,train,5,5,1.0
n03425413__n03425413_106.jpg,610,446,train,7,7,0.9161
n03394916__n03394916_28595.jpg,500,440,train,5,5,0.9985
n03888257__n03888257_9209.jpg,500,300,train,9,9,0.9997
n02979186__n02979186_23044.jpg,100,100,train,2,2,0.8653
n03445777__n03445777_15777.jpg,227,130,train,8,8,0.9996
n03394916__n03394916_5414.jpg,480,479,train,5,5,0.9991
n01440764__n01440764_1245.jpg,396,281,train,0,0,1.0
n02979186__n02979186_16699.jpg,500,395,train,2,2,0.9965
n01440764__n01440764_3428.jpg,500,333,train,0,0,1.0
n03028079__n03028079_10709.jpg,500,375,train,4,4,0.9989
n02102040__n02102040_3006.jpg,300,315,train,1,1,0.9999
n03888257__n03888257_27595.jpg,372,500,train,9,9,0.9507
n03417042__n03417042_1853.jpg,500,375,train,6,6,0.9973
n03425413__n03425413_2818.jpg,261,500,train,7,7,0.9263
n03445777__n03445777_2338.jpg,185,178,train,8,8,0.9998
n03028079__n03028079_9219.jpg,470,500,train,4,4,0.9998
n03417042__n03417042_28394.jpg,500,375,train,6,6,0.9497
n03000684__n03000684_35403.jpg,500,375,train,3,3,0.9493
n03394916__n03394916_41643.jpg,500,375,train,5,5,1.0
n03888257__n03888257_20447.jpg,445,517,train,9,9,0.9982
n02979186__n02979186_19036.jpg,130,130,train,2,2,0.9876
n03888257__n03888257_27975.jpg,500,344,train,9,9,0.7758
n03000684__n03000684_17733.jpg,225,100,train,3,3,0.9829
n02102040__n02102040_1094.jpg,500,375,train,1,1,0.9894
n02102040__n02102040_3068.jpg,500,353,train,1,1,0.9999
n03394916__n03394916_44874.jpg,500,335,train,5,5,0.9808
n03445777__n03445777_5358.jpg,185,240,train,8,8,0.9997
n03028079__n03028079_15153.jpg,349,500,train,4,4,0.9983
n03000684__n03000684_924.jpg,206,294,train,3,3,0.9994
n03394916__n03394916_8675.jpg,500,500,train,5,5,1.0
n03888257__n03888257_23069.jpg,500,357,train,9,9,0.9996
n03888257__n03888257_13184.jpg,500,333,train,9,9,0.9968
n03394916__n03394916_46696.jpg,500,333,train,5,5,0.999
n01440764__n01440764_2948.jpg,400,300,train,0,0,1.0
n01440764__n01440764_4448.jpg,500,375,train,0,0,1.0
n01440764__n01440764_7016.jpg,450,338,train,0,0,1.0
n02102040__n02102040_4393.jpg,375,500,train,1,1,0.9895
n03445777__n03445777_12117.jpg,262,206,train,8,8,0.9999
n03425413__ILSVRC2012_val_00045353.jpg,500,375,train,7,7,0.9992
n03445777__n03445777_2123.jpg,500,385,train,8,8,0.9999
n03394916__n03394916_23779.jpg,471,500,train,5,5,0.9991
n03425413__n03425413_13763.jpg,500,464,train,7,7,0.997
n03445777__n03445777_3503.jpg,500,377,train,8,8,0.9999
n03028079__n03028079_13369.jpg,500,500,train,4,4,0.9999
n02979186__n02979186_12056.jpg,460,240,train,2,2,0.9999
n01440764__n01440764_12523.jpg,400,300,train,0,0,1.0
n01440764__n01440764_5339.jpg,500,375,train,0,0,1.0
n03888257__n03888257_22053.jpg,500,375,train,9,9,0.9988
n03445777__ILSVRC2012_val_00013633.jpg,500,332,train,8,8,0.9999
n03417042__n03417042_10788.jpg,400,300,train,6,6,0.9998
n03888257__n03888257_20124.jpg,385,500,train,9,9,0.9925
n03445777__n03445777_10556.jpg,500,375,train,8,8,0.9984
n03888257__n03888257_75365.jpg,500,342,train,9,9,0.9999
n03417042__ILSVRC2012_val_00034417.jpg,500,375,train,6,6,1.0
n03394916__n03394916_3665.jpg,512,384,train,5,5,1.0
n03417042__n03417042_2204.jpg,482,500,train,6,6,0.998
n03425413__n03425413_22658.jpg,500,333,train,7,7,0.9987
n03394916__n03394916_39696.jpg,375,500,train,5,5,0.8285
n01440764__n01440764_3198.jpg,1600,1200,train,0,0,1.0
n03888257__ILSVRC2012_val_00018229.jpg,375,500,train,9,9,0.999
n02979186__n02979186_2819.jpg,500,375,train,2,2,0.9998
n02102040__n02102040_806.jpg,339,500,train,1,1,1.0
n03445777__n03445777_2055.jpg,500,333,train,8,8,1.0
n01440764__n01440764_4005.jpg,500,428,train,0,0,1.0
n03000684__n03000684_20716.jpg,375,500,train,3,3,0.9998
n03425413__n03425413_13018.jpg,301,500,train,7,7,0.9084
n03425413__n03425413_13028.jpg,500,375,train,7,7,0.9991
n03028079__n03028079_25989.jpg,336,500,train,4,4,0.9983
n03417042__n03417042_5235.jpg,500,375,train,6,6,1.0
n03394916__n03394916_16288.jpg,400,331,train,5,5,1.0
n03888257__n03888257_3047.jpg,334,500,train,9,9,0.9998
n03425413__n03425413_14235.jpg,375,500,train,7,7,1.0
n03445777__n03445777_9187.jpg,500,375,train,8,8,0.9964
n01440764__n01440764_9437.jpg,707,530,train,0,0,1.0
n02102040__n02102040_8306.jpg,399,500,train,1,1,1.0
n03000684__n03000684_19699.jpg,500,375,train,3,3,0.9764
n03394916__n03394916_30989.jpg,500,333,train,5,5,0.9963
n03028079__n03028079_3988.jpg,360,480,train,4,4,0.9994
n03425413__n03425413_2733.jpg,380,500,train,7,7,1.0
n03394916__n03394916_7045.jpg,399,500,train,5,5,1.0
n03445777__n03445777_5217.jpg,350,252,train,8,8,0.9998
n03425413__n03425413_19885.jpg,333,500,train,7,7,0.9996
n03028079__n03028079_31523.jpg,500,333,train,4,4,0.9997
n03417042__n03417042_16688.jpg,500,375,train,6,6,1.0
n03000684__n03000684_27374.jpg,375,500,train,3,3,0.9965
n03417042__n03417042_5406.jpg,500,374,train,6,6,0.9996
n03888257__n03888257_16419.jpg,500,284,train,9,9,0.9987
n01440764__ILSVRC2012_val_00017995.jpg,500,375,train,0,0,1.0
n02979186__n02979186_10758.jpg,500,375,train,2,2,0.9998
n01440764__n01440764_6375.jpg,500,375,train,0,0,0.9995
n02102040__n02102040_1067.jpg,500,353,train,1,1,1.0
n03394916__n03394916_40715.jpg,500,333,train,5,5,0.9998
n03394916__n03394916_24268.jpg,350,570,train,5,5,1.0
n03000684__n03000684_18489.jpg,400,300,train,3,3,0.9931
n01440764__ILSVRC2012_val_00024327.jpg,500,375,train,0,0,1.0
n03425413__n03425413_21594.jpg,500,375,train,7,7,0.9972
n03417042__n03417042_5997.jpg,500,386,train,6,6,0.9997
n03417042__n03417042_3338.jpg,500,375,train,6,6,0.9999
n02102040__n02102040_4095.jpg,500,375,train,1,1,0.9993
n02979186__n02979186_11516.jpg,375,500,train,2,2,0.997
n03888257__n03888257_2007.jpg,398,500,train,9,9,0.9997
n03000684__n03000684_25165.jpg,333,500,train,3,3,0.9937
n03425413__n03425413_19723.jpg,334,500,train,7,7,0.9993
n03394916__ILSVRC2012_val_00022754.jpg,334,500,train,5,5,0.9996
n03445777__n03445777_4035.jpg,334,500,train,8,8,0.9986
n02102040__n02102040_528.jpg,500,375,train,1,1,1.0
n03445777__n03445777_8403.jpg,500,339,train,8,8,0.9983
n02979186__n02979186_27577.jpg,177,150,train,2,2,0.9997
n03888257__n03888257_74795.jpg,334,500,train,9,9,0.9961
n03425413__n03425413_18649.jpg,500,334,train,7,7,0.9983
n03888257__n03888257_36469.jpg,500,333,train,9,9,0.9998
n03000684__n03000684_694.jpg,500,333,train,3,3,0.561
n03394916__n03394916_31046.jpg,500,369,train,5,5,1.0
n03028079__n03028079_12459.jpg,375,500,train,4,4,1.0
n02979186__n02979186_23309.jpg,500,375,train,2,2,0.9497
n02979186__n02979186_26067.jpg,500,330,train,2,2,0.9976
n03445777__n03445777_7855.jpg,500,375,train,8,8,1.0
n03445777__n03445777_14533.jpg,266,400,train,8,2,0.5968
n01440764__n01440764_4934.jpg,625,411,train,0,0,1.0
n01440764__n01440764_6146.jpg,640,480,train,0,0,1.0
n03394916__n03394916_53658.jpg,1162,773,train,5,5,1.0
n01440764__n01440764_9766.jpg,1024,768,train,0,0,0.9939
n03394916__n03394916_34649.jpg,500,375,train,5,5,0.9984
n02979186__n02979186_19034.jpg,160,160,train,2,2,0.9919
n02979186__n02979186_9643.jpg,300,400,train,2,2,1.0
n03425413__n03425413_8208.jpg,455,500,train,7,7,0.9954
n02979186__n02979186_469.jpg,550,413,train,2,2,0.9995
n03417042__n03417042_3375.jpg,500,376,train,6,6,1.0
n03445777__n03445777_2035.jpg,500,337,train,8,8,0.9982
n02102040__n02102040_793.jpg,500,393,train,1,1,1.0
n03425413__n03425413_20517.jpg,500,375,train,7,7,0.9999
n03445777__n03445777_1067.jpg,250,167,train,8,8,0.9996
n03888257__n03888257_22926.jpg,500,421,train,9,9,0.9988
n03000684__n03000684_876.jpg,500,375,train,3,3,0.9961
n03000684__n03000684_229.jpg,500,375,train,3,3,1.0
n03000684__n03000684_11807.jpg,500,375,train,3,3,0.8425
n02979186__n02979186_25969.jpg,600,532,train,2,2,0.9999
n03445777__n03445777_2477.jpg,500,372,train,8,8,0.9999
n03028079__n03028079_3308.jpg,500,375,train,4,4,1.0
n03425413__n03425413_21003.jpg,375,500,train,7,7,0.9999
n01440764__n01440764_769.jpg,500,375,train,0,0,1.0
n01440764__n01440764_1995.jpg,375,500,train,0,0,0.9999
n02979186__n02979186_10568.jpg,85,135,train,2,2,0.9526
n03394916__n03394916_51797.jpg,600,800,train,5,5,0.9969
n03445777__n03445777_6859.jpg,350,336,train,8,8,0.9794
n03417042__n03417042_7568.jpg,1500,1108,train,6,6,1.0
n03028079__n03028079_9755.jpg,347,500,train,4,4,0.9998
n01440764__n01440764_14034.jpg,275,270,train,0,0,1.0
n03028079__n03028079_28756.jpg,500,333,train,4,4,0.9999
n03028079__n03028079_15739.jpg,500,333,train,4,4,0.9984
n03425413__n03425413_956.jpg,375,500,train,7,7,0.9999
n03425413__n03425413_7645.jpg,375,500,train,7,7,1.0
n03888257__n03888257_8936.jpg,500,335,train,9,9,0.9997
n01440764__n01440764_5696.jpg,679,421,train,0,0,0.9999
n02979186__n02979186_20355.jpg,400,277,train,2,2,0.9999
n03445777__n03445777_5816.jpg,338,450,train,8,8,0.9999
n03028079__n03028079_10647.jpg,500,333,train,4,4,0.9999
n03028079__n03028079_25828.jpg,348,500,train,4,4,0.9997
n03417042__n03417042_25504.jpg,500,381,train,6,6,0.9989
n03888257__n03888257_3929.jpg,516,649,train,9,9,1.0
n03394916__n03394916_55028.jpg,700,705,train,5,5,1.0
n01440764__n01440764_3858.jpg,500,375,train,0,0,0.9861
n02979186__n02979186_21438.jpg,500,375,train,2,2,0.9998
n01440764__n01440764_5848.jpg,412,188,train,0,0,1.0
n03888257__n03888257_71806.jpg,500,351,train,9,9,1.0
n03445777__n03445777_9265.jpg,500,375,train,8,8,1.0
n02102040__n02102040_4824.jpg,500,391,train,1,1,0.9993
n03000684__n03000684_20578.jpg,300,200,train,3,3,1.0
n03417042__n03417042_3107.jpg,500,375,train,6,6,0.9985
n03417042__n03417042_7177.jpg,500,375,train,6,6,0.9999
n03445777__n03445777_6644.jpg,500,333,train,8,8,0.9987
n02102040__n02102040_8255.jpg,500,333,train,1,1,0.9996
n02979186__n02979186_15824.jpg,400,300,train,2,2,1.0
n03394916__n03394916_29545.jpg,500,375,train,5,5,0.9973
n03394916__n03394916_39786.jpg,333,500,train,5,5,0.9826
n03394916__n03394916_15819.jpg,192,144,train,5,5,1.0
n03000684__ILSVRC2012_val_00006669.jpg,500,275,train,3,3,0.9995
n03000684__n03000684_17024.jpg,333,500,train,3,3,0.9999
n02102040__n02102040_584.jpg,333,500,train,1,1,1.0
n03417042__n03417042_4126.jpg,500,375,train,6,6,0.9996
n03000684__n03000684_34568.jpg,500,375,train,3,3,0.9995
n03000684__n03000684_10936.jpg,150,193,train,3,3,0.7235
n02102040__n02102040_2216.jpg,500,375,train,1,1,0.9753
n03028079__n03028079_24985.jpg,500,400,train,4,4,0.9999
n03028079__n03028079_22177.jpg,387,500,train,4,4,0.9999
n02102040__n02102040_3319.jpg,392,439,train,1,1,0.9979
n03425413__n03425413_1717.jpg,375,500,train,7,7,0.9999
n03028079__n03028079_29206.jpg,500,375,train,4,4,0.9996
n01440764__n01440764_529.jpg,500,334,train,0,0,0.9981
n03445777__n03445777_7538.jpg,500,333,train,8,8,0.9999
n03028079__n03028079_2776.jpg,500,333,train,4,4,0.9996
n03417042__n03417042_8953.jpg,500,375,train,6,6,0.9996
n03425413__n03425413_13845.jpg,500,374,train,7,7,0.9994
n02979186__n02979186_13094.jpg,500,375,train,2,2,0.9996
n03028079__n03028079_2363.jpg,500,340,train,4,4,0.9997
n01440764__n01440764_7929.jpg,391,306,train,0,0,0.9992
n03000684__n03000684_19639.jpg,500,375,train,3,3,0.9994
n03425413__n03425413_14069.jpg,500,375,train,7,7,0.9998
n03445777__n03445777_637.jpg,353,196,train,8,8,0.9998
n03000684__n03000684_8864.jpg,500,375,train,3,3,0.9978
n03888257__n03888257_14005.jpg,500,333,train,9,9,1.0
n03445777__n03445777_5637.jpg,335,500,train,8,8,0.9999
n03417042__n03417042_3857.jpg,500,289,train,6,6,0.9999
n02979186__n02979186_4273.jpg,1024,588,train,2,2,0.9999
n03425413__n03425413_20277.jpg,324,500,train,7,7,0.9998
n03888257__n03888257_23723.jpg,500,332,train,9,9,0.9999
n03394916__n03394916_24385.jpg,500,375,train,5,5,1.0
n03417042__n03417042_9698.jpg,1600,1094,train,6,6,1.0
n02979186__n02979186_9715.jpg,96,130,train,2,2,0.993
n02979186__n02979186_15747.jpg,500,375,train,2,2,1.0
n01440764__n01440764_11734.jpg,340,255,train,0,0,0.981
n02102040__n02102040_3597.jpg,500,375,train,1,1,0.9999
n02979186__n02979186_14008.jpg,500,359,train,2,2,1.0
n03394916__n03394916_47259.jpg,500,375,train,5,5,0.7585
n02102040__n02102040_6843.jpg,500,402,train,1,1,1.0
n03445777__n03445777_9297.jpg,500,418,train,8,8,1.0
n03028079__n03028079_7426.jpg,425,320,train,4,4,1.0
n02979186__n02979186_1974.jpg,250,153,train,2,2,1.0
n03445777__n03445777_3386.jpg,375,500,train,8,8,0.8512
n03888257__n03888257_23706.jpg,500,333,train,9,9,0.9954
n03425413__n03425413_15919.jpg,500,395,train,7,7,0.9998
n03394916__n03394916_4158.jpg,500,375,train,5,5,1.0
n02979186__n02979186_1834.jpg,90,90,train,2,2,0.9975
n02979186__n02979186_9756.jpg,200,150,train,2,2,0.9998
n03888257__n03888257_54295.jpg,500,369,train,9,9,0.9916
n03425413__n03425413_12686.jpg,329,500,train,7,7,0.9985
n03888257__n03888257_36463.jpg,500,330,train,9,9,0.9994
n03394916__n03394916_42673.jpg,500,375,train,5,5,0.9995
n02102040__n02102040_7923.jpg,500,375,train,1,1,0.999
n02102040__ILSVRC2012_val_00019414.jpg,500,375,train,1,1,0.9998
n03417042__n03417042_1279.jpg,1916,1368,train,6,6,0.9999
n03445777__n03445777_5325.jpg,340,428,train,8,8,0.2637
n01440764__n01440764_13694.jpg,500,375,train,0,0,1.0
n02102040__n02102040_5845.jpg,500,333,train,1,1,0.9083
n02102040__n02102040_1178.jpg,500,333,train,1,1,1.0
n03000684__n03000684_7118.jpg,333,250,train,3,3,0.9999
n03445777__n03445777_12505.jpg,500,400,train,8,8,1.0
n03417042__n03417042_459.jpg,152,115,train,6,6,0.9999
n03888257__n03888257_10933.jpg,640,425,train,9,9,0.9999
n03028079__n03028079_10099.jpg,400,600,train,4,4,0.999
n03425413__n03425413_13225.jpg,375,500,train,7,7,0.9562
n03417042__n03417042_4153.jpg,500,436,train,6,6,0.999
n03888257__n03888257_64147.jpg,334,500,train,9,9,0.9951
n03888257__n03888257_10999.jpg,500,291,train,9,9,0.9997
n02979186__n02979186_333.jpg,500,211,train,2,2,0.9984
n03888257__n03888257_7294.jpg,500,333,train,9,9,0.9976
n01440764__n01440764_2255.jpg,375,500,train,0,0,1.0
n02979186__n02979186_10496.jpg,200,150,train,2,2,0.9999
n03394916__n03394916_27415.jpg,500,375,train,5,5,1.0
n03417042__n03417042_9559.jpg,409,361,train,6,6,0.9998
n03394916__n03394916_2929.jpg,400,474,train,5,5,1.0
n03417042__n03417042_22025.jpg,720,536,train,6,6,0.9984
n02102040__n02102040_3183.jpg,500,374,train,1,1,0.9923
n01440764__n01440764_12188.jpg,900,613,train,0,0,1.0
n02979186__n02979186_9288.jpg,121,121,train,2,2,0.9694
n03000684__n03000684_16629.jpg,500,375,train,3,3,0.9539
n03417042__ILSVRC2012_val_00007477.jpg,500,375,train,6,6,1.0
n01440764__n01440764_11673.jpg,1024,768,train,0,0,0.9999
n03425413__n03425413_21319.jpg,375,500,train,7,7,0.9999
n01440764__n01440764_574.jpg,830,469,train,0,0,1.0
n03028079__n03028079_3583.jpg,600,445,train,4,4,0.9999
n02102040__n02102040_8327.jpg,500,333,train,1,1,0.9997
n03417042__n03417042_3288.jpg,375,500,train,6,6,0.9944
n03394916__n03394916_26849.jpg,500,357,train,5,5,1.0
n03394916__n03394916_29004.jpg,500,333,train,5,5,0.9993
n03417042__n03417042_6247.jpg,695,319,train,6,6,0.9999
n03417042__n03417042_7469.jpg,500,375,train,6,6,1.0
n03000684__n03000684_29697.jpg,500,333,train,3,3,1.0
n03394916__ILSVRC2012_val_00003759.jpg,375,500,train,5,5,0.9988
n01440764__n01440764_12957.jpg,500,332,train,0,0,1.0
n03394916__n03394916_35376.jpg,500,335,train,5,5,0.9996
n03028079__n03028079_31474.jpg,334,500,train,4,4,0.9994
n03394916__n03394916_20499.jpg,471,440,train,5,5,1.0
n03425413__ILSVRC2012_val_00018516.jpg,500,354,train,7,7,0.7827
n03425413__n03425413_7064.jpg,991,593,train,7,7,0.9999
n03425413__n03425413_17314.jpg,500,375,train,7,6,0.7429
n03394916__n03394916_53736.jpg,1162,773,train,5,5,0.9997
n03888257__n03888257_17727.jpg,500,374,train,9,9,0.9884
n03394916__n03394916_33266.jpg,500,375,train,5,5,0.5756
n03445777__n03445777_5009.jpg,300,300,train,8,8,1.0
n03028079__n03028079_18103.jpg,470,390,train,4,4,0.9989
n03417042__n03417042_5153.jpg,500,333,train,6,6,1.0
n03417042__n03417042_27587.jpg,800,600,train,6,6,1.0
n03394916__ILSVRC2012_val_00046669.jpg,500,345,train,5,5,0.9999
n03000684__n03000684_12887.jpg,500,375,train,3,3,0.9933
n03394916__n03394916_35148.jpg,500,375,train,5,5,0.9963
n03445777__n03445777_8215.jpg,500,375,train,8,8,1.0
n01440764__n01440764_2978.jpg,500,374,train,0,0,1.0
n03028079__n03028079_56168.jpg,374,500,train,4,4,0.9998
n02102040__n02102040_2036.jpg,500,359,train,1,1,1.0
n03394916__ILSVRC2012_val_00048138.jpg,500,375,train,5,5,0.9999
n03425413__n03425413_10117.jpg,375,500,train,7,7,0.9987
n03425413__ILSVRC2012_val_00042375.jpg,500,358,train,7,7,0.9998
n02979186__n02979186_14644.jpg,500,500,train,2,2,0.9916
n01440764__n01440764_7473.jpg,3072,2304,train,0,0,1.0
n01440764__ILSVRC2012_val_00034654.jpg,500,375,train,0,0,1.0
n03888257__n03888257_19717.jpg,401,877,train,9,9,0.6444
n01440764__n01440764_16348.jpg,500,333,train,0,0,1.0
n03888257__n03888257_55348.jpg,500,333,train,9,9,0.9948
n03000684__n03000684_863.jpg,500,375,train,3,3,0.871
n03000684__n03000684_1348.jpg,400,157,train,3,3,0.9997
n03425413__n03425413_17833.jpg,375,500,train,7,7,1.0
n03425413__ILSVRC2012_val_00044734.jpg,500,351,train,7,7,0.9951
n03888257__n03888257_30127.jpg,930,654,train,9,9,0.9999
n03000684__n03000684_33094.jpg,500,429,train,3,3,0.9999
n03394916__n03394916_29284.jpg,500,333,train,5,5,0.9977
n03425413__n03425413_14803.jpg,276,500,train,7,7,0.9998
n03425413__n03425413_7346.jpg,375,500,train,7,7,0.9996
n03888257__n03888257_7526.jpg,276,500,train,9,9,0.9999
n03000684__n03000684_20114.jpg,500,375,train,3,3,0.5694
n03394916__n03394916_20527.jpg,840,900,train,5,5,1.0
n03394916__n03394916_16246.jpg,500,424,train,5,5,0.9986
n02979186__n02979186_14279.jpg,500,375,train,2,2,1.0
n03394916__n03394916_26533.jpg,500,375,train,5,5,0.9972
n03000684__n03000684_17335.jpg,530,477,train,3,3,0.9999
n03000684__n03000684_1476.jpg,128,128,train,3,3,0.9999
n03417042__n03417042_3845.jpg,500,334,train,6,6,0.95
n02979186__n02979186_9437.jpg,135,90,train,2,2,0.9681
n03445777__n03445777_3046.jpg,500,335,train,8,8,0.9995
n02979186__n02979186_2385.jpg,100,100,train,2,2,0.9801
n01440764__n01440764_11534.jpg,500,375,train,0,0,1.0
n03028079__n03028079_31228.jpg,500,375,train,4,4,0.9997
n03000684__n03000684_24537.jpg,500,334,train,3,3,0.9995
n03394916__n03394916_45517.jpg,375,500,train,5,5,0.9337
n03445777__n03445777_12796.jpg,500,333,train,8,8,1.0
n02979186__n02979186_237.jpg,150,150,train,2,2,0.9994
n03417042__n03417042_10225.jpg,360,480,train,6,6,0.9988
n02979186__n02979186_6725.jpg,500,375,train,2,2,0.9999
n02979186__n02979186_11016.jpg,333,500,train,2,2,1.0
n01440764__n01440764_11396.jpg,235,140,train,0,0,1.0
n03888257__n03888257_7115.jpg,640,466,train,9,9,0.9999
n03445777__n03445777_606.jpg,500,333,train,8,8,1.0
n03445777__n03445777_874.jpg,227,300,train,8,8,0.999
n03888257__n03888257_20118.jpg,398,500,train,9,9,0.9999
n01440764__n01440764_10074.jpg,500,375,train,0,0,0.9939
n01440764__n01440764_5549.jpg,500,375,train,0,0,1.0
n03394916__n03394916_37874.jpg,338,500,train,5,5,0.9985
n02102040__n02102040_5983.jpg,586,550,train,1,1,0.9996
n02979186__n02979186_13147.jpg,500,333,train,2,2,1.0
n02102040__n02102040_153.jpg,500,375,train,1,1,1.0
n02979186__n02979186_5545.jpg,180,180,train,2,2,0.9769
n01440764__n01440764_7719.jpg,1024,769,train,0,0,0.9997
n02979186__n02979186_8445.jpg,140,100,train,2,2,0.9991
n02979186__n02979186_26014.jpg,500,375,train,2,2,0.9995
n03417042__n03417042_5748.jpg,500,331,train,6,6,0.9884
n02979186__n02979186_11999.jpg,105,140,train,2,2,0.7855
n03445777__n03445777_12947.jpg,136,204,train,8,8,0.9998
n03000684__n03000684_10987.jpg,500,375,train,3,3,0.9926
n03425413__n03425413_2074.jpg,375,500,train,7,7,0.9999
n03028079__n03028079_167.jpg,659,466,train,4,4,0.9999
n03417042__n03417042_679.jpg,600,450,train,6,6,0.9999
n03417042__n03417042_12328.jpg,500,371,train,6,6,0.9998
n03394916__n03394916_40416.jpg,500,405,train,5,5,0.9998
n03394916__n03394916_29083.jpg,496,500,train,5,2,0.5006
n03028079__n03028079_55804.jpg,500,341,train,4,4,0.9991
n03028079__n03028079_14639.jpg,375,500,train,4,4,0.9999
n03028079__n03028079_237.jpg,374,500,train,4,4,0.9996
n03028079__ILSVRC2012_val_00014037.jpg,488,500,train,4,4,0.9984
n03425413__n03425413_3594.jpg,347,500,train,7,7,0.9995
n03028079__n03028079_9623.jpg,500,371,train,4,4,0.9999
n03417042__n03417042_8334.jpg,500,375,train,6,6,0.9965
n03000684__n03000684_31433.jpg,190,143,train,3,3,0.9999
n03888257__n03888257_1487.jpg,437,458,train,9,9,0.9994
n03417042__n03417042_1793.jpg,500,375,train,6,6,0.9635
n02979186__n02979186_353.jpg,1600,1200,train,2,2,0.9996
n02979186__n02979186_10179.jpg,160,64,train,2,2,0.994
n03028079__n03028079_118345.jpg,500,374,train,4,4,0.9972
n02102040__n02102040_1096.jpg,500,375,train,1,1,0.9994
n02979186__n02979186_4087.jpg,500,375,train,2,2,1.0
n02102040__n02102040_5308.jpg,333,500,train,1,1,1.0
n01440764__n01440764_9217.jpg,300,225,train,0,0,1.0
n03425413__n03425413_10789.jpg,542,784,train,7,2,0.7282
n03417042__n03417042_15485.jpg,500,375,train,6,6,1.0
n03394916__n03394916_33006.jpg,500,334,train,5,5,1.0
n03425413__n03425413_13257.jpg,375,500,train,7,7,0.9992
n01440764__n01440764_31715.jpg,500,375,train,0,0,1.0
n02102040__n02102040_5028.jpg,500,375,train,1,1,0.9997
n02102040__n02102040_7893.jpg,333,500,train,1,1,1.0
n03888257__n03888257_29923.jpg,500,422,train,9,9,0.9999
n03000684__n03000684_11778.jpg,366,500,train,3,3,0.9969
n03445777__n03445777_819.jpg,380,380,train,8,8,0.9999
n03445777__n03445777_5224.jpg,1290,860,train,8,8,0.9999
n03417042__n03417042_10476.jpg,366,500,train,6,6,1.0
n03394916__n03394916_30069.jpg,375,500,train,5,5,0.9994
n03417042__n03417042_9668.jpg,1280,848,train,6,6,1.0
n03445777__n03445777_6033.jpg,500,332,train,8,8,0.9277
n03417042__n03417042_25033.jpg,600,450,train,6,6,0.9998
n03394916__n03394916_54183.jpg,2676,1941,train,5,5,0.9997
n03028079__n03028079_8515.jpg,333,500,train,4,4,0.9999
n02979186__n02979186_5508.jpg,500,333,train,2,2,0.9982
n03028079__n03028079_31199.jpg,500,375,train,4,4,0.9996
n03425413__n03425413_15203.jpg,375,500,train,7,7,0.9997
n02979186__n02979186_21339.jpg,140,87,train,2,2,0.9942
n03394916__n03394916_27253.jpg,500,375,train,5,5,0.976
n03445777__n03445777_1616.jpg,240,160,train,8,8,0.9999
n03888257__n03888257_9845.jpg,375,500,train,9,9,0.9999
n03000684__n03000684_22434.jpg,500,375,train,3,3,0.9953
n03000684__n03000684_8408.jpg,104,78,train,3,3,1.0
n03028079__n03028079_4364.jpg,500,344,train,4,4,0.9953
n03028079__n03028079_10873.jpg,500,338,train,4,4,0.9995
n03394916__n03394916_38364.jpg,500,363,train,5,5,0.9996
n01440764__n01440764_10048.jpg,400,300,train,0,0,1.0
n03445777__n03445777_13898.jpg,600,485,train,8,8,0.9999
n02102040__n02102040_168.jpg,348,500,train,1,1,0.9999
n03417042__ILSVRC2012_val_00046913.jpg,500,375,train,6,6,0.9999
n02102040__n02102040_1765.jpg,500,452,train,1,1,0.9976
n01440764__n01440764_1559.jpg,600,450,train,0,0,0.9988
n02102040__n02102040_6777.jpg,500,333,train,1,1,1.0
n03888257__n03888257_66916.jpg,500,333,train,9,9,0.9999
n03417042__n03417042_12168.jpg,375,500,train,6,6,0.9989
n03394916__n03394916_38083.jpg,500,335,train,5,5,0.9999
n03000684__n03000684_1404.jpg,500,375,train,3,3,0.9834
n03425413__n03425413_15497.jpg,500,375,train,7,7,0.9998
n03028079__n03028079_116744.jpg,500,375,train,4,4,0.9997
n03445777__n03445777_7808.jpg,500,375,train,8,8,0.9363
n03000684__ILSVRC2012_val_00005506.jpg,613,312,train,3,3,0.9999
n03445777__n03445777_1717.jpg,500,302,train,8,8,1.0
n03425413__n03425413_14946.jpg,500,375,train,7,7,0.9999
n03394916__n03394916_14349.jpg,578,400,train,5,5,1.0
n02979186__n02979186_10263.jpg,350,224,train,2,2,0.9988
n03445777__n03445777_9216.jpg,332,500,train,8,8,0.9999
n03028079__n03028079_1205.jpg,500,414,train,4,4,0.9968
n03445777__n03445777_9017.jpg,500,375,train,8,8,1.0
n03425413__n03425413_15525.jpg,500,375,train,7,7,0.9997
n02102040__n02102040_6539.jpg,390,500,train,1,1,1.0
n01440764__n01440764_8948.jpg,500,375,train,0,0,0.9996
n02979186__n02979186_3994.jpg,400,300,train,2,2,0.9997
n03425413__n03425413_2588.jpg,300,720,train,7,7,0.9654
n03445777__n03445777_1275.jpg,284,423,train,8,8,0.9998
n03000684__n03000684_15329.jpg,333,500,train,3,3,0.9371
n03028079__n03028079_9227.jpg,318,500,train,4,4,0.9964
n03425413__n03425413_14376.jpg,500,375,train,7,7,0.9988
n03425413__n03425413_13708.jpg,375,500,train,7,7,0.998
n03000684__n03000684_34235.jpg,116,87,train,3,3,0.9985
n01440764__n01440764_6249.jpg,500,375,train,0,0,0.9998
n02102040__n02102040_5207.jpg,500,402,train,1,1,1.0
n03445777__n03445777_1689.jpg,473,500,train,8,8,0.9997
n03028079__n03028079_9637.jpg,1600,1200,train,4,4,0.9997
n03394916__n03394916_43406.jpg,375,500,train,5,5,0.9995
n03028079__n03028079_364.jpg,357,500,train,4,4,0.9999
n03425413__n03425413_14147.jpg,500,375,train,7,7,0.9992
n03445777__n03445777_3254.jpg,500,375,train,8,8,0.9995
n03000684__n03000684_13845.jpg,334,500,train,3,3,0.9864
n03445777__n03445777_6925.jpg,500,333,train,8,8,0.9999
n03417042__n03417042_12267.jpg,500,375,train,6,6,1.0
n03417042__n03417042_3913.jpg,500,375,train,6,6,0.9999
n03425413__n03425413_1055.jpg,375,500,train,7,7,0.9999
n01440764__n01440764_9567.jpg,800,600,train,0,0,1.0
n02979186__n02979186_17453.jpg,574,431,train,2,2,1.0
n03445777__n03445777_5333.jpg,500,331,train,8,8,1.0
n02102040__n02102040_2344.jpg,500,375,train,1,1,0.9997
n03417042__n03417042_3979.jpg,500,375,train,6,6,0.9995
n03417042__n03417042_20826.jpg,500,375,train,6,6,0.9987
n02102040__n02102040_7517.jpg,500,471,train,1,1,1.0
n02979186__n02979186_13613.jpg,500,375,train,2,2,1.0
n03445777__n03445777_3608.jpg,250,300,train,8,8,0.9999
n02102040__n02102040_3699.jpg,500,375,train,1,1,0.998
n01440764__n01440764_9627.jpg,630,693,train,0,0,0.9981
n03445777__n03445777_4158.jpg,275,380,train,8,8,0.9997
n02102040__n02102040_5128.jpg,335,500,train,1,1,1.0
n03394916__n03394916_35469.jpg,333,500,train,5,5,0.9997
n03425413__n03425413_9208.jpg,389,500,train,7,7,0.9997
n03000684__n03000684_11067.jpg,500,375,train,3,3,0.9991
n03888257__n03888257_15914.jpg,500,332,train,9,9,0.9996
n03394916__ILSVRC2012_val_00009037.jpg,500,375,train,5,5,0.9849
n02979186__ILSVRC2012_val_00046953.jpg,1442,828,train,2,2,0.959
n03394916__n03394916_60997.jpg,1322,922,train,5,5,1.0
n03000684__n03000684_9764.jpg,500,283,train,3,3,0.9997
n02102040__n02102040_5214.jpg,333,500,train,1,1,0.9986
n03445777__n03445777_3934.jpg,417,500,train,8,8,0.9697
n03445777__n03445777_18804.jpg,500,375,train,8,8,1.0
n03028079__n03028079_16203.jpg,375,500,train,4,4,0.9992
n01440764__n01440764_14907.jpg,500,333,train,0,0,1.0
n03888257__n03888257_18716.jpg,533,800,train,9,9,0.9999
n03425413__n03425413_21584.jpg,375,500,train,7,7,0.9995
n03888257__n03888257_59415.jpg,336,500,train,9,9,0.9999
n03888257__n03888257_3839.jpg,333,500,train,9,9,0.999
n03394916__n03394916_33283.jpg,500,331,train,5,5,1.0
n02102040__n02102040_3153.jpg,500,375,train,1,1,1.0
n03417042__n03417042_19838.jpg,500,375,train,6,6,1.0
n02102040__n02102040_1005.jpg,375,500,train,1,1,0.9513
n03028079__n03028079_13439.jpg,375,500,train,4,4,1.0
n01440764__n01440764_12586.jpg,375,500,train,0,0,1.0
n02979186__n02979186_294.jpg,125,125,train,2,2,0.9967
n03445777__n03445777_5457.jpg,300,300,train,8,8,0.9993
n03417042__n03417042_21004.jpg,500,375,train,6,6,0.9994
n03028079__n03028079_27408.jpg,339,500,train,4,4,0.9994
n02102040__n02102040_2225.jpg,500,375,train,1,1,0.9532
n03425413__n03425413_9855.jpg,375,500,train,7,7,1.0
n03000684__ILSVRC2012_val_00023477.jpg,500,259,train,3,3,0.9992
n03417042__n03417042_5458.jpg,610,437,train,6,6,0.9979
n02102040__n02102040_857.jpg,500,333,train,1,1,0.9996
n03417042__n03417042_10744.jpg,640,480,train,6,6,0.9997
n01440764__n01440764_19035.jpg,500,375,train,0,0,1.0
n03394916__n03394916_30968.jpg,500,351,train,5,5,0.9983
n02979186__n02979186_22076.jpg,100,100,train,2,2,0.8884
n02979186__n02979186_15319.jpg,500,333,train,2,2,0.999
n03417042__n03417042_16514.jpg,590,361,train,6,6,0.9999
n01440764__n01440764_10293.jpg,500,375,train,0,0,1.0
n03394916__n03394916_7616.jpg,332,220,train,5,5,0.9997
n03888257__n03888257_20989.jpg,470,352,train,9,9,0.9965
n03394916__n03394916_37694.jpg,500,375,train,5,5,0.9674
n03417042__n03417042_5779.jpg,500,330,train,6,6,0.9391
n02102040__n02102040_7693.jpg,333,500,train,1,1,1.0
n03000684__n03000684_1013.jpg,375,500,train,3,3,0.9893
n03425413__n03425413_465.jpg,400,533,train,7,7,0.9967
n03000684__n03000684_176.jpg,500,333,train,3,3,0.9679
n01440764__n01440764_7985.jpg,250,226,train,0,0,1.0
n03425413__n03425413_14388.jpg,500,375,train,7,7,0.9934
n02102040__n02102040_1695.jpg,500,367,train,1,1,1.0
n02979186__n02979186_2718.jpg,111,111,train,2,2,0.9998
n02979186__n02979186_4526.jpg,275,81,train,2,2,0.9982
n03425413__n03425413_13619.jpg,500,375,train,7,7,0.9962
n03417042__n03417042_23566.jpg,500,375,train,6,6,1.0
n03888257__n03888257_19163.jpg,333,500,train,9,9,1.0
n03445777__n03445777_12197.jpg,333,500,train,8,8,0.9989
n02979186__n02979186_2889.jpg,120,120,train,2,2,0.9998
n03394916__n03394916_29475.jpg,375,500,train,5,5,0.9989
n02979186__n02979186_293.jpg,220,215,train,2,2,0.9999
n03425413__n03425413_18916.jpg,350,467,train,7,7,0.9621
n03445777__n03445777_7919.jpg,500,375,train,8,8,1.0
n03394916__n03394916_20326.jpg,350,256,train,5,5,1.0
n01440764__n01440764_21809.jpg,500,334,train,0,0,1.0
n02102040__n02102040_295.jpg,500,333,train,1,1,1.0
n03417042__n03417042_8634.jpg,500,340,train,6,6,1.0
n03888257__n03888257_29005.jpg,595,478,train,9,9,0.9222
n01440764__n01440764_10159.jpg,275,287,train,0,0,1.0
n03888257__n03888257_25706.jpg,500,333,train,9,9,0.9998
n03888257__n03888257_50106.jpg,500,334,train,9,9,0.9996
n03888257__n03888257_7134.jpg,333,500,train,9,9,0.9995
n03425413__n03425413_3629.jpg,175,500,train,7,3,0.4551
n03888257__n03888257_44925.jpg,500,333,train,9,9,0.9984
n03000684__ILSVRC2012_val_00020674.jpg,388,252,train,3,3,0.9999
n01440764__n01440764_9966.jpg,500,377,train,0,0,0.9916
n03445777__n03445777_2335.jpg,500,375,train,8,8,0.9998
n03028079__n03028079_11119.jpg,375,500,train,4,4,0.9983
n03000684__n03000684_27203.jpg,500,366,train,3,3,0.9891
n03000684__n03000684_13719.jpg,380,342,train,3,3,0.9981
n02102040__n02102040_646.jpg,500,568,train,1,1,0.9972
n03000684__n03000684_12205.jpg,500,400,train,3,3,0.9889
n03888257__n03888257_29459.jpg,333,500,train,9,9,0.9991
n03000684__n03000684_25409.jpg,335,500,train,3,3,0.9986
n03000684__n03000684_16983.jpg,333,500,train,3,3,1.0
n03417042__n03417042_21379.jpg,500,375,train,6,6,0.9996
n03425413__n03425413_11177.jpg,480,640,train,7,7,0.9998
n02102040__n02102040_5568.jpg,500,375,train,1,1,0.9942
n01440764__n01440764_10555.jpg,210,314,train,0,0,1.0
n03888257__n03888257_18.jpg,540,398,train,9,9,0.9999
n03394916__n03394916_40563.jpg,364,500,train,5,5,1.0
n02979186__n02979186_9863.jpg,400,300,train,2,2,1.0
n02979186__n02979186_1687.jpg,500,333,train,2,2,0.9927
n03028079__n03028079_62187.jpg,500,375,train,4,4,0.9998
n01440764__n01440764_3937.jpg,438,640,train,0,0,0.999
n01440764__n01440764_14274.jpg,500,375,train,0,0,0.9998
n03445777__n03445777_6809.jpg,165,250,train,8,8,0.9613
n03425413__n03425413_444.jpg,500,375,train,7,7,0.9999
n01440764__n01440764_5966.jpg,787,551,train,0,0,0.8458
n03417042__n03417042_10259.jpg,375,500,train,6,6,0.9825
n03425413__n03425413_21659.jpg,332,500,train,7,7,0.5433
n02102040__n02102040_5604.jpg,500,375,train,1,1,0.9993
n03425413__n03425413_3408.jpg,375,500,train,7,7,0.9999
n03417042__n03417042_634.jpg,577,360,train,6,6,0.9999
n03028079__n03028079_12054.jpg,500,375,train,4,4,0.9997
n03417042__n03417042_14777.jpg,500,375,train,6,6,0.9999
n02979186__n02979186_23739.jpg,250,250,train,2,2,0.9902
n02102040__ILSVRC2012_val_00048914.jpg,375,500,train,1,1,1.0
n02979186__n02979186_1408.jpg,300,270,train,2,2,0.9999
n03445777__n03445777_15787.jpg,824,734,train,8,8,0.9889
n03888257__n03888257_2747.jpg,830,530,train,9,9,0.9989
n03425413__n03425413_4885.jpg,500,500,train,7,7,0.9993
n03888257__n03888257_17387.jpg,500,333,train,9,9,0.9998
n02979186__n02979186_6335.jpg,399,302,train,2,2,1.0
n03394916__n03394916_54679.jpg,408,480,train,5,5,1.0
n03425413__n03425413_13746.jpg,500,335,train,7,7,0.9865
n03394916__n03394916_56118.jpg,640,404,train,5,5,1.0
n03394916__n03394916_46225.jpg,500,375,train,5,5,0.9981
n02979186__n02979186_1816.jpg,130,104,train,2,2,0.9889
n02979186__n02979186_23274.jpg,180,133,train,2,2,0.9961
n03000684__n03000684_16816.jpg,94,125,train,3,3,0.9994
n03888257__n03888257_9997.jpg,500,375,train,9,9,0.9988
n03417042__n03417042_2056.jpg,408,500,train,6,6,0.9999
n03394916__n03394916_57515.jpg,600,440,train,5,5,1.0
n03394916__n03394916_15038.jpg,790,546,train,5,5,0.9998
n03394916__n03394916_3969.jpg,500,370,train,5,5,0.9999
n03000684__n03000684_11584.jpg,120,120,train,3,3,0.975
n03394916__n03394916_58564.jpg,743,1137,train,5,5,0.9799
n03028079__n03028079_30575.jpg,591,351,train,4,4,0.9999
n03888257__n03888257_13074.jpg,250,381,train,9,9,1.0
n03425413__n03425413_19733.jpg,500,375,train,7,7,0.9998
n02102040__n02102040_7124.jpg,500,375,train,1,1,0.9999
n03394916__n03394916_42795.jpg,333,500,train,5,5,1.0
n01440764__n01440764_21095.jpg,500,336,train,0,0,1.0
n03417042__n03417042_7376.jpg,500,375,train,6,6,0.997
n01440764__n01440764_10548.jpg,500,375,train,0,0,1.0
n03425413__n03425413_20166.jpg,375,500,train,7,7,0.9999
n03425413__n03425413_13576.jpg,375,500,train,7,7,0.9756
n01440764__n01440764_10398.jpg,798,316,train,0,0,1.0
n02102040__n02102040_8126.jpg,500,377,train,1,1,1.0
n03000684__n03000684_17158.jpg,500,375,train,3,3,0.9769
n03000684__n03000684_5374.jpg,90,138,train,3,3,0.9909
n03445777__n03445777_5213.jpg,210,280,train,8,8,1.0
n03394916__n03394916_40087.jpg,500,500,train,5,5,0.9978
n01440764__n01440764_14294.jpg,343,480,train,0,0,1.0
n03445777__n03445777_8016.jpg,320,320,train,8,8,0.9999
n02979186__n02979186_21318.jpg,500,375,train,2,2,0.9983
n03394916__n03394916_8736.jpg,600,362,train,5,5,1.0
n03028079__n03028079_53568.jpg,375,500,train,4,4,0.9998
n03028079__n03028079_10598.jpg,500,375,train,4,4,0.993
n03417042__n03417042_17645.jpg,500,375,train,6,6,1.0
n01440764__n01440764_575.jpg,500,375,train,0,0,1.0
n03888257__n03888257_15299.jpg,348,500,train,9,9,0.9992
n03425413__n03425413_15466.jpg,375,500,train,7,7,0.9983
n02979186__n02979186_22037.jpg,114,114,train,2,2,0.9978
n03000684__n03000684_16639.jpg,137,103,train,3,3,0.9982
n03028079__n03028079_9877.jpg,545,312,train,4,4,0.9999
n03445777__ILSVRC2012_val_00035519.jpg,500,408,train,8,8,0.9999
n03000684__ILSVRC2012_val_00031413.jpg,432,255,train,3,3,0.9836
n02979186__n02979186_21714.jpg,375,300,train,2,2,0.9996
n03028079__n03028079_14063.jpg,500,378,train,4,4,0.9982
n03888257__n03888257_11056.jpg,600,403,train,9,9,0.7288
n03417042__n03417042_17545.jpg,500,375,train,6,6,1.0
n03888257__n03888257_43813.jpg,500,334,train,9,9,0.9997
n03394916__n03394916_35676.jpg,375,500,train,5,5,0.9999
n02102040__ILSVRC2012_val_00017664.jpg,500,375,train,1,1,0.9999
n03000684__n03000684_9753.jpg,193,240,train,3,3,0.9946
n02979186__n02979186_24524.jpg,600,532,train,2,2,0.9967
n03000684__n03000684_1108.jpg,160,120,train,3,3,1.0
n03028079__n03028079_9099.jpg,500,365,train,4,4,0.9826
n02102040__n02102040_4414.jpg,500,375,train,1,1,1.0
n02102040__n02102040_3207.jpg,500,375,train,1,1,0.9998
n03445777__n03445777_8474.jpg,360,200,train,8,8,0.9997
n03028079__n03028079_37708.jpg,500,375,train,4,4,0.9999
n01440764__n01440764_9885.jpg,400,300,train,0,0,1.0
n02102040__n02102040_3358.jpg,500,375,train,1,1,0.8241
n02102040__n02102040_5883.jpg,500,333,train,1,1,0.9993
n02979186__n02979186_3857.jpg,90,90,train,2,2,0.9944
n02979186__n02979186_3397.jpg,375,500,train,2,2,0.9996
n03445777__n03445777_3283.jpg,185,360,train,8,8,0.9997
n03445777__n03445777_7196.jpg,300,270,train,8,8,0.9985
n03417042__n03417042_6734.jpg,500,357,train,6,6,1.0
n03000684__n03000684_14916.jpg,333,500,train,3,3,0.9959
n03417042__n03417042_7615.jpg,500,375,train,6,6,0.8079
n03425413__n03425413_14325.jpg,375,500,train,7,7,0.9997
n02979186__n02979186_11265.jpg,90,90,train,2,2,0.9934
n02979186__n02979186_15694.jpg,240,180,train,2,2,0.9999
n02979186__n02979186_3176.jpg,323,500,train,2,2,0.9998
n03425413__n03425413_26097.jpg,500,500,train,7,7,0.9998
n03417042__n03417042_1148.jpg,489,500,train,6,6,0.9999
n02102040__n02102040_5503.jpg,333,500,train,1,1,1.0
n03445777__n03445777_17477.jpg,472,474,train,8,8,1.0
n03888257__n03888257_47418.jpg,500,333,train,9,9,1.0
n03445777__n03445777_6265.jpg,350,400,train,8,8,0.9979
n02979186__n02979186_9449.jpg,363,400,train,2,2,0.9994
n01440764__n01440764_6395.jpg,500,281,train,0,0,1.0
n03425413__n03425413_21283.jpg,500,375,train,7,7,0.9994
n01440764__n01440764_1108.jpg,500,375,train,0,0,1.0
n03425413__n03425413_13345.jpg,375,500,train,7,7,0.9941
n01440764__n01440764_26775.jpg,500,333,train,0,0,1.0
n03028079__n03028079_22686.jpg,430,330,train,4,4,0.9999
n03000684__ILSVRC2012_val_00043196.jpg,480,360,train,3,3,0.9998
n02979186__n02979186_2516.jpg,136,102,train,2,2,0.9999
n03000684__n03000684_2813.jpg,112,113,train,3,3,1.0
n02102040__n02102040_5388.jpg,500,333,train,1,1,0.9999
n03000684__n03000684_7179.jpg,140,105,train,3,3,0.9999
n03445777__n03445777_8679.jpg,333,500,train,8,8,0.9999
n03394916__n03394916_36855.jpg,500,333,train,5,5,0.9999
n03000684__n03000684_23445.jpg,333,500,train,3,3,0.9996
n03394916__n03394916_29316.jpg,373,500,train,5,5,1.0
n03417042__n03417042_7548.jpg,500,375,train,6,6,0.9791
n03000684__n03000684_4694.jpg,500,333,train,3,3,0.998
n02979186__n02979186_15777.jpg,500,375,train,2,2,1.0
n03888257__n03888257_20148.jpg,500,343,train,9,9,0.9974
n03028079__n03028079_1309.jpg,375,500,train,4,4,0.9999
n03417042__n03417042_4613.jpg,1600,1200,train,6,6,0.9998
n03445777__n03445777_11236.jpg,266,400,train,8,8,0.9998
n02979186__n02979186_14496.jpg,500,333,train,2,2,0.9999
n03028079__n03028079_606.jpg,378,500,train,4,4,0.9989
n02979186__n02979186_7176.jpg,130,104,train,2,2,0.9988
n03417042__n03417042_18099.jpg,500,375,train,6,6,0.9999
n02979186__n02979186_4938.jpg,250,250,train,2,2,0.8964
n03417042__n03417042_15179.jpg,500,319,train,6,6,0.9987
n03028079__n03028079_25995.jpg,500,375,train,4,4,0.9996
n03445777__n03445777_6465.jpg,500,333,train,8,8,1.0
n03394916__n03394916_24204.jpg,333,500,train,5,5,0.9999
n03417042__n03417042_18374.jpg,500,375,train,6,6,1.0
n03394916__n03394916_29427.jpg,500,375,train,5,5,0.9319
n01440764__n01440764_5108.jpg,425,219,train,0,0,1.0
n03417042__n03417042_19476.jpg,500,375,train,6,6,1.0
n01440764__n01440764_5345.jpg,500,375,train,0,0,1.0
n03888257__n03888257_10946.jpg,500,333,train,9,9,0.9958
n02979186__n02979186_3009.jpg,500,333,train,2,2,0.9584
n03394916__n03394916_26908.jpg,500,410,train,5,5,1.0
n01440764__n01440764_14893.jpg,775,581,train,0,0,1.0
n03000684__n03000684_26458.jpg,447,500,train,3,3,0.9999
n03425413__ILSVRC2012_val_00017466.jpg,341,500,train,7,7,0.9526
n03394916__n03394916_27164.jpg,356,500,train,5,5,0.9969
n02102040__n02102040_7626.jpg,480,628,train,1,1,1.0
n03445777__n03445777_6276.jpg,442,500,train,8,8,1.0
n03425413__n03425413_13148.jpg,465,432,train,7,7,0.9972
n02979186__n02979186_4404.jpg,280,280,train,2,2,0.9995
n03425413__n03425413_1577.jpg,750,500,train,7,7,0.9998
n02102040__n02102040_3048.jpg,500,333,train,1,1,0.993
n03425413__n03425413_287.jpg,123,299,train,7,7,0.5262
n03394916__n03394916_20609.jpg,120,180,train,5,5,0.9997
n01440764__n01440764_334.jpg,800,600,train,0,0,1.0
n03000684__n03000684_16088.jpg,500,375,train,3,3,0.924
n03000684__n03000684_28418.jpg,333,500,train,3,3,0.9991
n02102040__n02102040_5145.jpg,500,333,train,1,1,1.0
n01440764__n01440764_9939.jpg,369,276,train,0,0,1.0
n03445777__n03445777_10788.jpg,375,500,train,8,8,0.9977
n01440764__n01440764_14405.jpg,500,375,train,0,0,1.0
n02979186__n02979186_254.jpg,500,375,train,2,2,0.9996
n03445777__n03445777_4348.jpg,450,400,train,8,8,0.9999
n02979186__n02979186_3333.jpg,660,591,train,2,2,0.8879
n02102040__n02102040_4116.jpg,2272,1704,train,1,1,1.0
n01440764__ILSVRC2012_val_00031333.jpg,500,375,train,0,0,1.0
n03028079__n03028079_8397.jpg,500,345,train,4,4,0.9967
n03888257__n03888257_4444.jpg,2048,1536,train,9,9,0.9998
n03425413__n03425413_18634.jpg,375,500,train,7,7,0.9999
n02102040__n02102040_1217.jpg,500,333,train,1,1,0.9989
n02979186__n02979186_25977.jpg,500,375,train,2,2,0.9999
n01440764__n01440764_7379.jpg,425,336,train,0,0,0.9984
n03028079__n03028079_27613.jpg,375,500,train,4,4,0.9991
n03888257__ILSVRC2012_val_00047147.jpg,500,500,train,9,9,0.9999
n03425413__n03425413_15569.jpg,500,400,train,7,7,0.9997
n03028079__n03028079_15726.jpg,500,421,train,4,4,0.9998
n03000684__n03000684_2494.jpg,292,206,train,3,3,0.9999
n03417042__n03417042_7544.jpg,500,375,train,6,6,0.9985
n03417042__n03417042_10283.jpg,500,348,train,6,6,1.0
n02102040__n02102040_2495.jpg,500,357,train,1,1,0.9999
n01440764__n01440764_23447.jpg,500,333,train,0,0,0.9999
n03394916__n03394916_37608.jpg,500,500,train,5,5,0.9984
n03394916__n03394916_44936.jpg,500,333,train,5,5,0.9999
n01440764__n01440764_13905.jpg,194,200,train,0,0,1.0
n03445777__n03445777_4667.jpg,500,333,train,8,8,0.9994
n03000684__n03000684_1559.jpg,528,246,train,3,3,0.9999
n01440764__ILSVRC2012_val_00002138.jpg,500,375,train,0,0,1.0
n03425413__n03425413_11464.jpg,375,500,train,7,7,0.9998
n02979186__n02979186_1078.jpg,640,480,train,2,2,0.9999
n03888257__n03888257_3797.jpg,398,599,train,9,9,0.9992
n03888257__n03888257_68618.jpg,500,359,train,9,9,0.9996
n03888257__n03888257_71256.jpg,333,500,train,9,9,0.9994
n02979186__n02979186_3119.jpg,500,375,train,2,2,0.9999
n03417042__n03417042_21277.jpg,500,333,train,6,6,1.0
n03417042__n03417042_25493.jpg,500,428,train,6,6,0.9983
n03417042__n03417042_7313.jpg,406,500,train,6,6,0.9999
n02102040__n02102040_8247.jpg,375,500,train,1,1,0.9996
n03394916__n03394916_40564.jpg,500,253,train,5,5,0.9999
n01440764__n01440764_866.jpg,500,375,train,0,0,1.0
n03417042__n03417042_3479.jpg,500,333,train,6,6,1.0
n01440764__n01440764_22873.jpg,319,480,train,0,0,1.0
n03394916__n03394916_23434.jpg,333,500,train,5,5,0.9999
n03417042__ILSVRC2012_val_00002434.jpg,500,375,train,6,6,0.9999
n03000684__n03000684_7938.jpg,230,172,train,3,3,1.0
n03417042__n03417042_4489.jpg,500,375,train,6,6,0.9795
n03445777__n03445777_5266.jpg,148,230,train,8,8,0.9994
n03425413__n03425413_15398.jpg,433,500,train,7,7,0.9974
n03000684__n03000684_21853.jpg,350,207,train,3,3,1.0
n03000684__n03000684_14583.jpg,500,375,train,3,3,0.9987
n03425413__n03425413_16419.jpg,375,500,train,7,7,1.0
n03888257__n03888257_38685.jpg,500,333,train,9,9,0.9995
n03394916__n03394916_19217.jpg,375,500,train,5,5,1.0
n03425413__n03425413_13449.jpg,375,500,train,7,7,0.9994
n01440764__n01440764_2816.jpg,800,652,train,0,0,1.0
n03394916__n03394916_27087.jpg,400,500,train,5,5,0.9997
n03394916__n03394916_7547.jpg,300,212,train,5,5,0.9963
n01440764__n01440764_2544.jpg,530,325,train,0,0,1.0
n03028079__n03028079_6947.jpg,400,600,train,4,4,0.9999
n02979186__n02979186_11884.jpg,800,501,train,2,2,0.9988
n03888257__n03888257_6753.jpg,500,333,train,9,9,0.9995
n03425413__n03425413_14778.jpg,500,493,train,7,7,0.998
n03394916__n03394916_29983.jpg,500,335,train,5,5,0.9759
n02979186__n02979186_3725.jpg,500,395,train,2,2,0.9995
n03888257__n03888257_16446.jpg,500,333,train,9,9,0.9981
n03028079__n03028079_3127.jpg,500,375,train,4,4,0.9952
n02979186__n02979186_23219.jpg,500,323,train,2,2,0.9999
n02102040__n02102040_5684.jpg,375,500,train,1,1,0.9972
n03000684__n03000684_26544.jpg,480,360,train,3,3,0.9999
n02102040__n02102040_6437.jpg,500,333,train,1,1,1.0
n02102040__n02102040_3149.jpg,500,333,train,1,1,1.0
n03425413__n03425413_8504.jpg,375,500,train,7,7,0.9998
n02102040__n02102040_1564.jpg,500,333,train,1,1,1.0
n03425413__n03425413_4957.jpg,300,732,train,7,7,0.9956
n02979186__n02979186_3646.jpg,105,106,train,2,2,0.973
n03445777__ILSVRC2012_val_00031486.jpg,333,500,train,8,8,0.9995
n03000684__n03000684_10649.jpg,283,378,train,3,3,0.9918
n02102040__n02102040_2596.jpg,500,375,train,1,1,1.0
n03417042__n03417042_23445.jpg,500,374,train,6,6,0.9996
n01440764__n01440764_8084.jpg,150,200,train,0,0,1.0
n03028079__n03028079_35048.jpg,369,500,train,4,4,0.9959
n03394916__n03394916_47417.jpg,500,342,train,5,5,1.0
n03028079__n03028079_28806.jpg,500,334,train,4,4,0.9994
n03028079__n03028079_58949.jpg,500,361,train,4,4,0.9998
n02102040__ILSVRC2012_val_00044718.jpg,500,375,train,1,1,1.0
n01440764__n01440764_5068.jpg,250,188,train,0,0,1.0
n02979186__n02979186_3238.jpg,123,135,train,2,2,0.9904
n03394916__n03394916_50609.jpg,583,480,train,5,5,1.0
n03888257__n03888257_36265.jpg,550,413,train,9,9,1.0
n03417042__n03417042_7485.jpg,500,375,train,6,6,1.0
n03417042__n03417042_20736.jpg,500,375,train,6,6,0.9972
n02979186__n02979186_3279.jpg,560,420,train,2,2,0.9976
n01440764__n01440764_11314.jpg,500,398,train,0,0,1.0
n02102040__n02102040_7895.jpg,500,375,train,1,1,1.0
n02102040__n02102040_2887.jpg,500,333,train,1,1,0.999
n02102040__n02102040_2257.jpg,500,333,train,1,1,0.9875
n03000684__n03000684_2988.jpg,1280,960,train,3,3,1.0
n03425413__n03425413_19078.jpg,375,500,train,7,7,0.9984
n02102040__n02102040_7037.jpg,500,333,train,1,1,0.998
n03028079__n03028079_27604.jpg,500,396,train,4,4,0.9993
n02102040__n02102040_2048.jpg,500,375,train,1,1,1.0
n03000684__n03000684_10545.jpg,500,333,train,3,3,1.0
n02979186__n02979186_5353.jpg,300,400,train,2,2,0.9998
n03417042__n03417042_5229.jpg,1024,768,train,6,6,1.0
n03425413__n03425413_13158.jpg,500,421,train,7,7,0.9957
n01440764__n01440764_14559.jpg,499,333,train,0,0,1.0
n03888257__n03888257_11255.jpg,500,332,train,9,9,0.9994
n03888257__n03888257_6453.jpg,414,423,train,9,9,0.9997
n03425413__n03425413_21425.jpg,500,375,train,7,7,0.9594
n03445777__n03445777_9179.jpg,400,500,train,8,8,0.9997
n03445777__n03445777_13144.jpg,299,450,train,8,8,0.9999
n03888257__n03888257_9524.jpg,500,330,train,9,9,0.9999
n03028079__n03028079_9423.jpg,500,375,train,4,4,1.0
n03028079__n03028079_11099.jpg,335,500,train,4,4,0.9997
n02979186__n02979186_10593.jpg,600,832,train,2,2,1.0
n03028079__n03028079_7644.jpg,400,500,train,4,4,0.9994
n03028079__n03028079_13573.jpg,1280,960,train,4,4,0.9995
n03425413__n03425413_28779.jpg,640,447,train,7,7,0.9889
n03425413__n03425413_14266.jpg,396,500,train,7,7,0.9999
n03000684__n03000684_16228.jpg,500,375,train,3,3,0.9983
n02979186__n02979186_35.jpg,200,122,train,2,2,1.0
n03888257__n03888257_28923.jpg,500,375,train,9,9,0.9999
n03445777__ILSVRC2012_val_00023845.jpg,500,331,train,8,8,0.9984
n03028079__n03028079_34799.jpg,500,334,train,4,4,0.9999
n03394916__n03394916_20896.jpg,500,500,train,5,5,0.9994
n02102040__n02102040_858.jpg,300,200,train,1,1,1.0
n03888257__ILSVRC2012_val_00004745.jpg,375,500,train,9,9,0.9992
n02102040__n02102040_1115.jpg,500,375,train,1,1,1.0
n03425413__n03425413_9693.jpg,500,400,train,7,7,0.9971
n03425413__n03425413_19127.jpg,500,500,train,7,7,1.0
n02102040__n02102040_895.jpg,500,333,train,1,1,0.9999
n03445777__n03445777_2417.jpg,500,375,train,8,8,0.9911
n02979186__n02979186_11863.jpg,400,400,train,2,2,0.9998
n03888257__n03888257_8199.jpg,500,333,train,9,9,0.9996
n02102040__n02102040_593.jpg,500,375,train,1,1,1.0
n01440764__n01440764_9135.jpg,500,375,train,0,0,1.0
n03000684__n03000684_515.jpg,500,375,train,3,3,0.9963
n03394916__n03394916_46227.jpg,375,500,train,5,5,0.999
n03028079__n03028079_1686.jpg,500,407,train,4,4,0.9998
n01440764__n01440764_8246.jpg,480,360,train,0,0,1.0
n03888257__n03888257_19484.jpg,500,375,train,9,9,0.9984
n01440764__n01440764_11736.jpg,200,150,train,0,0,1.0
n02102040__n02102040_3593.jpg,500,333,train,1,1,1.0
n02979186__n02979186_9798.jpg,150,150,train,2,2,0.9998
n02102040__n02102040_3558.jpg,500,375,train,1,1,0.9999
n03394916__n03394916_20458.jpg,373,287,train,5,5,1.0
n03425413__n03425413_16748.jpg,500,375,train,7,7,0.9997
n03000684__n03000684_1696.jpg,200,200,train,3,3,1.0
n03000684__n03000684_7617.jpg,500,375,train,3,9,0.4849
n01440764__n01440764_6246.jpg,640,480,train,0,0,1.0
n01440764__n01440764_7897.jpg,275,183,train,0,0,1.0
n02102040__n02102040_187.jpg,500,338,train,1,1,1.0
n02979186__n02979186_8409.jpg,461,172,train,2,2,0.9999
n02102040__n02102040_358.jpg,956,1368,train,1,1,1.0
n01440764__n01440764_8063.jpg,250,170,train,0,0,1.0
n03417042__n03417042_2619.jpg,450,338,train,6,6,0.9819
n03425413__n03425413_15276.jpg,375,500,train,7,7,0.7608
n02979186__n02979186_16515.jpg,240,180,train,2,2,0.999
n03445777__n03445777_138.jpg,600,399,train,8,8,0.9994
n03000684__n03000684_31878.jpg,143,107,train,3,3,0.9999
n02979186__n02979186_23434.jpg,200,150,train,2,2,0.9999
n03445777__n03445777_4176.jpg,500,375,train,8,8,0.9985
n03425413__ILSVRC2012_val_00018006.jpg,500,375,train,7,3,0.8861
n03425413__n03425413_15976.jpg,338,500,train,7,7,0.9997
n01440764__n01440764_2699.jpg,500,375,train,0,0,1.0
n02102040__n02102040_163.jpg,500,375,train,1,1,0.9991
n03445777__n03445777_743.jpg,500,271,train,8,8,0.9998
n03028079__n03028079_8584.jpg,375,500,train,4,4,1.0
n02102040__n02102040_7328.jpg,500,375,train,1,1,0.9995
n02979186__n02979186_11128.jpg,400,400,train,2,2,0.9724
n03888257__n03888257_50367.jpg,500,357,train,9,9,0.9999
n03000684__n03000684_12053.jpg,500,365,train,3,3,0.9999
n03888257__ILSVRC2012_val_00009873.jpg,492,500,train,9,9,1.0
n03000684__n03000684_36109.jpg,400,320,train,3,3,0.998
n03888257__n03888257_9618.jpg,500,334,train,9,9,1.0
n02979186__ILSVRC2012_val_00048478.jpg,305,154,train,2,2,1.0
n02102040__n02102040_4955.jpg,375,500,train,1,1,1.0
n03394916__n03394916_896.jpg,640,480,train,5,5,1.0
n03000684__n03000684_16839.jpg,500,333,train,3,3,0.9997
n03028079__n03028079_26177.jpg,500,334,train,4,4,0.9998
n03888257__n03888257_1135.jpg,550,394,train,9,9,0.9988
n02102040__n02102040_1124.jpg,375,500,train,1,1,0.9975
n03028079__n03028079_24647.jpg,377,500,train,4,4,0.9995
n03028079__n03028079_31516.jpg,500,375,train,4,4,0.9978
n01440764__n01440764_31535.jpg,500,334,train,0,0,1.0
n02102040__n02102040_1859.jpg,493,500,train,1,1,1.0
n03417042__n03417042_29855.jpg,500,396,train,6,6,0.9985
n03445777__n03445777_16258.jpg,625,375,train,8,8,0.9992
n03000684__n03000684_6439.jpg,500,375,train,3,3,1.0
n02979186__n02979186_26456.jpg,160,160,train,2,2,0.9991
n02102040__n02102040_2565.jpg,500,334,train,1,1,1.0
n03445777__n03445777_4147.jpg,250,379,train,8,8,0.9998
n02979186__n02979186_15467.jpg,406,406,train,2,2,0.9996
n03417042__n03417042_6838.jpg,500,375,train,6,6,0.9899
n03425413__n03425413_4679.jpg,487,500,train,7,7,0.9999
n01440764__n01440764_11547.jpg,800,566,train,0,0,0.9829
n02979186__n02979186_19609.jpg,111,111,train,2,2,0.8501
n03425413__n03425413_14366.jpg,330,500,train,7,7,0.9999
n03394916__n03394916_57777.jpg,1280,960,train,5,5,0.9999
n02979186__n02979186_13265.jpg,500,332,train,2,2,0.4931
n03417042__n03417042_5707.jpg,500,334,train,6,6,1.0
n03417042__n03417042_8919.jpg,500,375,train,6,6,0.9999
n02979186__n02979186_11954.jpg,396,118,train,2,2,0.9999
n02979186__n02979186_3175.jpg,250,213,train,2,2,0.9339
n03000684__n03000684_17587.jpg,200,132,train,3,3,0.9998
n03445777__ILSVRC2012_val_00036187.jpg,500,375,train,8,8,0.9999
n03000684__n03000684_13945.jpg,375,500,train,3,3,0.9846
n03445777__n03445777_13748.jpg,500,333,train,8,8,1.0
n03417042__n03417042_1635.jpg,400,271,train,6,6,0.9999
n03417042__n03417042_21663.jpg,500,396,train,6,6,1.0
n03888257__n03888257_11477.jpg,500,292,train,9,9,0.9994
n03425413__n03425413_12249.jpg,500,375,train,7,7,0.9999
n03425413__n03425413_21245.jpg,375,500,train,7,7,0.9992
n03417042__n03417042_12128.jpg,500,375,train,6,6,0.9473
n03417042__n03417042_22559.jpg,640,480,train,6,6,1.0
n03888257__n03888257_128.jpg,500,331,train,9,9,0.9999
n01440764__n01440764_11145.jpg,325,321,train,0,0,1.0
n03000684__n03000684_6748.jpg,374,500,train,3,3,0.9683
n03888257__n03888257_63675.jpg,500,334,train,9,9,0.9998
n03417042__n03417042_8518.jpg,1600,1067,train,6,6,0.9997
n03888257__n03888257_10068.jpg,500,374,train,9,9,0.9995
n01440764__n01440764_22948.jpg,500,332,train,0,0,1.0
n03000684__n03000684_6243.jpg,500,375,train,3,3,0.9996
n03028079__n03028079_74844.jpg,500,375,train,4,4,0.9999
n03028079__n03028079_14885.jpg,500,483,train,4,4,0.9998
n03445777__n03445777_14568.jpg,235,165,train,8,8,0.9999
n03394916__n03394916_32397.jpg,500,338,train,5,5,0.9995
n01440764__n01440764_6348.jpg,400,299,train,0,0,1.0
n03000684__n03000684_793.jpg,375,500,train,3,3,0.9989
n01440764__n01440764_6719.jpg,190,190,train,0,0,1.0
n03425413__n03425413_8039.jpg,500,375,train,7,7,0.9998
n03888257__n03888257_51188.jpg,338,500,train,9,9,0.9988
n03000684__n03000684_119.jpg,400,266,train,3,3,0.9999
n03425413__n03425413_14507.jpg,500,375,train,7,7,0.9989
n01440764__n01440764_5089.jpg,500,334,train,0,0,0.9984
n03888257__n03888257_66927.jpg,365,500,train,9,9,1.0
n03000684__n03000684_15034.jpg,375,500,train,3,3,0.9961
n02102040__n02102040_2034.jpg,500,344,train,1,1,1.0
n03394916__n03394916_29633.jpg,500,333,train,5,5,0.9991
n03888257__n03888257_12349.jpg,383,500,train,9,9,1.0
n03417042__n03417042_5449.jpg,500,375,train,6,6,1.0
n03000684__n03000684_25155.jpg,333,500,train,3,3,0.9942
n01440764__n01440764_12996.jpg,480,640,train,0,0,0.9999
n01440764__n01440764_9706.jpg,640,480,train,0,0,1.0
n01440764__n01440764_8467.jpg,500,375,train,0,0,1.0
n02102040__n02102040_7717.jpg,333,500,train,1,1,0.9998
n03425413__n03425413_12839.jpg,500,394,train,7,7,0.9992
n03888257__n03888257_32684.jpg,500,333,train,9,9,0.9999
n03445777__n03445777_13186.jpg,333,500,train,8,8,0.9989
n03888257__n03888257_10744.jpg,375,500,train,9,9,0.9986
n03888257__n03888257_19249.jpg,333,500,train,9,9,0.9992
n01440764__n01440764_3098.jpg,500,333,train,0,0,1.0
n03445777__n03445777_3673.jpg,550,534,train,8,8,0.9998
n03394916__n03394916_38223.jpg,500,343,train,5,5,0.9998
n03425413__n03425413_8863.jpg,500,332,train,7,7,0.9991
n02979186__n02979186_10097.jpg,500,307,train,2,2,1.0
n03417042__n03417042_1698.jpg,700,367,train,6,6,0.9999
n02979186__n02979186_24084.jpg,360,275,train,2,2,0.9999
n03394916__n03394916_4869.jpg,191,177,train,5,5,0.9992
n01440764__n01440764_10027.jpg,200,150,train,0,0,1.0
n03425413__n03425413_13203.jpg,500,375,train,7,7,0.9996
n03394916__n03394916_27187.jpg,500,375,train,5,5,0.975
n03425413__n03425413_20234.jpg,500,375,train,7,7,0.9914
n03028079__n03028079_3014.jpg,500,333,train,4,4,0.9996
n03028079__n03028079_20069.jpg,339,500,train,4,4,0.9985
n02979186__n02979186_14878.jpg,240,180,train,2,2,0.9837
n03417042__n03417042_28419.jpg,500,375,train,6,6,1.0
n01440764__n01440764_12534.jpg,210,250,train,0,0,1.0
n03000684__n03000684_16026.jpg,351,500,train,3,3,0.6194
n03888257__n03888257_13769.jpg,500,400,train,9,9,0.9991
n03445777__n03445777_5265.jpg,500,333,train,8,8,0.9999
n02102040__n02102040_914.jpg,500,385,train,1,1,1.0
n01440764__n01440764_11897.jpg,450,450,train,0,0,1.0
n03425413__n03425413_244.jpg,3504,2336,train,7,7,0.9995
n03417042__n03417042_8367.jpg,500,375,train,6,6,1.0
n03425413__n03425413_21104.jpg,324,500,train,7,7,0.9999
n03425413__n03425413_21059.jpg,375,500,train,7,7,0.9741
n03394916__n03394916_29407.jpg,500,376,train,5,5,1.0
n03028079__n03028079_9677.jpg,375,500,train,4,4,0.9998
n02102040__n02102040_5099.jpg,375,500,train,1,1,1.0
n02979186__n02979186_3556.jpg,500,375,train,2,2,0.999
n03028079__n03028079_23987.jpg,500,355,train,4,4,0.9954
n03394916__n03394916_36164.jpg,375,500,train,5,5,0.9228
n01440764__n01440764_6707.jpg,400,300,train,0,0,1.0
n01440764__n01440764_13989.jpg,500,375,train,0,0,0.9993
n03445777__n03445777_4087.jpg,500,392,train,8,8,0.9998
n03888257__n03888257_10166.jpg,353,500,train,9,9,0.9312
n03425413__n03425413_1543.jpg,500,375,train,7,7,0.9998
n02102040__n02102040_2256.jpg,500,375,train,1,1,1.0
n03000684__n03000684_24493.jpg,333,500,train,3,3,0.9996
n03888257__n03888257_38723.jpg,500,333,train,9,9,0.9972
n02102040__n02102040_1976.jpg,434,500,train,1,1,1.0
n03028079__n03028079_6215.jpg,500,403,train,4,4,0.9999
n03888257__n03888257_30377.jpg,316,500,train,9,9,0.9982
n03000684__n03000684_10395.jpg,375,500,train,3,3,0.9995
n02102040__n02102040_4049.jpg,373,500,train,1,1,0.9999
n02979186__n02979186_20297.jpg,560,393,train,2,2,0.9994
n03417042__n03417042_4218.jpg,1283,507,train,6,6,1.0
n02979186__n02979186_7743.jpg,465,546,train,2,2,0.9881
n02102040__n02102040_107.jpg,500,333,train,1,1,1.0
n03445777__n03445777_2646.jpg,400,300,train,8,8,1.0
n03000684__n03000684_13903.jpg,362,304,train,3,3,0.9918
n01440764__n01440764_6494.jpg,500,375,train,0,0,0.9992
n03028079__n03028079_23924.jpg,500,345,train,4,4,0.9996
n01440764__n01440764_4074.jpg,500,375,train,0,0,0.9757
n03425413__n03425413_14409.jpg,500,335,train,7,4,0.7906
n03028079__n03028079_17699.jpg,375,500,train,4,4,0.998
n02102040__n02102040_484.jpg,500,333,train,1,1,0.9995
n03445777__n03445777_494.jpg,500,333,train,8,8,1.0
n03888257__n03888257_22893.jpg,334,500,train,9,9,0.9989
n03000684__n03000684_12788.jpg,500,375,train,3,3,0.8299
n03888257__n03888257_11313.jpg,500,375,train,9,9,0.9997
n02979186__n02979186_7166.jpg,550,413,train,2,2,1.0
n01440764__n01440764_9543.jpg,250,376,train,0,0,1.0
n03394916__n03394916_24128.jpg,350,365,train,5,5,0.9986
n03417042__n03417042_12836.jpg,500,375,train,6,6,0.9987
n03000684__n03000684_30997.jpg,100,100,train,3,3,0.9998
n02979186__n02979186_19709.jpg,225,144,train,2,2,0.9999
n03417042__n03417042_29836.jpg,500,380,train,6,6,0.9999
n03425413__n03425413_8444.jpg,281,500,train,7,7,1.0
n02979186__n02979186_10744.jpg,900,742,train,2,2,0.9999
n01440764__n01440764_9518.jpg,348,336,train,0,0,1.0
n03028079__n03028079_27769.jpg,398,500,train,4,4,0.9999
n03417042__n03417042_53.jpg,500,375,train,6,6,0.9982
n03445777__n03445777_3549.jpg,2971,1572,train,8,8,0.996
n03028079__n03028079_2035.jpg,500,375,train,4,4,0.9997
n03394916__n03394916_26454.jpg,332,500,train,5,5,0.9896
n02979186__n02979186_1206.jpg,500,333,train,2,2,0.9898
n03445777__n03445777_9908.jpg,500,333,train,8,8,0.9997
n03394916__n03394916_29255.jpg,375,500,train,5,5,0.9492
n03028079__n03028079_24227.jpg,400,500,train,4,4,0.9999
n02102040__n02102040_6757.jpg,500,375,train,1,1,0.9999
n03000684__n03000684_14554.jpg,450,267,train,3,3,1.0
n02102040__ILSVRC2012_val_00043994.jpg,500,333,train,1,1,1.0
n03888257__ILSVRC2012_val_00022638.jpg,375,500,train,9,9,0.9986
n02102040__n02102040_1129.jpg,140,93,train,1,1,0.9972
n02102040__n02102040_4355.jpg,500,375,train,1,1,0.9881
n03445777__n03445777_5838.jpg,300,300,train,8,8,0.9999
n02979186__n02979186_4046.jpg,640,480,train,2,2,0.9908
n02979186__n02979186_7134.jpg,400,300,train,2,2,1.0
n03028079__n03028079_3633.jpg,500,375,train,4,4,0.9999
n03425413__n03425413_13284.jpg,500,334,train,7,7,0.9969
n02102040__n02102040_1703.jpg,1179,1543,train,1,1,1.0
n03000684__n03000684_7585.jpg,135,59,train,3,3,0.9986
n03028079__n03028079_654.jpg,500,441,train,4,4,0.9999
n03425413__n03425413_8646.jpg,250,405,train,7,7,0.9998
n02102040__n02102040_4124.jpg,500,375,train,1,1,1.0
n03394916__ILSVRC2012_val_00046826.jpg,334,500,train,5,5,0.9988
n03445777__n03445777_3927.jpg,500,348,train,8,8,0.9999
n03417042__n03417042_8579.jpg,500,400,train,6,6,0.9991
n01440764__n01440764_2095.jpg,640,428,train,0,0,1.0
n03445777__n03445777_3429.jpg,250,250,train,8,8,0.9999
n01440764__n01440764_7943.jpg,400,347,train,0,0,1.0
n03445777__n03445777_9865.jpg,375,500,train,8,8,0.997
n02979186__n02979186_11005.jpg,500,333,train,2,2,0.9998
n01440764__n01440764_7786.jpg,464,450,train,0,0,1.0
n03028079__n03028079_10376.jpg,400,600,train,4,4,0.9993
n03888257__n03888257_2276.jpg,200,301,train,9,9,1.0
n03000684__n03000684_11515.jpg,1600,1200,train,3,3,0.9641
n03888257__n03888257_14853.jpg,500,375,train,9,9,0.996
n03425413__n03425413_21454.jpg,331,500,train,7,7,0.9999
n03417042__n03417042_5566.jpg,500,375,train,6,6,1.0
n02102040__n02102040_6603.jpg,500,375,train,1,1,0.9999
n03888257__n03888257_22018.jpg,500,375,train,9,9,0.9989
n03425413__n03425413_17485.jpg,500,420,train,7,7,1.0
n03417042__n03417042_25458.jpg,500,375,train,6,6,0.9999
n03888257__n03888257_27343.jpg,480,360,train,9,9,0.9998
n02102040__n02102040_5915.jpg,500,333,train,1,1,0.9999
n02979186__n02979186_947.jpg,200,200,train,2,2,0.9883
n03000684__n03000684_1428.jpg,333,500,train,3,3,0.6981
n03445777__n03445777_12013.jpg,312,234,train,8,8,0.9065
n02979186__n02979186_25427.jpg,100,100,train,2,2,0.9969
n03888257__n03888257_15946.jpg,333,500,train,9,9,1.0
n03417042__n03417042_5225.jpg,500,375,train,6,6,0.9996
n03028079__n03028079_10138.jpg,333,500,train,4,4,0.9938
n03888257__n03888257_6468.jpg,750,503,train,9,9,0.8538
n03394916__n03394916_37095.jpg,339,500,train,5,5,0.9415
n01440764__n01440764_13966.jpg,500,377,train,0,0,1.0
n03028079__n03028079_18558.jpg,373,500,train,4,4,0.9998
n03417042__n03417042_23296.jpg,500,375,train,6,6,0.9998
n01440764__n01440764_11825.jpg,280,355,train,0,0,1.0
n03394916__n03394916_42974.jpg,333,500,train,5,5,1.0
n03445777__n03445777_5377.jpg,208,194,train,8,8,0.9997
n02979186__n02979186_18288.jpg,440,317,train,2,2,0.9999
n03394916__n03394916_36715.jpg,500,332,train,5,5,0.995
n02979186__n02979186_21863.jpg,580,435,train,2,2,0.9998
n03394916__n03394916_29779.jpg,375,500,train,5,5,0.9986
n03000684__n03000684_5419.jpg,500,375,train,3,3,0.9241
n03445777__n03445777_1475.jpg,500,307,train,8,8,0.9999
n03425413__n03425413_20946.jpg,500,382,train,7,7,0.999
n03028079__n03028079_16194.jpg,500,341,train,4,4,0.9991
n03888257__n03888257_6358.jpg,500,333,train,9,9,0.9992
n02102040__n02102040_7967.jpg,383,500,train,1,1,1.0
n01440764__n01440764_5209.jpg,500,375,train,0,0,1.0
n02979186__n02979186_20799.jpg,94,141,train,2,2,0.9928
n03000684__n03000684_7128.jpg,300,248,train,3,3,0.9993
n01440764__n01440764_5239.jpg,500,375,train,0,0,1.0
n03394916__n03394916_54366.jpg,600,399,train,5,5,1.0
n03028079__n03028079_54438.jpg,500,357,train,4,4,0.9961
n03394916__n03394916_5375.jpg,640,480,train,5,5,1.0
n01440764__n01440764_8834.jpg,800,594,train,0,0,1.0
n03425413__n03425413_17745.jpg,400,500,train,7,7,0.9998
n03394916__n03394916_42959.jpg,500,335,train,5,5,0.9947
n03028079__n03028079_5597.jpg,357,500,train,4,4,0.9997
n03888257__n03888257_10844.jpg,396,500,train,9,9,1.0
n02979186__n02979186_12266.jpg,250,300,train,2,2,0.9987
n02979186__n02979186_12303.jpg,500,375,train,2,2,0.9872
n03000684__n03000684_26174.jpg,500,375,train,3,3,0.8256
n03028079__n03028079_28833.jpg,419,500,train,4,4,0.9992
n03394916__ILSVRC2012_val_00035433.jpg,333,500,train,5,5,0.9999
n02102040__n02102040_6874.jpg,500,375,train,1,1,1.0
n02979186__n02979186_19433.jpg,100,89,train,2,2,0.9907
n03394916__n03394916_33687.jpg,333,500,train,5,5,0.9999
n03445777__n03445777_13874.jpg,640,480,train,8,8,0.96
n03028079__n03028079_29247.jpg,500,500,train,4,4,0.9992
n03417042__n03417042_7036.jpg,500,375,train,6,6,1.0
n03888257__n03888257_51808.jpg,500,357,train,9,9,0.9889
n03000684__n03000684_22314.jpg,375,500,train,3,3,0.8463
n03394916__n03394916_44819.jpg,500,333,train,5,5,0.9999
n03028079__n03028079_61163.jpg,500,341,train,4,4,0.9999
n02979186__n02979186_25956.jpg,500,375,train,2,2,1.0
n03425413__n03425413_10424.jpg,371,616,train,7,7,0.9998
n01440764__n01440764_31283.jpg,431,287,train,0,0,0.9995
n02102040__n02102040_2977.jpg,500,375,train,1,1,0.9999
n03028079__n03028079_593.jpg,336,500,train,4,4,0.9994
n01440764__n01440764_6706.jpg,526,444,train,0,0,1.0
n03417042__ILSVRC2012_val_00005094.jpg,500,333,train,6,6,1.0
n03394916__n03394916_42394.jpg,375,500,train,5,5,0.9993
n03445777__n03445777_1519.jpg,500,375,train,8,8,0.9996
n03028079__ILSVRC2012_val_00036229.jpg,500,400,train,4,4,0.9998
n03445777__n03445777_14165.jpg,225,135,train,8,8,0.9985
n03028079__n03028079_71703.jpg,378,500,train,4,4,0.9971
n03888257__n03888257_11658.jpg,333,500,train,9,9,0.9999
n03888257__n03888257_1608.jpg,500,313,train,9,9,0.9997
n02979186__n02979186_10706.jpg,375,500,train,2,2,0.9662
n03028079__n03028079_53734.jpg,500,386,train,4,4,0.9985
n03028079__n03028079_15483.jpg,400,500,train,4,4,0.9972
n03394916__n03394916_36293.jpg,500,375,train,5,5,0.9999
n03445777__n03445777_2269.jpg,500,375,train,8,8,1.0
n03417042__n03417042_1225.jpg,824,284,train,6,6,0.9902
n03888257__ILSVRC2012_val_00009269.jpg,500,375,train,9,9,0.9999
n03000684__n03000684_31453.jpg,500,375,train,3,3,0.9828
n03417042__n03417042_3066.jpg,384,500,train,6,6,0.9997
n03028079__n03028079_5779.jpg,500,344,train,4,4,0.997
n01440764__n01440764_724.jpg,450,463,train,0,0,0.9997
n03445777__n03445777_8484.jpg,500,375,train,8,8,1.0
n02979186__n02979186_2883.jpg,375,500,train,2,6,0.3888
n03417042__n03417042_2155.jpg,500,488,train,6,7,0.5322
n03445777__n03445777_8707.jpg,500,329,train,8,8,0.9999
n03028079__n03028079_1669.jpg,500,371,train,4,4,0.9995
n03445777__n03445777_4889.jpg,263,350,train,8,8,0.9996
n03028079__n03028079_2863.jpg,500,375,train,4,4,0.9998
n02979186__n02979186_26879.jpg,266,200,train,2,2,0.9954
n03425413__n03425413_13687.jpg,375,500,train,7,7,1.0
n03000684__n03000684_9005.jpg,500,375,train,3,3,0.9995
n03425413__n03425413_1207.jpg,500,462,train,7,7,0.9985
n02979186__n02979186_15096.jpg,500,400,train,2,2,0.9893
n03000684__n03000684_4526.jpg,82,61,train,3,3,0.9624
n03394916__n03394916_52644.jpg,773,1162,train,5,5,1.0
n03028079__n03028079_10375.jpg,500,375,train,4,4,0.9998
n03394916__n03394916_32977.jpg,333,500,train,5,5,1.0
n03445777__n03445777_4939.jpg,226,170,train,8,8,0.9998
n03425413__n03425413_14374.jpg,333,500,train,7,7,0.9999
n03445777__n03445777_2356.jpg,450,406,train,8,8,0.9999
n02102040__n02102040_3855.jpg,375,500,train,1,1,1.0
n03425413__n03425413_21166.jpg,375,500,train,7,7,1.0
n03394916__n03394916_5359.jpg,352,500,train,5,5,1.0
n03888257__n03888257_23776.jpg,506,380,train,9,9,0.9972
n03394916__n03394916_39818.jpg,338,500,train,5,5,0.9987
n02102040__n02102040_5909.jpg,333,500,train,1,1,1.0
n03417042__n03417042_11883.jpg,375,500,train,6,6,0.9991
n03425413__n03425413_15594.jpg,375,500,train,7,7,0.9813
n03888257__n03888257_23868.jpg,500,409,train,9,9,1.0
n01440764__n01440764_107.jpg,75,56,train,0,0,1.0
n03425413__n03425413_21045.jpg,375,500,train,7,7,0.9999
n02102040__n02102040_7784.jpg,600,433,train,1,1,0.9999
n02102040__n02102040_1486.jpg,500,376,train,1,1,1.0
n03028079__n03028079_29713.jpg,375,500,train,4,4,0.9997
n03888257__n03888257_8379.jpg,575,431,train,9,9,0.9996
n03394916__n03394916_29217.jpg,333,500,train,5,5,0.9995
n03417042__n03417042_19596.jpg,500,375,train,6,6,1.0
n03888257__n03888257_1389.jpg,333,500,train,9,9,0.9998
n03888257__n03888257_11237.jpg,500,375,train,9,9,0.999
n03425413__n03425413_15195.jpg,322,500,train,7,7,0.9999
n03425413__n03425413_10118.jpg,400,668,train,7,7,0.9284
n03394916__n03394916_4747.jpg,349,385,train,5,5,0.9982
n03888257__n03888257_35434.jpg,500,375,train,9,9,0.9999
n03028079__n03028079_76427.jpg,500,375,train,4,4,0.9998
n03445777__n03445777_10616.jpg,500,390,train,8,8,0.9591
n02102040__n02102040_5163.jpg,500,338,train,1,1,1.0
n03417042__n03417042_27986.jpg,500,375,train,6,6,1.0
n02102040__n02102040_6968.jpg,500,375,train,1,1,0.9999
n03445777__n03445777_8224.jpg,500,375,train,8,8,1.0
n01440764__n01440764_8249.jpg,600,800,train,0,0,0.9929
n03417042__n03417042_5604.jpg,1600,1200,train,6,6,0.9982
n03028079__n03028079_79938.jpg,500,436,train,4,4,0.996
n01440764__ILSVRC2012_val_00037375.jpg,500,375,train,0,0,0.9996
n03417042__n03417042_5346.jpg,500,375,train,6,6,0.9998
n03028079__n03028079_1473.jpg,366,500,train,4,4,0.9991
n02979186__n02979186_4836.jpg,500,336,train,2,2,0.9997
n03888257__n03888257_226.jpg,100,100,train,9,9,0.9939
n02979186__n02979186_3896.jpg,333,500,train,2,2,0.9995
n01440764__n01440764_9244.jpg,640,480,train,0,0,1.0
n02102040__n02102040_5866.jpg,500,333,train,1,1,1.0
n03425413__n03425413_27196.jpg,387,586,train,7,7,0.9719
n03417042__n03417042_27014.jpg,500,375,train,6,6,0.9998
n03394916__n03394916_1165.jpg,549,756,train,5,5,0.9998
n03445777__n03445777_4588.jpg,180,250,train,8,8,0.9996
n03445777__n03445777_9667.jpg,500,345,train,8,8,1.0
n03028079__n03028079_19193.jpg,500,382,train,4,4,0.9973
n01440764__n01440764_297.jpg,100,70,train,0,0,1.0
n03888257__n03888257_16299.jpg,538,423,train,9,9,0.998
n03445777__n03445777_6537.jpg,333,500,train,8,8,0.9996
n03425413__n03425413_604.jpg,500,450,train,7,7,0.9977
n03425413__n03425413_31444.jpg,500,334,train,7,7,0.4237
n01440764__n01440764_485.jpg,448,336,train,0,0,1.0
n02979186__n02979186_8816.jpg,540,348,train,2,2,1.0
n02102040__n02102040_328.jpg,500,376,train,1,1,1.0
n03888257__n03888257_10136.jpg,333,500,train,9,9,0.7217
n03425413__n03425413_16669.jpg,500,375,train,7,7,0.9998
n02979186__n02979186_4375.jpg,500,333,train,2,2,1.0
n03000684__n03000684_21415.jpg,318,500,train,3,3,0.9987
n03394916__n03394916_28124.jpg,500,375,train,5,5,1.0
n02979186__n02979186_12948.jpg,500,333,train,2,2,0.9557
n02979186__n02979186_10864.jpg,420,420,train,2,2,0.9906
n03394916__n03394916_35423.jpg,500,334,train,5,5,0.9996
n03000684__n03000684_14269.jpg,500,375,train,3,3,0.9266
n02979186__n02979186_21219.jpg,375,500,train,2,2,0.9999
n02979186__n02979186_10364.jpg,160,160,train,2,2,0.9944
n01440764__n01440764_14383.jpg,500,375,train,0,0,1.0
n02979186__n02979186_7529.jpg,100,100,train,2,2,0.9997
n03425413__n03425413_21237.jpg,500,333,train,7,7,0.9998
n03417042__n03417042_3039.jpg,375,500,train,6,6,0.9999
n01440764__n01440764_8003.jpg,600,450,train,0,0,1.0
n03888257__ILSVRC2012_val_00009593.jpg,375,500,train,9,9,0.9602
n03888257__n03888257_36594.jpg,550,550,train,9,9,0.9972
n03417042__n03417042_2035.jpg,250,166,train,6,6,1.0
n03425413__n03425413_21996.jpg,375,500,train,7,7,0.9999
n03394916__n03394916_11495.jpg,500,334,train,5,5,1.0
n02979186__n02979186_13847.jpg,500,375,train,2,2,0.9996
n01440764__n01440764_8917.jpg,592,480,train,0,0,0.9999
n03425413__n03425413_16788.jpg,500,375,train,7,7,0.9963
n03888257__n03888257_8225.jpg,500,360,train,9,9,0.9998
n03888257__n03888257_21298.jpg,500,333,train,9,9,0.9989
n03394916__n03394916_37916.jpg,500,500,train,5,5,0.9988
n03028079__n03028079_6286.jpg,500,351,train,4,4,0.9999
n03028079__n03028079_9063.jpg,500,340,train,4,4,0.9995
n03417042__n03417042_5396.jpg,1600,1201,train,6,6,0.9953
n03445777__n03445777_679.jpg,800,566,train,8,8,0.9997
n03394916__n03394916_52126.jpg,720,941,train,5,5,0.9963
n03888257__n03888257_11593.jpg,2048,2481,train,9,9,0.9999
n03445777__n03445777_1289.jpg,500,333,train,8,8,0.9992
n01440764__n01440764_9304.jpg,500,333,train,0,0,1.0
n03394916__n03394916_45263.jpg,338,500,train,5,5,0.9986
n01440764__ILSVRC2012_val_00012503.jpg,500,375,train,0,0,1.0
n03028079__n03028079_10103.jpg,500,332,train,4,4,0.9998
n02102040__n02102040_7886.jpg,320,240,train,1,1,1.0
n02979186__n02979186_23659.jpg,375,500,train,2,2,0.999
n03417042__n03417042_27404.jpg,500,375,train,6,6,0.9991
n03445777__n03445777_2244.jpg,200,250,train,8,8,0.9993
n01440764__n01440764_5709.jpg,450,338,train,0,0,0.9912
n03417042__n03417042_18589.jpg,500,375,train,6,6,0.9995
n03445777__n03445777_5768.jpg,333,500,train,8,8,1.0
n03425413__n03425413_16655.jpg,375,500,train,7,7,0.9991
n03028079__ILSVRC2012_val_00033568.jpg,500,375,train,4,4,0.9999
n02979186__n02979186_20108.jpg,430,430,train,2,2,0.9848
n03417042__n03417042_10908.jpg,500,376,train,6,6,0.9999
n03888257__n03888257_37513.jpg,335,500,train,9,9,0.9945
n03028079__n03028079_573.jpg,500,366,train,4,4,0.9999
n03445777__n03445777_16559.jpg,500,348,train,8,8,0.9999
n03000684__n03000684_3679.jpg,384,280,train,3,3,1.0
n03394916__n03394916_33663.jpg,500,350,train,5,5,0.9994
n02979186__n02979186_3924.jpg,500,375,train,2,2,0.9506
n03445777__n03445777_6545.jpg,500,375,train,8,8,0.9998
n03394916__n03394916_53245.jpg,500,375,train,5,5,0.998
n02102040__n02102040_4999.jpg,500,333,train,1,1,0.9994
n03028079__n03028079_23914.jpg,500,339,train,4,4,0.9996
n02979186__n02979186_11839.jpg,500,333,train,2,2,1.0
n03394916__n03394916_4437.jpg,300,258,train,5,5,0.916
n02102040__n02102040_4435.jpg,500,333,train,1,0,0.4748
n03417042__n03417042_10694.jpg,500,375,train,6,6,1.0
n03394916__n03394916_36315.jpg,500,334,train,5,5,0.8665
n03445777__n03445777_8616.jpg,375,500,train,8,8,1.0
n03445777__n03445777_4104.jpg,500,375,train,8,8,1.0
n03445777__n03445777_4475.jpg,400,465,train,8,8,0.9725
n01440764__n01440764_5658.jpg,512,384,train,0,0,1.0
n03445777__n03445777_5856.jpg,358,358,train,8,8,1.0
n02979186__n02979186_11539.jpg,500,375,train,2,2,1.0
n03425413__n03425413_547.jpg,500,375,train,7,7,1.0
n03445777__n03445777_9966.jpg,500,375,train,8,8,0.9999
n02979186__n02979186_15154.jpg,500,354,train,2,2,0.9935
n01440764__n01440764_10995.jpg,500,375,train,0,0,0.9959
n02102040__n02102040_1719.jpg,375,500,train,1,1,1.0
n03417042__n03417042_2164.jpg,945,709,train,6,6,0.9995
n01440764__n01440764_1657.jpg,276,211,train,0,0,0.9999
n02102040__n02102040_7505.jpg,500,333,train,1,1,1.0
n03417042__n03417042_9689.jpg,500,395,train,6,6,0.9999
n03028079__n03028079_2756.jpg,500,375,train,4,4,0.9981
n02102040__n02102040_706.jpg,500,331,train,1,1,1.0
n01440764__n01440764_1564.jpg,200,150,train,0,0,0.9971
n02979186__n02979186_1435.jpg,320,217,train,2,2,0.9993
n03445777__n03445777_8663.jpg,500,375,train,8,8,0.9995
n03888257__n03888257_17368.jpg,500,333,train,9,9,0.8638
n02102040__n02102040_4184.jpg,375,500,train,1,1,1.0
n03394916__n03394916_43258.jpg,343,500,train,5,5,0.9999
n01440764__n01440764_8398.jpg,350,263,train,0,0,0.9998
n03425413__n03425413_13623.jpg,333,500,train,7,7,1.0
n03888257__n03888257_71423.jpg,500,333,train,9,9,0.9989
n03445777__n03445777_936.jpg,203,152,train,8,8,0.9957
n02979186__n02979186_27427.jpg,137,64,train,2,2,0.9992
n02102040__n02102040_5993.jpg,350,265,train,1,1,1.0
n02979186__n02979186_5944.jpg,500,375,train,2,2,1.0
n03028079__n03028079_12799.jpg,500,427,train,4,4,1.0
n03888257__n03888257_56595.jpg,332,500,train,9,9,0.9999
n03417042__n03417042_24155.jpg,500,375,train,6,6,0.9999
n03417042__n03417042_12235.jpg,500,390,train,6,6,0.9972
n03445777__n03445777_8546.jpg,500,375,train,8,8,0.9996
n03417042__n03417042_6809.jpg,375,500,train,6,6,0.9993
n03000684__ILSVRC2012_val_00028196.jpg,500,375,train,3,3,0.9995
n03028079__n03028079_9486.jpg,500,309,train,4,4,0.9988
n03425413__n03425413_19839.jpg,375,500,train,7,7,0.9998
n03000684__n03000684_3853.jpg,215,128,train,3,3,0.9998
n02979186__n02979186_15424.jpg,500,216,train,2,2,1.0
n03028079__n03028079_2408.jpg,500,375,train,4,4,0.9997
n03888257__n03888257_69239.jpg,366,500,train,9,9,1.0
n03000684__n03000684_17715.jpg,491,368,train,3,3,1.0
n03888257__n03888257_1265.jpg,709,531,train,9,9,1.0
n03888257__n03888257_9367.jpg,500,375,train,9,9,0.9916
n01440764__n01440764_12037.jpg,336,389,train,0,0,1.0
n02979186__n02979186_3659.jpg,350,304,train,2,2,1.0
n03028079__n03028079_8709.jpg,500,346,train,4,4,0.9991
n02979186__n02979186_1288.jpg,375,500,train,2,2,0.9889
n03445777__n03445777_14706.jpg,500,375,train,8,8,0.9999
n03394916__n03394916_32583.jpg,500,375,train,5,5,0.9945
n03425413__n03425413_19116.jpg,500,375,train,7,7,0.9997
n03445777__n03445777_7203.jpg,500,371,train,8,8,0.9996
n03394916__n03394916_8566.jpg,200,129,train,5,5,1.0
n03394916__n03394916_23333.jpg,360,480,train,5,5,0.9994
n02102040__n02102040_7748.jpg,500,375,train,1,1,0.9996
n03394916__n03394916_43847.jpg,500,374,train,5,5,1.0
n03000684__n03000684_14234.jpg,721,304,train,3,3,1.0
n02102040__n02102040_5908.jpg,340,500,train,1,1,1.0
n03445777__n03445777_15469.jpg,596,361,train,8,8,1.0
n03028079__n03028079_15909.jpg,375,500,train,4,4,0.999
n02979186__n02979186_15639.jpg,240,180,train,2,2,0.9999
n03394916__n03394916_5856.jpg,124,90,train,5,5,0.9988
n02102040__ILSVRC2012_val_00040679.jpg,500,375,train,1,1,1.0
n03394916__n03394916_18846.jpg,600,600,train,5,5,1.0
n03445777__n03445777_9138.jpg,357,500,train,8,8,0.9997
n03445777__n03445777_6789.jpg,375,500,train,8,8,0.9998
n03417042__n03417042_11446.jpg,700,524,train,6,6,1.0
n03417042__n03417042_995.jpg,500,250,train,6,6,0.9558
n02102040__n02102040_1238.jpg,500,400,train,1,1,1.0
n03000684__n03000684_34054.jpg,100,100,train,3,3,0.9981
n01440764__ILSVRC2012_val_00041939.jpg,375,500,train,0,0,1.0
n03888257__n03888257_30185.jpg,500,375,train,9,9,1.0
n03425413__n03425413_19208.jpg,393,500,train,7,7,0.9999
n03000684__n03000684_11186.jpg,500,334,train,3,3,0.9964
n03425413__n03425413_21579.jpg,500,500,train,7,7,0.9999
n03000684__n03000684_12486.jpg,500,333,train,3,3,0.982
n03028079__n03028079_38969.jpg,500,361,train,4,4,0.9983
n02102040__n02102040_7486.jpg,375,500,train,1,1,0.9966
n03394916__n03394916_38775.jpg,500,375,train,5,5,0.9992
n03394916__n03394916_40257.jpg,333,500,train,5,5,0.6928
n02979186__n02979186_18069.jpg,210,260,train,2,2,0.994
n03425413__n03425413_14704.jpg,375,500,train,7,7,0.875
n03425413__n03425413_21757.jpg,332,500,train,7,7,0.9999
n01440764__n01440764_19807.jpg,240,180,train,0,0,0.9999
n03394916__n03394916_67963.jpg,281,500,train,5,5,1.0
n02979186__n02979186_3529.jpg,135,83,train,2,2,0.9989
n02102040__n02102040_4484.jpg,500,333,train,1,1,0.9998
n03000684__n03000684_2144.jpg,300,300,train,3,3,0.9999
n01440764__n01440764_6388.jpg,2048,1536,train,0,0,1.0
n03417042__n03417042_1087.jpg,500,375,train,6,6,0.9999
n03028079__n03028079_7794.jpg,500,464,train,4,4,0.9999
n03000684__n03000684_15793.jpg,200,150,train,3,3,0.8985
n03425413__n03425413_16777.jpg,332,500,train,7,7,0.9606
n03000684__n03000684_1119.jpg,225,280,train,3,3,0.8491
n03888257__n03888257_65876.jpg,340,500,train,9,9,0.9822
n02979186__n02979186_9155.jpg,90,90,train,2,2,0.9994
n03888257__n03888257_12517.jpg,500,333,train,9,9,0.9996
n02979186__n02979186_14137.jpg,500,375,train,2,2,1.0
n02102040__n02102040_7768.jpg,500,357,train,1,1,1.0
n02979186__n02979186_17356.jpg,160,160,train,2,7,0.5862
n01440764__n01440764_12276.jpg,275,206,train,0,0,1.0
n03000684__n03000684_19289.jpg,500,375,train,3,3,0.9968
n03888257__n03888257_35035.jpg,500,333,train,9,9,1.0
n03394916__n03394916_29358.jpg,500,333,train,5,5,0.9972
n03000684__n03000684_1964.jpg,500,375,train,3,3,0.9992
n03445777__n03445777_14458.jpg,600,450,train,8,8,0.9999
n01440764__n01440764_2314.jpg,500,274,train,0,0,1.0
n03417042__n03417042_10256.jpg,400,300,train,6,6,0.9994
n03445777__n03445777_16379.jpg,226,199,train,8,8,0.9963
n03888257__n03888257_46879.jpg,500,341,train,9,9,0.9996
n03028079__n03028079_27.jpg,500,375,train,4,4,0.9996
n03888257__n03888257_8275.jpg,500,334,train,9,9,0.9999
n03445777__n03445777_2814.jpg,225,223,train,8,8,0.9993
n02979186__n02979186_1769.jpg,185,125,train,2,2,0.9979
n03394916__n03394916_68097.jpg,405,500,train,5,5,0.9986
n03888257__n03888257_24295.jpg,500,337,train,9,9,0.9991
n03417042__n03417042_13279.jpg,500,375,train,6,6,0.9565
n03888257__n03888257_13314.jpg,500,333,train,9,9,0.9987
n01440764__n01440764_6917.jpg,296,222,train,0,0,1.0
n03028079__n03028079_4813.jpg,352,500,train,4,4,0.9998
n02979186__n02979186_12839.jpg,500,375,train,2,2,0.9987
n03425413__n03425413_21347.jpg,375,500,train,7,7,0.9997
n03394916__n03394916_31867.jpg,500,375,train,5,5,1.0
n03394916__n03394916_47246.jpg,500,333,train,5,5,0.9998
n03028079__n03028079_29449.jpg,500,333,train,4,4,0.9988
n03417042__n03417042_27815.jpg,500,375,train,6,6,0.9997
n01440764__n01440764_1313.jpg,500,334,train,0,0,0.9985
n03028079__n03028079_3587.jpg,500,375,train,4,4,0.9999
n03888257__n03888257_66987.jpg,318,500,train,9,9,0.9998
n02102040__n02102040_1243.jpg,757,645,train,1,1,1.0
n03888257__n03888257_28569.jpg,380,500,train,9,9,0.9998
n02979186__n02979186_1205.jpg,500,375,train,2,2,0.9982
n02979186__n02979186_10866.jpg,93,140,train,2,2,0.8462
n02102040__n02102040_3199.jpg,375,500,train,1,1,1.0
n03425413__n03425413_10784.jpg,375,500,train,7,7,0.9999
n03028079__n03028079_16705.jpg,340,500,train,4,4,0.9983
n01440764__n01440764_1735.jpg,500,375,train,0,0,1.0
n03417042__n03417042_9693.jpg,500,375,train,6,6,1.0
n02102040__n02102040_8258.jpg,500,333,train,1,1,0.9999
n02102040__n02102040_4149.jpg,500,375,train,1,1,1.0
n02979186__n02979186_9456.jpg,500,375,train,2,2,0.9999
n02102040__n02102040_7646.jpg,500,333,train,1,1,0.9965
n03028079__n03028079_14516.jpg,500,436,train,4,4,0.9979
n01440764__n01440764_2427.jpg,450,320,train,0,0,1.0
n03445777__n03445777_9914.jpg,500,344,train,8,8,1.0
n03028079__n03028079_26219.jpg,500,375,train,4,4,1.0
n02979186__ILSVRC2012_val_00018559.jpg,800,600,train,2,2,0.9994
n03417042__n03417042_8654.jpg,500,375,train,6,6,1.0
n03445777__n03445777_7566.jpg,500,500,train,8,8,0.9999
n03417042__n03417042_356.jpg,500,400,train,6,6,0.9999
n03417042__n03417042_16149.jpg,500,333,train,6,6,1.0
n03028079__n03028079_29963.jpg,341,500,train,4,4,0.9991
n03888257__n03888257_43034.jpg,366,500,train,9,9,0.9996
n03417042__n03417042_4407.jpg,500,374,train,6,6,1.0
n03394916__n03394916_28428.jpg,375,500,train,5,5,0.9973
n03888257__n03888257_17783.jpg,500,367,train,9,9,0.8334
n03417042__n03417042_1906.jpg,500,375,train,6,6,1.0
n03445777__n03445777_6275.jpg,503,136,train,8,8,0.9989
n03425413__n03425413_9323.jpg,400,532,train,7,7,0.9835
n01440764__n01440764_12889.jpg,500,333,train,0,0,1.0
n02102040__n02102040_8288.jpg,500,375,train,1,1,0.999
n03888257__n03888257_23233.jpg,500,333,train,9,9,0.9996
n03445777__n03445777_6848.jpg,384,288,train,8,8,1.0
n03445777__n03445777_10743.jpg,335,500,train,8,4,0.5471
n02979186__n02979186_10798.jpg,400,511,train,2,2,0.9999
n03888257__n03888257_34023.jpg,500,332,train,9,9,1.0
n03888257__n03888257_20344.jpg,500,326,train,9,9,0.9995
n03394916__n03394916_35315.jpg,500,333,train,5,5,0.9996
n03028079__n03028079_16439.jpg,377,500,train,4,4,0.8266
n03888257__n03888257_41099.jpg,335,500,train,9,9,0.9999
n03394916__n03394916_58467.jpg,500,333,train,5,5,0.9998
n03000684__n03000684_2828.jpg,800,600,train,3,3,0.9995
n02979186__n02979186_14274.jpg,180,240,train,2,2,0.9999
n03000684__n03000684_3427.jpg,500,375,train,3,3,0.9995
n02979186__n02979186_14953.jpg,500,375,train,2,2,1.0
n03888257__n03888257_21793.jpg,333,500,train,9,9,0.9999
n03028079__n03028079_1005.jpg,500,375,train,4,4,0.9998
n02979186__n02979186_1626.jpg,300,200,train,2,8,0.3913
n03417042__n03417042_11424.jpg,500,375,train,6,6,1.0
n02102040__n02102040_5405.jpg,333,500,train,1,1,1.0
n03445777__n03445777_2967.jpg,500,357,train,8,8,0.9868
n02102040__n02102040_4957.jpg,395,500,train,1,1,0.9999
n03000684__n03000684_32916.jpg,500,384,train,3,3,0.9998
n03445777__n03445777_4646.jpg,500,375,train,8,8,1.0
n03425413__n03425413_17338.jpg,326,500,train,7,7,0.9999
n03394916__n03394916_35457.jpg,500,337,train,5,2,0.9061
n02102040__n02102040_958.jpg,375,500,train,1,1,0.9986
n02979186__n02979186_22044.jpg,500,375,train,2,2,0.9998
n03417042__n03417042_27383.jpg,500,375,train,6,6,0.9994
n03028079__n03028079_17508.jpg,333,500,train,4,4,0.9998
n03445777__n03445777_17833.jpg,500,332,train,8,8,1.0
n03000684__n03000684_16757.jpg,500,375,train,3,3,0.9912
n01440764__n01440764_4737.jpg,448,336,train,0,0,1.0
n03000684__n03000684_11697.jpg,400,608,train,3,3,0.9977
n03888257__n03888257_22854.jpg,500,333,train,9,9,0.9997
n03000684__n03000684_16066.jpg,200,106,train,3,3,1.0
n03425413__n03425413_17055.jpg,375,500,train,7,7,0.9948
n02102040__n02102040_3506.jpg,500,375,train,1,1,0.9999
n03425413__n03425413_15963.jpg,375,500,train,7,7,0.9906
n03888257__n03888257_22305.jpg,500,333,train,9,9,0.9989
n03028079__n03028079_52698.jpg,500,344,train,4,4,0.9999
n03888257__n03888257_46884.jpg,500,334,train,9,9,1.0
n03417042__n03417042_7764.jpg,615,424,train,6,6,0.8455
n02979186__n02979186_15079.jpg,500,375,train,2,2,0.9963
n03394916__n03394916_58527.jpg,700,688,train,5,5,0.9998
n03028079__n03028079_20374.jpg,500,376,train,4,4,0.9999
n02979186__n02979186_13626.jpg,500,375,train,2,2,0.9994
n03000684__n03000684_26865.jpg,500,375,train,3,3,0.9999
n03394916__n03394916_23008.jpg,96,73,train,5,5,1.0
n03417042__n03417042_5874.jpg,500,375,train,6,6,1.0
n03888257__n03888257_31974.jpg,500,375,train,9,9,0.9998
n03445777__n03445777_7827.jpg,500,375,train,8,8,0.9991
n02979186__n02979186_7149.jpg,500,500,train,2,2,0.9218
n03000684__n03000684_35223.jpg,500,375,train,3,3,0.9975
n01440764__n01440764_1024.jpg,500,333,train,0,0,1.0
n03425413__n03425413_11064.jpg,589,2150,train,7,7,0.9875
n03000684__n03000684_13664.jpg,500,375,train,3,3,0.8303
n03445777__ILSVRC2012_val_00040694.jpg,873,788,train,8,8,0.9996
n03394916__ILSVRC2012_val_00030728.jpg,500,333,train,5,5,0.9611
n03425413__n03425413_16965.jpg,500,375,train,7,7,0.9999
n03425413__n03425413_13004.jpg,307,410,train,7,7,0.9999
n03425413__n03425413_19145.jpg,500,332,train,7,7,0.9326
n03445777__n03445777_7336.jpg,500,375,train,8,8,1.0
n01440764__n01440764_6524.jpg,500,375,train,0,0,1.0
n03417042__n03417042_10517.jpg,500,375,train,6,6,1.0
n03417042__n03417042_21946.jpg,1630,1098,train,6,6,1.0
n03445777__n03445777_5667.jpg,500,333,train,8,8,0.9998
n03028079__n03028079_7878.jpg,500,333,train,4,4,0.9809
n03425413__n03425413_18487.jpg,500,375,train,7,7,1.0
n03417042__n03417042_684.jpg,500,339,train,6,6,0.9998
n03888257__n03888257_31426.jpg,385,500,train,9,9,0.9997
n03445777__n03445777_10786.jpg,500,375,train,8,8,0.9886
n03445777__n03445777_12744.jpg,500,333,train,8,8,1.0
n03888257__n03888257_31624.jpg,333,500,train,9,9,0.9997
n02102040__n02102040_6738.jpg,334,500,train,1,1,1.0
n02102040__n02102040_1114.jpg,500,375,train,1,1,1.0
n01440764__n01440764_28293.jpg,500,375,train,0,0,1.0
n03000684__n03000684_6923.jpg,500,335,train,3,3,0.9998
n03028079__n03028079_5655.jpg,500,375,train,4,4,0.9994
n02979186__n02979186_3873.jpg,500,333,train,2,2,0.9999
n03425413__n03425413_7794.jpg,375,500,train,7,7,0.9998
n03028079__n03028079_37246.jpg,500,375,train,4,4,0.9999
n01440764__n01440764_10218.jpg,500,375,train,0,0,1.0
n01440764__n01440764_6425.jpg,500,375,train,0,0,1.0
n03425413__n03425413_15503.jpg,500,333,train,7,7,0.9979
n02979186__n02979186_11326.jpg,500,281,train,2,2,0.6674
n03425413__n03425413_15319.jpg,499,500,train,7,7,0.8466
n03425413__n03425413_24155.jpg,333,500,train,7,7,0.9019
n01440764__n01440764_11018.jpg,375,500,train,0,0,1.0
n03888257__n03888257_55677.jpg,500,333,train,9,9,0.9999
n02979186__n02979186_14999.jpg,500,333,train,2,2,1.0
n03028079__n03028079_6248.jpg,405,500,train,4,4,0.9965
n02979186__n02979186_12168.jpg,576,768,train,2,2,0.9997
n03417042__n03417042_22116.jpg,500,375,train,6,6,1.0
n02102040__n02102040_3887.jpg,333,500,train,1,1,0.9999
n03394916__n03394916_32763.jpg,500,375,train,5,5,0.9999
n03417042__ILSVRC2012_val_00038268.jpg,500,334,train,6,6,0.9999
n02102040__n02102040_1329.jpg,500,375,train,1,1,0.9995
n03394916__n03394916_1326.jpg,120,100,train,5,5,1.0
n03028079__n03028079_16423.jpg,500,337,train,4,4,0.7239
n03445777__n03445777_5026.jpg,500,375,train,8,8,0.9997
n03425413__n03425413_14363.jpg,500,375,train,7,7,0.9995
n03425413__n03425413_11949.jpg,500,376,train,7,7,0.9996
n03028079__n03028079_9127.jpg,375,500,train,4,4,0.9738
n03888257__n03888257_16977.jpg,500,333,train,9,9,0.9985
n03394916__n03394916_37045.jpg,500,375,train,5,5,0.9828
n03445777__n03445777_9379.jpg,400,400,train,8,8,0.9992
n02102040__n02102040_1055.jpg,500,333,train,1,1,1.0
n03445777__n03445777_3567.jpg,400,400,train,8,8,1.0
n03425413__n03425413_6449.jpg,500,413,train,7,7,0.9864
n02979186__n02979186_1719.jpg,500,375,train,2,2,1.0
n03425413__n03425413_4827.jpg,500,333,train,7,7,0.9991
n02102040__n02102040_5037.jpg,500,333,train,1,1,1.0
n02979186__n02979186_17413.jpg,500,374,train,2,2,0.9997
n03888257__ILSVRC2012_val_00031035.jpg,424,500,train,9,9,0.9571
n03394916__n03394916_37607.jpg,333,500,train,5,5,0.9998
n03888257__n03888257_3387.jpg,381,493,train,9,9,0.9999
n03000684__n03000684_10296.jpg,500,375,train,3,3,0.9999
n03445777__ILSVRC2012_val_00038005.jpg,500,375,train,8,8,0.9667
n03888257__n03888257_3595.jpg,500,375,train,9,9,0.9994
n02102040__n02102040_718.jpg,500,357,train,1,1,1.0
n03445777__n03445777_1983.jpg,500,500,train,8,8,0.9999
n03888257__n03888257_28267.jpg,333,500,train,9,9,0.9999
n01440764__n01440764_22706.jpg,500,375,train,0,0,0.9996
n03417042__n03417042_12308.jpg,1600,1200,train,6,6,0.9976
n03445777__n03445777_13575.jpg,500,332,train,8,8,1.0
n03394916__n03394916_3744.jpg,519,571,train,5,5,1.0
n01440764__n01440764_11636.jpg,360,270,train,0,0,1.0
n03028079__n03028079_7287.jpg,500,335,train,4,4,0.9825
n02102040__n02102040_1786.jpg,375,500,train,1,1,1.0
n03394916__n03394916_28929.jpg,500,375,train,5,5,0.9989
n03417042__n03417042_11546.jpg,500,375,train,6,6,1.0
n02979186__n02979186_1314.jpg,374,500,train,2,2,0.9997
n03394916__n03394916_11546.jpg,500,375,train,5,5,0.8713
n03425413__n03425413_7694.jpg,333,500,train,7,7,0.9959
n02102040__n02102040_1475.jpg,500,375,train,1,1,1.0
n03394916__n03394916_29198.jpg,500,317,train,5,5,0.8847
n03888257__n03888257_11494.jpg,500,333,train,9,9,0.9999
n01440764__n01440764_1263.jpg,360,480,train,0,0,0.9986
n03888257__n03888257_25024.jpg,500,313,train,9,9,0.9998
n03888257__n03888257_3927.jpg,500,375,train,9,9,0.9997
n03445777__n03445777_5707.jpg,160,240,train,8,8,0.9899
n03425413__n03425413_3436.jpg,375,500,train,7,3,0.7347
n02102040__n02102040_4349.jpg,500,375,train,1,1,0.9998
n03417042__n03417042_18196.jpg,500,375,train,6,6,1.0
n02102040__n02102040_1495.jpg,500,333,train,1,1,1.0
n03028079__n03028079_4945.jpg,500,318,train,4,4,0.9992
n03888257__n03888257_1767.jpg,500,333,train,9,9,0.9994
n03888257__n03888257_16267.jpg,377,500,train,9,9,0.9996
n03417042__n03417042_17817.jpg,500,375,train,6,6,1.0
n01440764__n01440764_13739.jpg,500,375,train,0,0,0.9999
n03394916__n03394916_7453.jpg,500,375,train,5,5,1.0
n03000684__n03000684_1883.jpg,500,375,train,3,3,0.9402
n02979186__n02979186_10313.jpg,458,396,train,2,2,0.9952
n03417042__n03417042_13289.jpg,500,375,train,6,6,0.9993
n03445777__n03445777_10235.jpg,500,333,train,8,8,0.9846
n03028079__n03028079_1544.jpg,2048,1536,train,4,4,0.9999
n03000684__n03000684_455.jpg,500,333,train,3,3,1.0
n03445777__n03445777_8026.jpg,500,333,train,8,8,1.0
n01440764__n01440764_853.jpg,400,303,train,0,0,1.0
n02102040__n02102040_1479.jpg,375,500,train,1,1,0.9994
n03425413__n03425413_2478.jpg,375,500,train,7,7,0.9999
n03000684__n03000684_789.jpg,375,500,train,3,3,0.9994
n03000684__n03000684_13707.jpg,674,314,train,3,3,1.0
n03417042__n03417042_3907.jpg,500,375,train,6,3,0.908
n02102040__n02102040_6313.jpg,500,333,train,1,1,0.9998
n03417042__n03417042_10993.jpg,500,375,train,6,6,0.9999
n03394916__ILSVRC2012_val_00005554.jpg,500,333,train,5,5,0.9999
n02102040__ILSVRC2012_val_00015694.jpg,375,500,train,1,1,0.9997
n03417042__n03417042_16664.jpg,500,375,train,6,6,0.9998
n03028079__n03028079_39103.jpg,500,375,train,4,4,0.9986
n03000684__n03000684_3157.jpg,375,500,train,3,3,0.9991
n03394916__n03394916_57936.jpg,898,1500,train,5,5,1.0
n03000684__n03000684_11465.jpg,273,300,train,3,3,1.0
n02979186__n02979186_22016.jpg,331,248,train,2,2,0.9999
n01440764__n01440764_148.jpg,2304,1728,train,0,0,1.0
n03888257__n03888257_35555.jpg,500,333,train,9,9,0.998
n03000684__n03000684_19438.jpg,500,325,train,3,3,0.9998
n03445777__n03445777_15126.jpg,500,281,train,8,8,0.9998
n03417042__n03417042_3807.jpg,500,337,train,6,6,1.0
n03425413__n03425413_9668.jpg,600,502,train,7,7,0.9791
n02102040__n02102040_3767.jpg,500,333,train,1,1,1.0
n02102040__n02102040_4874.jpg,500,375,train,1,1,0.9999
n03445777__n03445777_12325.jpg,500,375,train,8,8,1.0
n03000684__n03000684_26889.jpg,400,265,train,3,3,0.9988
n01440764__n01440764_2684.jpg,800,600,train,0,0,1.0
n02102040__n02102040_774.jpg,500,498,train,1,1,1.0
n03425413__n03425413_30283.jpg,333,500,train,7,7,0.9999
n03888257__n03888257_10916.jpg,500,333,train,9,9,0.9995
n01440764__n01440764_63.jpg,300,195,train,0,0,1.0
n01440764__n01440764_13625.jpg,244,227,train,0,0,1.0
n03425413__n03425413_15386.jpg,500,375,train,7,7,0.9996
n03445777__n03445777_8544.jpg,318,225,train,8,8,0.9989
n03425413__n03425413_11396.jpg,978,2430,train,7,7,1.0
n03394916__n03394916_46395.jpg,375,500,train,5,5,0.9993
n03888257__n03888257_12413.jpg,500,333,train,9,9,0.9963
n03394916__ILSVRC2012_val_00028723.jpg,500,334,train,5,5,1.0
n02102040__n02102040_1044.jpg,380,412,train,1,1,1.0
n01440764__n01440764_8466.jpg,321,270,train,0,0,1.0
n03445777__n03445777_5194.jpg,500,375,train,8,8,1.0
n01440764__n01440764_8347.jpg,500,375,train,0,0,1.0
n02979186__n02979186_12898.jpg,500,282,train,2,2,0.9996
n03425413__n03425413_18953.jpg,500,410,train,7,7,0.9999
n01440764__n01440764_14286.jpg,500,333,train,0,0,1.0
n03445777__n03445777_3134.jpg,600,452,train,8,8,0.9822
n03417042__n03417042_10108.jpg,500,340,train,6,6,0.9997
n02102040__n02102040_2039.jpg,500,333,train,1,1,1.0
n03417042__n03417042_12133.jpg,500,375,train,6,6,0.9995
n03417042__n03417042_8966.jpg,500,375,train,6,6,0.9999
n02102040__n02102040_3203.jpg,500,333,train,1,1,0.9991
n03028079__ILSVRC2012_val_00049943.jpg,425,500,train,4,4,0.9998
n03425413__n03425413_8596.jpg,1524,2032,train,7,7,0.9998
n02979186__n02979186_10718.jpg,500,375,train,2,2,0.9997
n03394916__n03394916_21075.jpg,800,534,train,5,5,0.9999
n03417042__n03417042_7458.jpg,500,375,train,6,6,0.9998
n03445777__n03445777_8829.jpg,175,176,train,8,8,0.999
n02102040__n02102040_1283.jpg,500,333,train,1,1,1.0
n03417042__n03417042_10243.jpg,500,375,train,6,6,0.998
n03445777__n03445777_7498.jpg,500,375,train,8,8,0.9999
n03000684__n03000684_14043.jpg,500,334,train,3,3,0.9998
n03394916__n03394916_48064.jpg,500,375,train,5,5,0.9973
n03394916__n03394916_38833.jpg,500,375,train,5,5,0.9988
n01440764__n01440764_9665.jpg,400,300,train,0,0,1.0
n03028079__n03028079_7017.jpg,500,416,train,4,4,0.9995
n03000684__n03000684_6968.jpg,500,375,train,3,3,0.9999
n03028079__n03028079_27217.jpg,466,500,train,4,4,0.9999
n02979186__n02979186_21014.jpg,160,116,train,2,2,0.99
n02102040__n02102040_917.jpg,500,375,train,1,1,1.0
n03000684__n03000684_7664.jpg,500,375,train,3,3,0.9968
n03445777__ILSVRC2012_val_00031897.jpg,640,480,train,8,8,0.9997
n03394916__n03394916_3249.jpg,850,500,train,5,5,1.0
n03028079__n03028079_32977.jpg,500,471,train,4,4,0.9996
n02979186__n02979186_2853.jpg,244,200,train,2,2,0.9999
n03000684__n03000684_16556.jpg,500,375,train,3,3,0.9957
n03888257__n03888257_31839.jpg,412,500,train,9,9,0.9999
n03888257__n03888257_18687.jpg,500,375,train,9,9,0.9995
n03425413__n03425413_14596.jpg,500,400,train,7,7,0.9992
n02102040__ILSVRC2012_val_00016833.jpg,458,500,train,1,1,1.0
n03888257__n03888257_19707.jpg,500,333,train,9,9,0.9985
n03425413__n03425413_3103.jpg,350,262,train,7,7,0.9998
n02102040__n02102040_2598.jpg,500,337,train,1,1,1.0
n03028079__n03028079_15546.jpg,492,500,train,4,4,0.9993
n02102040__n02102040_993.jpg,500,375,train,1,1,0.7818
n03888257__n03888257_8806.jpg,333,500,train,9,9,0.9982
n03445777__n03445777_909.jpg,500,375,train,8,8,0.9998
n03028079__n03028079_11478.jpg,500,375,train,4,4,0.9999
n03417042__n03417042_10958.jpg,500,375,train,6,6,0.9846
n03417042__n03417042_28773.jpg,500,375,train,6,6,0.9997
n03000684__n03000684_2328.jpg,140,140,train,3,3,0.999
n03417042__n03417042_25688.jpg,500,375,train,6,6,0.9995
n02102040__n02102040_7026.jpg,500,375,train,1,1,0.9999
n02102040__n02102040_3417.jpg,358,500,train,1,1,1.0
n02102040__n02102040_1213.jpg,546,408,train,1,1,1.0
n03028079__n03028079_3389.jpg,500,381,train,4,4,0.9996
n03394916__n03394916_36445.jpg,320,240,train,5,5,0.9985
n03394916__n03394916_30036.jpg,500,333,train,5,5,0.9991
n02102040__ILSVRC2012_val_00002315.jpg,360,500,train,1,1,0.9998
n03417042__n03417042_94.jpg,1600,1200,train,6,6,0.9945
n02979186__n02979186_18283.jpg,178,250,train,2,2,0.9586
n03028079__n03028079_2895.jpg,503,600,train,4,4,0.9994
n03000684__ILSVRC2012_val_00041057.jpg,500,375,train,3,3,0.9994
n02979186__n02979186_15085.jpg,477,500,train,2,2,0.9968
n03888257__n03888257_28525.jpg,500,334,train,9,9,0.999
n03028079__n03028079_10219.jpg,386,500,train,4,4,0.9958
n03000684__n03000684_34938.jpg,500,375,train,3,3,0.9958
n03425413__n03425413_20618.jpg,500,375,train,7,7,1.0
n02102040__n02102040_4053.jpg,333,500,train,1,1,1.0
n03425413__n03425413_10844.jpg,1105,798,train,7,7,0.9957
n03888257__n03888257_5653.jpg,500,337,train,9,9,0.9996
n02102040__n02102040_6473.jpg,500,333,train,1,1,1.0
n03417042__n03417042_19585.jpg,500,375,train,6,6,0.9999
n03000684__n03000684_13605.jpg,500,375,train,3,1,0.353
n03028079__n03028079_15539.jpg,500,379,train,4,4,0.9981
n03425413__n03425413_3493.jpg,431,666,train,7,7,0.9999
n03000684__n03000684_1326.jpg,240,180,train,3,3,1.0
n03394916__ILSVRC2012_val_00022204.jpg,500,375,train,5,5,0.9994
n03000684__n03000684_1305.jpg,572,287,train,3,3,1.0
n01440764__n01440764_6159.jpg,800,600,train,0,0,1.0
n03000684__n03000684_3398.jpg,125,76,train,3,3,0.9998
n03888257__n03888257_42133.jpg,500,333,train,9,9,1.0
n03028079__n03028079_71737.jpg,362,500,train,4,4,0.998
n03000684__ILSVRC2012_val_00026573.jpg,331,500,train,3,3,0.9178
n03417042__ILSVRC2012_val_00025416.jpg,500,375,train,6,6,0.9996
n02102040__n02102040_5376.jpg,500,333,train,1,1,0.99
n01440764__n01440764_7746.jpg,300,237,train,0,0,1.0
n03425413__n03425413_17679.jpg,375,500,train,7,7,0.9893
n03417042__n03417042_26865.jpg,500,375,train,6,6,0.9999
n03394916__n03394916_14327.jpg,600,335,train,5,5,1.0
n03417042__n03417042_27017.jpg,500,308,train,6,6,0.9754
n03425413__n03425413_18006.jpg,500,375,train,7,7,0.9345
n03888257__n03888257_31203.jpg,500,368,train,9,9,0.9998
n02979186__n02979186_869.jpg,200,150,train,2,2,0.9958
n01440764__n01440764_13974.jpg,450,370,train,0,0,1.0
n03417042__n03417042_16238.jpg,500,331,train,6,6,1.0
n03028079__n03028079_26887.jpg,375,500,train,4,4,0.9999
n03417042__n03417042_26939.jpg,375,500,train,6,6,0.7653
n03888257__n03888257_72425.jpg,500,333,train,9,9,0.9931
n03888257__n03888257_7637.jpg,333,500,train,9,9,0.9972
n03425413__n03425413_16426.jpg,500,375,train,7,7,0.9689
n03425413__n03425413_10143.jpg,1024,768,train,7,7,0.9996
n02102040__ILSVRC2012_val_00021016.jpg,500,375,train,1,1,1.0
n02979186__n02979186_2826.jpg,500,375,train,2,2,0.9993
n03888257__n03888257_548.jpg,500,333,train,9,9,0.9997
n03394916__n03394916_37809.jpg,375,500,train,5,5,1.0
n03888257__n03888257_22687.jpg,640,480,train,9,9,0.9881
n01440764__n01440764_14249.jpg,779,561,train,0,0,1.0
n02102040__n02102040_2999.jpg,500,333,train,1,1,0.9998
n02102040__n02102040_335.jpg,333,500,train,1,1,1.0
n03417042__n03417042_8297.jpg,500,359,train,6,6,0.9999
n03417042__n03417042_11037.jpg,462,320,train,6,6,1.0
n03000684__n03000684_36047.jpg,500,375,train,3,3,0.984
n03888257__n03888257_33818.jpg,500,333,train,9,9,0.9998
n03888257__n03888257_56335.jpg,344,500,train,9,9,0.9986
n02979186__n02979186_10598.jpg,442,362,train,2,2,0.9999
n03888257__n03888257_65516.jpg,333,500,train,9,9,0.9757
n03425413__n03425413_8545.jpg,400,758,train,7,7,0.9872
n02979186__n02979186_14793.jpg,500,334,train,2,2,0.9082
n02102040__n02102040_4337.jpg,500,341,train,1,1,0.9995
n03394916__n03394916_43997.jpg,500,333,train,5,5,0.9999
n03888257__n03888257_13075.jpg,500,375,train,9,9,0.995
n02979186__n02979186_10933.jpg,305,243,train,2,2,0.9992
n03028079__n03028079_1075.jpg,540,847,train,4,4,0.9999
n03417042__n03417042_11558.jpg,500,375,train,6,6,1.0
n03000684__ILSVRC2012_val_00025063.jpg,500,375,train,3,3,0.9998
n03000684__n03000684_28655.jpg,500,375,train,3,3,0.9793
n03888257__n03888257_2033.jpg,500,332,train,9,9,0.9997
n03028079__n03028079_2883.jpg,500,335,train,4,4,0.9999
n03445777__n03445777_14278.jpg,600,600,train,8,8,1.0
n03394916__n03394916_1633.jpg,388,587,train,5,5,0.9896
n02979186__ILSVRC2012_val_00016648.jpg,600,532,train,2,2,0.9864
n03417042__n03417042_15534.jpg,500,375,train,6,6,1.0
n03888257__n03888257_2539.jpg,800,533,train,9,9,1.0
n02979186__n02979186_5906.jpg,333,500,train,2,2,0.3036
n03888257__ILSVRC2012_val_00017919.jpg,437,500,train,9,9,0.9791
n02102040__n02102040_1336.jpg,500,333,train,1,1,1.0
n03425413__n03425413_13384.jpg,375,500,train,7,7,0.9999
n03028079__n03028079_44856.jpg,357,500,train,4,4,0.9999
n01440764__n01440764_14855.jpg,640,480,train,0,0,1.0
n03394916__n03394916_42453.jpg,500,375,train,5,5,0.9993
n02102040__n02102040_7836.jpg,500,403,train,1,1,1.0
n02979186__n02979186_24044.jpg,307,136,train,2,2,0.9842
n03417042__n03417042_3005.jpg,500,395,train,6,6,0.9995
n03000684__n03000684_507.jpg,525,700,train,3,3,0.9999
n03445777__n03445777_2463.jpg,500,500,train,8,8,1.0
n01440764__n01440764_739.jpg,500,333,train,0,0,1.0
n02979186__n02979186_21256.jpg,90,90,train,2,2,0.7778
n03888257__n03888257_457.jpg,500,406,train,9,9,0.9992
n02102040__ILSVRC2012_val_00014125.jpg,375,500,train,1,1,1.0
n02979186__n02979186_1516.jpg,199,180,train,2,2,0.9961
n03000684__n03000684_10899.jpg,400,300,train,3,3,0.9966
n03888257__n03888257_16077.jpg,500,333,train,9,9,0.9885
n03425413__n03425413_7848.jpg,376,500,train,7,7,0.9965
n03394916__n03394916_43617.jpg,500,375,train,5,5,0.9964
n03417042__n03417042_6815.jpg,500,281,train,6,6,0.9964
n03000684__n03000684_4155.jpg,686,224,train,3,3,0.9958
n02102040__n02102040_1963.jpg,500,333,train,1,1,0.9977
n03028079__n03028079_14454.jpg,375,500,train,4,4,1.0
n03394916__n03394916_34625.jpg,384,500,train,5,5,0.9997
n01440764__n01440764_6543.jpg,400,300,train,0,0,1.0
n03417042__n03417042_9967.jpg,500,327,train,6,6,0.9999
n02979186__n02979186_9415.jpg,500,375,train,2,2,0.9962
n02979186__ILSVRC2012_val_00007226.jpg,500,375,train,2,2,0.9998
n03000684__n03000684_14354.jpg,500,375,train,3,3,0.9999
n01440764__ILSVRC2012_val_00009346.jpg,500,375,train,0,0,0.9991
n03000684__n03000684_5605.jpg,333,500,train,3,3,0.9956
n03445777__n03445777_768.jpg,500,375,train,8,8,1.0
n03417042__n03417042_6489.jpg,382,284,train,6,6,0.9998
n03028079__n03028079_20038.jpg,500,375,train,4,4,0.9996
n01440764__n01440764_4377.jpg,500,375,train,0,0,1.0
n02979186__n02979186_26283.jpg,177,150,train,2,2,0.9907
n01440764__n01440764_5946.jpg,500,375,train,0,0,0.9925
n03000684__n03000684_5868.jpg,500,274,train,3,3,0.9131
n03888257__n03888257_33789.jpg,500,315,train,9,9,0.9963
n03028079__n03028079_96866.jpg,500,354,train,4,4,0.9999
n03394916__ILSVRC2012_val_00017407.jpg,335,500,train,5,5,0.9979
n03888257__n03888257_2327.jpg,500,339,train,9,9,0.9998
n03028079__n03028079_744.jpg,375,500,train,4,4,1.0
n03445777__n03445777_6489.jpg,240,320,train,8,8,0.9999
n03425413__n03425413_16749.jpg,180,500,train,7,7,0.9693
n03028079__n03028079_8599.jpg,500,357,train,4,4,0.9991
n03000684__n03000684_9308.jpg,500,375,train,3,3,0.9992
n03445777__n03445777_7228.jpg,540,540,train,8,8,1.0
n03888257__n03888257_12753.jpg,590,400,train,9,9,0.9975
n03445777__n03445777_20726.jpg,500,375,train,8,8,0.9996
n03028079__n03028079_18335.jpg,500,385,train,4,4,0.9995
n03417042__n03417042_15003.jpg,450,299,train,6,6,0.9994
n03425413__n03425413_19499.jpg,375,500,train,7,7,0.7037
n03888257__n03888257_71988.jpg,500,333,train,9,9,0.9998
n02979186__n02979186_8889.jpg,500,500,train,2,2,0.9999
n01440764__n01440764_5623.jpg,500,375,train,0,0,1.0
n03888257__n03888257_33204.jpg,326,500,train,9,9,0.9999
n03888257__n03888257_32703.jpg,333,500,train,9,9,0.966
n01440764__n01440764_14489.jpg,500,333,train,0,0,1.0
n01440764__n01440764_7647.jpg,500,375,train,0,0,0.9999
n03394916__ILSVRC2012_val_00028399.jpg,500,472,train,5,5,0.9998
n01440764__n01440764_6163.jpg,586,382,train,0,0,0.8952
n02979186__n02979186_745.jpg,309,400,train,2,2,0.9954
n01440764__n01440764_3199.jpg,288,320,train,0,0,1.0
n03888257__n03888257_43178.jpg,500,361,train,9,9,0.9999
n02979186__ILSVRC2012_val_00037988.jpg,500,375,train,2,2,0.9999
n03417042__n03417042_2236.jpg,613,511,train,6,6,0.9989
n02102040__n02102040_8287.jpg,500,375,train,1,1,1.0
n02102040__n02102040_5.jpg,500,375,train,1,1,1.0
n02102040__n02102040_7659.jpg,500,333,train,1,1,1.0
n02979186__n02979186_8558.jpg,600,600,train,2,2,0.9996
n02102040__n02102040_6513.jpg,500,376,train,1,1,1.0
n03888257__n03888257_66357.jpg,357,500,train,9,9,0.9997
n02102040__n02102040_5627.jpg,350,257,train,1,1,1.0
n03425413__n03425413_16516.jpg,375,500,train,7,7,0.9999
n03000684__n03000684_917.jpg,333,500,train,3,3,0.9998
n03028079__n03028079_9125.jpg,500,375,train,4,4,0.9999
n03445777__n03445777_14789.jpg,500,334,train,8,8,0.9999
n03028079__n03028079_6719.jpg,347,500,train,4,4,0.9998
n02102040__n02102040_574.jpg,500,375,train,1,1,1.0
n03425413__n03425413_503.jpg,419,500,train,7,7,0.9919
n01440764__n01440764_8363.jpg,640,480,train,0,0,1.0
n03425413__n03425413_29349.jpg,375,500,train,7,7,0.9999
n03888257__n03888257_36278.jpg,500,334,train,9,9,0.9999
n02102040__n02102040_2107.jpg,500,375,train,1,1,0.9992
n03888257__n03888257_27166.jpg,800,640,train,9,9,1.0
n03425413__n03425413_12685.jpg,500,401,train,7,7,0.9964
n03417042__n03417042_13243.jpg,526,389,train,6,6,1.0
n03417042__ILSVRC2012_val_00043909.jpg,500,375,train,6,6,0.9998
n02102040__n02102040_7494.jpg,500,334,train,1,1,1.0
n03445777__n03445777_7524.jpg,500,375,train,8,8,0.9991
n03425413__n03425413_15064.jpg,375,500,train,7,7,0.9998
n02102040__n02102040_7627.jpg,500,375,train,1,1,0.9999
n02979186__n02979186_10095.jpg,375,500,train,2,2,0.995
n02979186__n02979186_966.jpg,350,284,train,2,2,0.9224
n03000684__n03000684_29558.jpg,500,500,train,3,3,0.8593
n02102040__ILSVRC2012_val_00027918.jpg,500,375,train,1,1,1.0
n03028079__n03028079_17175.jpg,500,377,train,4,4,0.9996
n02102040__n02102040_1016.jpg,481,500,train,1,1,0.9961
n02979186__n02979186_657.jpg,146,206,train,2,2,0.9941
n03888257__n03888257_30875.jpg,500,333,train,9,9,0.9622
n03028079__n03028079_14773.jpg,700,525,train,4,4,0.9999
n01440764__n01440764_5647.jpg,500,375,train,0,0,1.0
n02102040__n02102040_5658.jpg,500,416,train,1,1,0.9999
n02102040__n02102040_4147.jpg,357,500,train,1,1,1.0
n03394916__n03394916_16328.jpg,500,333,train,5,5,0.9857
n03888257__n03888257_25223.jpg,500,333,train,9,9,0.9997
n03445777__n03445777_4367.jpg,460,276,train,8,8,0.9996
n03000684__n03000684_948.jpg,150,174,train,3,3,0.9961
n02979186__n02979186_633.jpg,300,223,train,2,2,0.9954
n02102040__n02102040_4838.jpg,375,500,train,1,1,0.9999
n02102040__ILSVRC2012_val_00040546.jpg,413,500,train,1,1,1.0
n03445777__n03445777_7645.jpg,500,375,train,8,8,1.0
n01440764__n01440764_9595.jpg,500,375,train,0,0,1.0
n03445777__n03445777_748.jpg,245,160,train,8,8,0.9997
n03425413__n03425413_9877.jpg,727,494,train,7,7,0.9997
n03000684__n03000684_5243.jpg,500,375,train,3,3,0.9948
n03000684__n03000684_3256.jpg,500,370,train,3,3,0.9996
n02979186__n02979186_2607.jpg,500,375,train,2,2,0.9999
n02979186__n02979186_5396.jpg,250,300,train,2,2,0.9855
n02102040__n02102040_1539.jpg,500,377,train,1,1,0.9991
n03445777__n03445777_10678.jpg,231,155,train,8,8,0.9979
n03417042__n03417042_10318.jpg,500,375,train,6,6,1.0
n03888257__n03888257_556.jpg,460,342,train,9,9,0.9945
n02979186__n02979186_5807.jpg,640,480,train,2,2,0.9997
n03445777__n03445777_11347.jpg,199,300,train,8,8,0.9993
n03000684__n03000684_634.jpg,400,252,train,3,3,1.0
n03888257__n03888257_30394.jpg,500,333,train,9,9,0.9996
n03028079__n03028079_5033.jpg,500,375,train,4,4,0.9999
n02102040__n02102040_7408.jpg,500,375,train,1,1,1.0
n03888257__n03888257_1675.jpg,500,372,train,9,9,0.9987
n03394916__n03394916_28107.jpg,500,500,train,5,5,0.4436
n03000684__n03000684_23193.jpg,375,500,train,3,3,0.9996
n03425413__n03425413_20168.jpg,375,500,train,7,7,0.9992
n03425413__n03425413_15345.jpg,500,375,train,7,7,0.9997
n03000684__n03000684_9976.jpg,500,375,train,3,3,0.9987
n03445777__n03445777_16228.jpg,250,187,train,8,8,0.9996
n03425413__n03425413_11245.jpg,311,633,train,7,3,0.6128
n02102040__n02102040_7804.jpg,500,354,train,1,1,0.9998
n03445777__n03445777_10254.jpg,375,500,train,8,8,0.9747
n03394916__n03394916_49307.jpg,500,375,train,5,5,1.0
n03445777__n03445777_9118.jpg,500,334,train,8,8,1.0
n03888257__n03888257_27939.jpg,1944,2896,train,9,9,0.9985
n02102040__n02102040_43.jpg,375,595,train,1,1,0.9999
n03888257__n03888257_42718.jpg,500,333,train,9,9,0.9998
n02102040__n02102040_6866.jpg,186,150,train,1,1,0.9988
n03028079__n03028079_19245.jpg,500,375,train,4,4,0.9998
n03417042__n03417042_12096.jpg,500,369,train,6,6,0.9998
n02102040__n02102040_5849.jpg,500,400,train,1,1,1.0
n03445777__n03445777_6539.jpg,226,190,train,8,8,0.9999
n03417042__n03417042_26816.jpg,500,375,train,6,6,1.0
n03445777__n03445777_10515.jpg,375,500,train,8,8,0.9998
n03425413__n03425413_14353.jpg,500,334,train,7,7,0.9998
n03394916__n03394916_54636.jpg,2848,2134,train,5,5,0.9996
n01440764__n01440764_12255.jpg,226,169,train,0,0,1.0
n03888257__ILSVRC2012_val_00030583.jpg,406,500,train,9,9,0.9989
n03394916__n03394916_29106.jpg,334,500,train,5,5,0.471
n03888257__n03888257_14016.jpg,500,281,train,9,9,0.998
n03445777__n03445777_2468.jpg,429,415,train,8,8,0.9999
n02102040__n02102040_4076.jpg,500,333,train,1,1,1.0
n02979186__ILSVRC2012_val_00027735.jpg,600,281,train,2,2,1.0
n03888257__n03888257_17133.jpg,375,500,train,9,9,0.9998
n02979186__ILSVRC2012_val_00034395.jpg,280,280,train,2,2,0.9999
n03888257__n03888257_1797.jpg,333,500,train,9,9,0.9999
n01440764__n01440764_9855.jpg,800,701,train,0,0,1.0
n03394916__n03394916_28936.jpg,500,380,train,5,5,0.9999
n03888257__n03888257_11359.jpg,375,500,train,9,9,1.0
n03445777__n03445777_654.jpg,334,500,train,8,8,0.9997
n02979186__n02979186_20038.jpg,100,89,train,2,2,0.9944
n03028079__n03028079_56319.jpg,500,375,train,4,4,0.9998
n03888257__n03888257_10568.jpg,500,375,train,9,9,0.4934
n03425413__n03425413_18589.jpg,500,333,train,7,7,0.9999
n02102040__n02102040_7596.jpg,500,375,train,1,1,1.0
n02102040__n02102040_2784.jpg,290,375,train,1,1,1.0
n03425413__n03425413_30164.jpg,500,375,train,7,7,0.9992
n03028079__n03028079_26579.jpg,336,500,train,4,4,0.9999
n02979186__n02979186_7627.jpg,250,250,train,2,2,0.9998
n03394916__n03394916_48797.jpg,711,533,train,5,5,0.9999
n03888257__n03888257_30668.jpg,500,332,train,9,9,1.0
n02979186__n02979186_5834.jpg,216,162,train,2,2,0.9999
n03888257__n03888257_20245.jpg,500,375,train,9,9,0.9846
n01440764__n01440764_2144.jpg,500,331,train,0,0,1.0
n03425413__n03425413_27486.jpg,333,500,train,7,7,0.9998
n03000684__n03000684_398.jpg,500,375,train,3,3,0.9995
n03028079__n03028079_118756.jpg,500,340,train,4,4,0.9997
n02979186__n02979186_2083.jpg,500,375,train,2,2,1.0
n03425413__n03425413_21106.jpg,375,500,train,7,2,0.4688
n02102040__n02102040_844.jpg,500,375,train,1,1,0.9756
n02102040__n02102040_567.jpg,500,333,train,1,1,0.9975
n03425413__n03425413_2094.jpg,400,533,train,7,7,0.9972
n03417042__n03417042_5228.jpg,1600,1200,train,6,6,0.9999
n02102040__n02102040_3026.jpg,500,375,train,1,1,0.9998
n02102040__n02102040_4913.jpg,500,333,train,1,1,1.0
n02102040__n02102040_6894.jpg,500,375,train,1,1,0.9992
n03394916__n03394916_39096.jpg,447,500,train,5,5,0.9991
n03888257__n03888257_10775.jpg,600,400,train,9,9,0.7321
n03425413__n03425413_21058.jpg,500,375,train,7,7,0.9998
n03394916__n03394916_30289.jpg,333,500,train,5,5,0.8227
n03417042__n03417042_22196.jpg,500,375,train,6,6,0.9988
n03028079__n03028079_7797.jpg,562,420,train,4,4,0.9998
n03000684__n03000684_1483.jpg,500,375,train,3,3,0.9993
n03000684__n03000684_4636.jpg,500,332,train,3,3,0.8793
n03028079__n03028079_5153.jpg,434,500,train,4,4,0.9991
n03394916__n03394916_52498.jpg,1200,760,train,5,5,0.9998
n02979186__n02979186_11197.jpg,105,81,train,2,2,0.9998
n03888257__n03888257_37239.jpg,400,459,train,9,9,0.9995
n03000684__n03000684_5784.jpg,500,335,train,3,3,0.9999
n01440764__n01440764_9914.jpg,500,236,train,0,0,0.9999
n03028079__n03028079_5035.jpg,500,333,train,4,4,0.9998
n01440764__n01440764_12208.jpg,400,300,train,0,0,1.0
n03028079__n03028079_30564.jpg,500,372,train,4,4,0.9994
n03425413__n03425413_14994.jpg,260,500,train,7,7,1.0
n01440764__n01440764_8394.jpg,250,167,train,0,0,1.0
n03028079__n03028079_73897.jpg,500,388,train,4,4,0.9999
n02102040__n02102040_1639.jpg,375,500,train,1,1,1.0
n02979186__n02979186_18276.jpg,90,90,train,2,2,0.9887
n03000684__ILSVRC2012_val_00048335.jpg,500,375,train,3,3,0.9999
n03000684__n03000684_7853.jpg,360,233,train,3,3,0.996
n03417042__n03417042_7225.jpg,448,336,train,6,6,0.9971
n03888257__n03888257_8338.jpg,500,375,train,9,9,0.9972
n03417042__n03417042_4288.jpg,1024,768,train,6,6,0.9977
n02102040__n02102040_8025.jpg,500,311,train,1,1,0.9998
n03445777__ILSVRC2012_val_00023215.jpg,1600,1200,train,8,8,0.9998
n03000684__n03000684_18335.jpg,266,180,train,3,3,0.9443
n01440764__n01440764_5366.jpg,800,683,train,0,0,1.0
n02102040__n02102040_2455.jpg,864,1492,train,1,1,0.9709
n02979186__n02979186_11859.jpg,500,346,train,2,2,1.0
n03394916__n03394916_36494.jpg,375,500,train,5,5,0.9979
n03417042__n03417042_4939.jpg,464,293,train,6,6,0.9991
n03425413__n03425413_14144.jpg,500,375,train,7,7,0.995
n03028079__n03028079_1227.jpg,500,399,train,4,4,0.9998
n03000684__n03000684_16448.jpg,500,333,train,3,3,0.9981
n03394916__n03394916_32568.jpg,375,500,train,5,5,1.0
n02102040__n02102040_5156.jpg,476,635,train,1,1,1.0
n03888257__n03888257_38818.jpg,500,334,train,9,9,0.9999
n03417042__n03417042_19847.jpg,320,240,train,6,6,0.9994
n03888257__n03888257_817.jpg,170,204,train,9,9,1.0
n03425413__ILSVRC2012_val_00002049.jpg,500,375,train,7,7,1.0
n03445777__n03445777_487.jpg,500,333,train,8,8,0.9999
n03425413__n03425413_16975.jpg,500,358,train,7,7,0.9999
n03000684__n03000684_1315.jpg,500,333,train,3,6,0.4182
n03445777__n03445777_5159.jpg,346,346,train,8,8,1.0
n03394916__n03394916_4473.jpg,500,375,train,5,5,0.9998
n03888257__n03888257_30987.jpg,335,500,train,9,9,0.9992
n03888257__n03888257_74308.jpg,500,333,train,9,9,1.0
n03000684__n03000684_27173.jpg,320,240,train,3,3,0.9968
n03445777__n03445777_16036.jpg,375,281,train,8,8,0.9999
n03417042__n03417042_6358.jpg,500,375,train,6,6,1.0
n01440764__n01440764_13116.jpg,500,375,train,0,0,0.9999
n03417042__n03417042_518.jpg,500,375,train,6,6,1.0
n03425413__n03425413_1769.jpg,216,332,train,7,7,0.9991
n01440764__n01440764_3724.jpg,1536,1024,train,0,0,1.0
n03417042__n03417042_4258.jpg,500,333,train,6,6,0.9581
n03028079__n03028079_30858.jpg,500,350,train,4,4,0.9997
n03000684__n03000684_8345.jpg,500,375,train,3,3,0.9836
n01440764__ILSVRC2012_val_00046499.jpg,500,375,train,0,0,1.0
n03888257__n03888257_11845.jpg,500,375,train,9,9,0.9997
n03425413__n03425413_554.jpg,375,500,train,7,7,0.9949
n03888257__n03888257_22545.jpg,500,351,train,9,9,0.9735
n03417042__n03417042_15196.jpg,500,375,train,6,6,1.0
n03028079__n03028079_31979.jpg,335,500,train,4,4,0.9993
n03445777__n03445777_11643.jpg,440,305,train,8,8,0.9995
n03417042__n03417042_6504.jpg,500,375,train,6,6,0.9999
n01440764__n01440764_13935.jpg,600,480,train,0,0,1.0
n02102040__ILSVRC2012_val_00000665.jpg,500,334,train,1,1,0.9999
n03445777__n03445777_2564.jpg,290,500,train,8,8,1.0
n02102040__n02102040_2358.jpg,375,500,train,1,1,0.9994
n03425413__n03425413_2953.jpg,500,375,train,7,7,0.9877
n03394916__n03394916_53963.jpg,500,500,train,5,5,0.9997
n03000684__n03000684_11528.jpg,350,182,train,3,3,1.0
n01440764__n01440764_13208.jpg,400,300,train,0,0,0.9999
n03000684__n03000684_644.jpg,500,375,train,3,3,0.999
n02979186__n02979186_6474.jpg,500,400,train,2,2,1.0
n03417042__n03417042_28519.jpg,500,375,train,6,6,1.0
n02979186__n02979186_14709.jpg,500,500,train,2,2,0.9944
n03394916__n03394916_51075.jpg,773,1162,train,5,5,1.0
n03394916__n03394916_60388.jpg,773,1162,train,5,5,1.0
n03445777__ILSVRC2012_val_00031744.jpg,500,333,train,8,8,1.0
n03445777__n03445777_5566.jpg,235,230,train,8,8,0.9985
n03000684__n03000684_548.jpg,500,375,train,3,3,0.8777
n03417042__n03417042_21205.jpg,500,375,train,6,6,0.9999
n03394916__n03394916_35475.jpg,335,500,train,5,5,0.998
n03394916__n03394916_36449.jpg,500,387,train,5,5,0.9752
n03888257__n03888257_10495.jpg,500,333,train,9,9,0.9939
n03425413__n03425413_21435.jpg,500,325,train,7,7,0.9999
n03445777__n03445777_2086.jpg,500,361,train,8,8,0.9998
n03445777__n03445777_8004.jpg,500,333,train,8,8,0.9999
n01440764__n01440764_9779.jpg,335,500,train,0,0,0.9999
n03445777__n03445777_3229.jpg,114,226,train,8,8,0.9994
n03445777__n03445777_13093.jpg,500,184,train,8,8,0.9992
n03394916__n03394916_69236.jpg,500,375,train,5,5,0.9801
n03028079__n03028079_28727.jpg,500,334,train,4,4,0.9999
n01440764__ILSVRC2012_val_00003014.jpg,500,375,train,0,0,1.0
n01440764__n01440764_1778.jpg,500,408,train,0,0,1.0
n01440764__n01440764_9093.jpg,600,568,train,0,0,1.0
n03000684__n03000684_9029.jpg,240,227,train,3,3,0.8921
n01440764__n01440764_9178.jpg,260,195,train,0,0,1.0
n03417042__n03417042_3308.jpg,339,500,train,6,6,0.9999
n03000684__n03000684_6986.jpg,500,375,train,3,3,0.889
n03028079__n03028079_28558.jpg,500,384,train,4,4,0.9995
n03888257__n03888257_3093.jpg,335,500,train,9,9,0.9999
n02979186__n02979186_577.jpg,277,208,train,2,8,0.3492
n03417042__n03417042_7997.jpg,373,500,train,6,6,0.9999
n03417042__n03417042_15078.jpg,548,370,train,6,6,0.999
n01440764__n01440764_10744.jpg,500,309,train,0,0,0.9717
n03888257__n03888257_22115.jpg,500,376,train,9,9,0.9999
n03394916__n03394916_43924.jpg,500,375,train,5,5,0.9999
n01440764__n01440764_3417.jpg,250,187,train,0,0,1.0
n03417042__n03417042_12906.jpg,500,375,train,6,6,0.9988
n03888257__n03888257_16403.jpg,1152,768,train,9,9,0.9999
n02102040__n02102040_809.jpg,450,500,train,1,1,1.0
n03425413__n03425413_88.jpg,1900,1266,train,7,7,0.9988
n03888257__n03888257_5599.jpg,500,375,train,9,9,1.0
n03445777__n03445777_7154.jpg,500,375,train,8,8,0.9997
n03888257__n03888257_13896.jpg,500,332,train,9,9,0.9992
n01440764__n01440764_2675.jpg,500,375,train,0,0,1.0
n03445777__n03445777_17445.jpg,375,500,train,8,8,0.9999
n01440764__n01440764_22773.jpg,500,375,train,0,0,1.0
n03425413__ILSVRC2012_val_00009279.jpg,375,500,train,7,7,0.9997
n03417042__n03417042_11136.jpg,400,282,train,6,6,0.9981
n03417042__n03417042_11515.jpg,500,375,train,6,6,0.9897
n03425413__n03425413_15944.jpg,500,333,train,7,7,0.9984
n02979186__n02979186_21453.jpg,90,90,train,2,2,0.9953
n03445777__n03445777_1855.jpg,500,440,train,8,8,1.0
n03888257__n03888257_15527.jpg,332,500,train,9,9,1.0
n03425413__n03425413_19944.jpg,380,500,train,7,7,0.9997
n03394916__n03394916_43837.jpg,400,500,train,5,5,1.0
n03394916__n03394916_46985.jpg,333,500,train,5,5,0.9996
n03445777__n03445777_3836.jpg,187,153,train,8,8,0.9963
n03445777__n03445777_3817.jpg,320,240,train,8,8,0.9957
n03417042__n03417042_5307.jpg,375,500,train,6,6,1.0
n03000684__n03000684_25406.jpg,325,500,train,3,3,0.6707
n03445777__n03445777_6785.jpg,500,338,train,8,8,1.0
n03888257__n03888257_1685.jpg,333,500,train,9,9,0.9996
n03417042__n03417042_12626.jpg,412,422,train,6,6,0.9979
n03394916__n03394916_28977.jpg,500,375,train,5,5,0.4609
n01440764__n01440764_6044.jpg,604,495,train,0,0,1.0
n03888257__n03888257_15234.jpg,500,333,train,9,9,0.9931
n03000684__n03000684_35405.jpg,500,375,train,3,3,0.9589
n03425413__n03425413_10496.jpg,375,500,train,7,7,0.9998
n02102040__n02102040_989.jpg,500,333,train,1,1,0.9896
n03394916__n03394916_40833.jpg,500,375,train,5,5,1.0
n03394916__n03394916_28938.jpg,500,500,train,5,5,0.9973
n03425413__n03425413_11356.jpg,500,446,train,7,7,0.9999
n02979186__n02979186_9873.jpg,500,375,train,2,2,1.0
n03425413__n03425413_14539.jpg,500,400,train,7,7,0.9841
n03425413__n03425413_1985.jpg,375,500,train,7,7,0.9913
n02102040__n02102040_6935.jpg,376,500,train,1,1,1.0
n02102040__n02102040_7744.jpg,448,336,train,1,1,0.998
n03028079__n03028079_16707.jpg,500,371,train,4,4,0.9999
n01440764__n01440764_7807.jpg,280,373,train,0,0,1.0
n03000684__n03000684_1618.jpg,500,375,train,3,3,0.9994
n03000684__n03000684_7583.jpg,300,222,train,3,3,1.0
n02979186__n02979186_18803.jpg,200,200,train,2,2,0.9995
n03028079__n03028079_33468.jpg,332,500,train,4,4,0.9918
n03000684__n03000684_856.jpg,334,500,train,3,3,0.9999
n01440764__n01440764_2563.jpg,500,374,train,0,0,1.0
n03394916__n03394916_13278.jpg,432,650,train,5,5,0.9997
n03417042__n03417042_16389.jpg,500,375,train,6,6,1.0
n03888257__n03888257_8439.jpg,500,303,train,9,9,0.9997
n03394916__ILSVRC2012_val_00013915.jpg,500,375,train,5,5,1.0
n03888257__n03888257_38563.jpg,500,312,train,9,9,0.9985
n01440764__n01440764_10124.jpg,200,150,train,0,0,1.0
n03028079__n03028079_5725.jpg,500,333,train,4,4,0.9989
n03028079__n03028079_7439.jpg,500,327,train,4,4,0.9986
n02979186__n02979186_10747.jpg,400,300,train,2,2,1.0
n01440764__n01440764_5295.jpg,500,492,train,0,0,1.0
n03394916__n03394916_60989.jpg,320,240,train,5,5,0.9916
n03425413__n03425413_21259.jpg,333,500,train,7,7,0.9503
n03417042__n03417042_18615.jpg,640,480,train,6,6,0.9993
n02102040__n02102040_1134.jpg,500,333,train,1,1,1.0
n02979186__n02979186_2127.jpg,500,333,train,2,2,0.9997
n03888257__n03888257_3704.jpg,333,500,train,9,9,0.9998
n03028079__n03028079_15618.jpg,500,334,train,4,4,0.9998
n03394916__n03394916_109.jpg,450,321,train,5,5,1.0
n03425413__n03425413_13353.jpg,500,375,train,7,7,0.9993
n03028079__n03028079_28537.jpg,500,375,train,4,4,0.9999
n01440764__n01440764_1514.jpg,392,181,train,0,0,1.0
n03028079__n03028079_10563.jpg,500,500,train,4,4,0.9994
n03445777__ILSVRC2012_val_00007755.jpg,500,333,train,8,8,1.0
n01440764__n01440764_11838.jpg,220,255,train,0,0,1.0
n02102040__n02102040_1325.jpg,500,375,train,1,1,0.9999
n03000684__n03000684_6493.jpg,500,375,train,3,3,0.9989
n03394916__ILSVRC2012_val_00041668.jpg,334,500,train,5,5,0.9998
n03445777__n03445777_15568.jpg,1280,720,train,8,8,0.9979
n03000684__n03000684_21023.jpg,333,500,train,3,3,0.9886
n03028079__n03028079_31324.jpg,500,375,train,4,4,0.9999
n03888257__n03888257_23923.jpg,500,333,train,9,9,0.9999
n03445777__n03445777_7634.jpg,500,375,train,8,8,0.9902
n03394916__n03394916_28073.jpg,336,500,train,5,5,1.0
n03445777__n03445777_9844.jpg,472,500,train,8,8,0.9997
n03394916__n03394916_52278.jpg,1162,773,train,5,5,1.0
n03445777__n03445777_4894.jpg,315,294,train,8,8,0.9999
n03445777__n03445777_9947.jpg,500,331,train,8,8,0.9999
n03417042__n03417042_13325.jpg,600,338,train,6,6,0.9995
n03425413__n03425413_16608.jpg,375,500,train,7,7,0.9976
n01440764__n01440764_8418.jpg,800,600,train,0,0,1.0
n03417042__n03417042_10126.jpg,1600,1200,train,6,6,0.9998
n03394916__n03394916_57583.jpg,640,479,train,5,5,1.0
n03425413__n03425413_356.jpg,409,500,train,7,7,0.9976
n03394916__n03394916_47385.jpg,375,500,train,5,5,1.0
n02102040__n02102040_7555.jpg,376,500,train,1,1,1.0
n03394916__n03394916_37189.jpg,500,332,train,5,5,1.0
n01440764__n01440764_6497.jpg,500,375,train,0,0,1.0
n03425413__n03425413_19113.jpg,369,500,train,7,7,0.9975
n03394916__n03394916_61329.jpg,773,1162,train,5,5,1.0
n03394916__n03394916_38103.jpg,363,500,train,5,4,0.558
n02102040__n02102040_5984.jpg,500,375,train,1,1,0.9997
n03425413__n03425413_9585.jpg,375,500,train,7,7,0.9997
n03425413__n03425413_15397.jpg,334,500,train,7,7,0.9999
n02979186__n02979186_268.jpg,400,266,train,2,2,0.9999
n01440764__n01440764_13766.jpg,500,334,train,0,0,1.0
n03000684__n03000684_9013.jpg,500,375,train,3,3,0.6505
n03425413__n03425413_13489.jpg,375,500,train,7,7,0.803
n01440764__n01440764_6248.jpg,355,500,train,0,0,0.9989
n03888257__n03888257_2714.jpg,333,500,train,9,9,0.9997
n02102040__n02102040_5194.jpg,376,500,train,1,1,1.0
n03417042__n03417042_20919.jpg,640,480,train,6,6,0.999
n03028079__n03028079_3446.jpg,500,375,train,4,4,0.9999
n03445777__n03445777_237.jpg,500,375,train,8,8,0.9998
n03417042__n03417042_29185.jpg,500,375,train,6,6,0.9486
n03000684__n03000684_16306.jpg,500,376,train,3,2,0.3742
n03028079__n03028079_2453.jpg,500,441,train,4,4,1.0
n03425413__n03425413_13309.jpg,500,375,train,7,7,0.9993
n03888257__n03888257_28095.jpg,500,334,train,9,9,0.9708
n03425413__n03425413_33308.jpg,500,377,train,7,7,0.999
n02102040__n02102040_3978.jpg,500,375,train,1,1,0.9998
n02102040__n02102040_7563.jpg,480,360,train,1,1,0.9994
n03888257__n03888257_1593.jpg,640,480,train,9,9,1.0
n02102040__n02102040_7595.jpg,923,1382,train,1,1,0.9999
n03888257__n03888257_11694.jpg,500,333,train,9,9,0.9999
n03445777__n03445777_7557.jpg,216,135,train,8,8,0.9946
n03028079__n03028079_9718.jpg,500,375,train,4,4,0.9988
n03028079__n03028079_6003.jpg,332,500,train,4,4,0.9991
n01440764__n01440764_5087.jpg,459,275,train,0,0,1.0
n02979186__n02979186_4476.jpg,541,389,train,2,2,0.9991
n03000684__n03000684_8368.jpg,159,150,train,3,3,1.0
n03445777__n03445777_8056.jpg,500,375,train,8,8,1.0
n03394916__n03394916_24024.jpg,500,333,train,5,5,0.9999
n03425413__n03425413_574.jpg,295,420,train,7,7,0.9998
n03028079__n03028079_1667.jpg,500,407,train,4,4,0.9995
n02102040__n02102040_828.jpg,500,334,train,1,1,1.0
n03425413__n03425413_11499.jpg,220,170,train,7,7,0.9818
n03425413__n03425413_7884.jpg,375,500,train,7,7,0.9982
n01440764__n01440764_10569.jpg,355,168,train,0,0,1.0
n03425413__n03425413_7668.jpg,375,500,train,7,7,0.9643
n01440764__n01440764_12384.jpg,250,202,train,0,0,1.0
n03425413__n03425413_3834.jpg,377,500,train,7,7,0.9991
n02102040__n02102040_639.jpg,350,303,train,1,1,1.0
n01440764__n01440764_7889.jpg,580,523,train,0,0,0.9999
n03000684__n03000684_6606.jpg,375,500,train,3,3,0.987
n03425413__n03425413_16189.jpg,306,500,train,7,7,0.9928
n03417042__n03417042_2386.jpg,500,375,train,6,6,0.9998
n02102040__n02102040_3837.jpg,500,333,train,1,1,1.0
n03000684__n03000684_22586.jpg,500,375,train,3,3,0.9999
n01440764__n01440764_1869.jpg,400,300,train,0,0,0.9924
n02102040__n02102040_1519.jpg,500,452,train,1,1,1.0
n03028079__n03028079_17503.jpg,500,374,train,4,4,0.9998
n02102040__n02102040_2474.jpg,500,375,train,1,1,1.0
n02102040__n02102040_738.jpg,500,375,train,1,1,1.0
n03028079__n03028079_24838.jpg,390,500,train,4,4,0.9998
n03394916__n03394916_22455.jpg,350,467,train,5,5,0.9988
n01440764__n01440764_23379.jpg,431,287,train,0,0,0.9999
n03000684__n03000684_9978.jpg,170,128,train,3,3,0.9997
n02102040__n02102040_217.jpg,333,500,train,1,1,0.9983
n02979186__n02979186_4935.jpg,149,90,train,2,2,0.9998
n03417042__n03417042_14753.jpg,640,480,train,6,6,0.9891
n03417042__n03417042_3104.jpg,500,375,train,6,6,0.9984
n03000684__n03000684_22628.jpg,500,375,train,3,3,0.819
n03028079__n03028079_72239.jpg,500,347,train,4,4,0.9989
n02102040__n02102040_899.jpg,386,500,train,1,1,0.9996
n03888257__n03888257_2919.jpg,500,333,train,9,9,0.9998
n03417042__n03417042_8478.jpg,1600,1200,train,6,6,1.0
n03425413__n03425413_2055.jpg,500,375,train,7,7,0.9986
n03888257__n03888257_22096.jpg,450,350,train,9,9,1.0
n03028079__n03028079_9228.jpg,500,375,train,4,4,0.9999
n02979186__n02979186_15335.jpg,500,334,train,2,2,0.7931
n03445777__n03445777_5336.jpg,181,176,train,8,2,0.4681
n03000684__n03000684_21566.jpg,332,500,train,3,3,0.9995
n03028079__n03028079_15653.jpg,375,500,train,4,4,0.9995
n01440764__n01440764_2385.jpg,678,448,train,0,0,0.9998
n03425413__n03425413_12909.jpg,500,457,train,7,7,0.9445
n03394916__n03394916_40934.jpg,500,375,train,5,5,1.0
n03888257__n03888257_29223.jpg,500,379,train,9,9,0.9998
n03888257__n03888257_21399.jpg,500,357,train,9,9,1.0
n03417042__n03417042_4349.jpg,896,528,train,6,6,0.9999
n03445777__n03445777_16203.jpg,500,375,train,8,8,1.0
n02102040__n02102040_1269.jpg,500,333,train,1,1,0.9875
n03394916__n03394916_13007.jpg,640,480,train,5,5,1.0
n03394916__n03394916_28608.jpg,335,500,train,5,5,0.9971
n01440764__n01440764_3368.jpg,500,375,train,0,0,1.0
n03445777__n03445777_6908.jpg,333,500,train,8,8,0.9999
n02102040__n02102040_3103.jpg,400,262,train,1,1,1.0
n03028079__n03028079_9386.jpg,464,500,train,4,4,0.9995
n03888257__n03888257_7004.jpg,500,333,train,9,9,0.9999
n02102040__n02102040_7928.jpg,500,334,train,1,1,1.0
n01440764__n01440764_11346.jpg,580,515,train,0,0,1.0
n03394916__n03394916_6867.jpg,500,333,train,5,5,1.0
n03417042__n03417042_1015.jpg,875,658,train,6,6,0.9967
n03445777__n03445777_3788.jpg,500,375,train,8,8,0.9994
n03000684__n03000684_32586.jpg,147,114,train,3,3,0.998
n02979186__n02979186_21154.jpg,400,385,train,2,2,0.9999
n03000684__n03000684_1139.jpg,500,373,train,3,3,0.998
n03888257__n03888257_17907.jpg,500,375,train,9,9,0.7097
n02979186__n02979186_1744.jpg,124,93,train,2,2,0.9995
n03394916__n03394916_1594.jpg,160,272,train,5,5,1.0
n03445777__n03445777_5117.jpg,500,334,train,8,8,0.9996
n03445777__n03445777_14496.jpg,500,375,train,8,8,1.0
n03445777__n03445777_5665.jpg,205,154,train,8,8,0.9949
n02979186__n02979186_25404.jpg,500,449,train,2,2,0.8071
n03394916__n03394916_42247.jpg,500,375,train,5,5,1.0
n02979186__n02979186_11156.jpg,1581,892,train,2,2,0.9999
n02979186__n02979186_2993.jpg,542,108,train,2,2,0.9541
n03028079__n03028079_16477.jpg,500,383,train,4,4,1.0
n03028079__n03028079_40617.jpg,500,354,train,4,4,0.9996
n03445777__ILSVRC2012_val_00031954.jpg,333,500,train,8,8,0.7241
n01440764__n01440764_13654.jpg,200,257,train,0,0,1.0
n03445777__n03445777_5316.jpg,250,250,train,8,8,0.9929
n03445777__n03445777_16143.jpg,131,240,train,8,8,0.9999
n03445777__n03445777_1817.jpg,400,400,train,8,8,0.9999
n03445777__n03445777_3307.jpg,277,275,train,8,8,0.9974
n01440764__n01440764_8499.jpg,240,180,train,0,0,1.0
n03028079__n03028079_34175.jpg,325,500,train,4,4,0.999
n01440764__n01440764_2939.jpg,500,455,train,0,0,0.9999
n03000684__n03000684_14714.jpg,333,500,train,3,2,0.4785
n03445777__n03445777_8266.jpg,500,375,train,8,8,1.0
n03000684__n03000684_14397.jpg,500,375,train,3,3,0.9747
n02102040__n02102040_617.jpg,500,334,train,1,1,0.9982
n02102040__n02102040_3793.jpg,500,375,train,1,1,1.0
n03000684__n03000684_6857.jpg,143,107,train,3,3,0.9809
n03394916__n03394916_40683.jpg,500,375,train,5,5,1.0
n03417042__n03417042_22297.jpg,500,375,train,6,6,1.0
n03000684__n03000684_807.jpg,243,107,train,3,3,0.9824
n03417042__n03417042_20123.jpg,800,533,train,6,6,1.0
n03888257__n03888257_61136.jpg,500,333,train,9,9,0.6397
n03417042__n03417042_7349.jpg,500,500,train,6,7,0.4493
n03425413__n03425413_486.jpg,375,500,train,7,7,0.9955
n01440764__n01440764_13368.jpg,4096,2720,train,0,0,1.0
n03445777__n03445777_15958.jpg,431,431,train,8,8,0.9997
n03000684__n03000684_4164.jpg,500,375,train,3,3,0.9472
n02979186__n02979186_4447.jpg,500,500,train,2,2,0.9989
n03394916__n03394916_12887.jpg,800,704,train,5,5,1.0
n03394916__n03394916_43734.jpg,375,500,train,5,5,1.0
n03394916__n03394916_36667.jpg,500,375,train,5,5,0.9995
n02979186__n02979186_14128.jpg,500,375,train,2,2,0.9991
n03394916__n03394916_61793.jpg,640,480,train,5,5,1.0
n02102040__n02102040_5449.jpg,375,500,train,1,1,1.0
n03445777__n03445777_4709.jpg,500,375,train,8,8,0.9997
n03425413__n03425413_1257.jpg,333,500,train,7,7,0.9967
n03394916__n03394916_47924.jpg,465,628,train,5,5,1.0
n03445777__n03445777_3005.jpg,500,333,train,8,8,1.0
n03888257__n03888257_35223.jpg,500,331,train,9,9,1.0
n03425413__n03425413_14226.jpg,500,375,train,7,7,0.9998
n02979186__n02979186_13545.jpg,500,333,train,2,2,0.9996
n03417042__n03417042_28423.jpg,500,375,train,6,6,0.9998
n03394916__ILSVRC2012_val_00043278.jpg,500,375,train,5,5,0.9997
n03425413__n03425413_13928.jpg,375,500,train,7,7,0.6003
n03000684__n03000684_11113.jpg,500,479,train,3,3,0.9632
n01440764__n01440764_237.jpg,300,200,train,0,0,0.9796
n03394916__n03394916_34647.jpg,500,432,train,5,5,1.0
n03028079__n03028079_3475.jpg,500,375,train,4,4,0.9952
n02979186__n02979186_16667.jpg,500,375,train,2,2,0.9126
n01440764__n01440764_4669.jpg,372,271,train,0,0,1.0
n03425413__n03425413_21037.jpg,422,500,train,7,7,0.9999
n03028079__n03028079_983.jpg,768,1025,train,4,4,0.9998
n03028079__n03028079_9425.jpg,500,375,train,4,4,0.9981
n03028079__n03028079_3654.jpg,500,386,train,4,4,0.9999
n03425413__n03425413_1114.jpg,500,375,train,7,7,0.9999
n02102040__n02102040_5423.jpg,418,512,train,1,1,1.0
n03417042__n03417042_7408.jpg,500,375,train,6,6,1.0
n02102040__n02102040_3228.jpg,500,333,train,1,1,0.9998
n01440764__n01440764_2196.jpg,255,188,train,0,0,1.0
n02979186__n02979186_11883.jpg,500,500,train,2,2,0.9999
n02979186__n02979186_14688.jpg,500,375,train,2,2,0.9984
n03394916__n03394916_46118.jpg,333,500,train,5,5,0.9999
n02102040__n02102040_196.jpg,375,500,train,1,1,1.0
n03417042__n03417042_10538.jpg,500,375,train,6,6,0.993
n03394916__n03394916_30808.jpg,375,500,train,5,5,0.9999
n03425413__n03425413_13133.jpg,113,500,train,7,7,0.931
n03028079__n03028079_26984.jpg,500,333,train,4,4,0.9986
n03445777__n03445777_12689.jpg,334,500,train,8,8,0.9999
n01440764__n01440764_7714.jpg,640,480,train,0,0,1.0
n03394916__n03394916_51735.jpg,1162,773,train,5,5,1.0
n03417042__n03417042_21055.jpg,590,442,train,6,6,1.0
n03888257__n03888257_34737.jpg,500,333,train,9,9,0.9994
n03888257__n03888257_61007.jpg,500,334,train,9,9,0.9947
n03445777__n03445777_3816.jpg,500,333,train,8,8,0.9996
n03417042__n03417042_17765.jpg,500,375,train,6,6,1.0
n03445777__n03445777_10514.jpg,500,333,train,8,8,1.0
n03394916__n03394916_57165.jpg,518,900,train,5,5,1.0
n03445777__n03445777_7665.jpg,500,361,train,8,8,1.0
n03028079__n03028079_73549.jpg,375,500,train,4,4,0.9999
n03028079__n03028079_10218.jpg,380,500,train,4,4,0.9997
n03394916__n03394916_39978.jpg,500,375,train,5,5,0.9987
n02979186__n02979186_3778.jpg,150,95,train,2,2,0.9904
n03394916__n03394916_41638.jpg,500,368,train,5,5,0.9998
n03888257__n03888257_14065.jpg,500,335,train,9,9,0.9998
n02979186__n02979186_6495.jpg,650,488,train,2,2,0.4614
n02102040__n02102040_5885.jpg,500,375,train,1,1,0.998
n03425413__n03425413_11367.jpg,375,500,train,7,7,1.0
n02102040__n02102040_203.jpg,500,375,train,1,1,0.9999
n03394916__n03394916_20776.jpg,977,1176,train,5,5,0.977
n03394916__n03394916_51495.jpg,500,375,train,5,5,0.9971
n03394916__n03394916_44204.jpg,333,500,train,5,5,0.9987
n02979186__n02979186_948.jpg,350,300,train,2,2,0.9999
n03394916__n03394916_34536.jpg,500,333,train,5,5,1.0
n03028079__n03028079_105115.jpg,500,348,train,4,4,0.9995
n03417042__n03417042_12105.jpg,500,375,train,6,6,1.0
n01440764__n01440764_9399.jpg,430,283,train,0,0,1.0
n02979186__n02979186_26217.jpg,502,501,train,2,2,0.9995
n01440764__n01440764_5785.jpg,120,79,train,0,0,1.0
n03394916__n03394916_30309.jpg,411,500,train,5,5,0.9999
n03394916__n03394916_45619.jpg,375,500,train,5,5,0.9986
n03888257__n03888257_9449.jpg,375,500,train,9,9,0.9995
n01440764__n01440764_438.jpg,334,500,train,0,0,1.0
n03888257__n03888257_18026.jpg,500,333,train,9,9,0.9065
n02979186__n02979186_2415.jpg,468,323,train,2,2,0.9928
n02979186__n02979186_22638.jpg,400,274,train,2,2,0.9999
n02979186__n02979186_26224.jpg,145,108,train,2,2,0.9962
n03445777__n03445777_13099.jpg,192,181,train,8,8,0.9995
n01440764__ILSVRC2012_val_00031094.jpg,500,375,train,0,0,0.998
n03417042__n03417042_1907.jpg,500,375,train,6,6,0.9999
n03888257__n03888257_4179.jpg,375,500,train,9,9,1.0
n03000684__n03000684_16793.jpg,500,333,train,3,3,0.9937
n03445777__n03445777_6949.jpg,200,293,train,8,8,0.9998
n03888257__n03888257_36028.jpg,500,375,train,9,9,0.9987
n03425413__ILSVRC2012_val_00033364.jpg,375,500,train,7,7,0.9895
n03000684__n03000684_11333.jpg,500,375,train,3,3,0.9312
n03394916__n03394916_4028.jpg,500,375,train,5,5,1.0
n03028079__n03028079_9906.jpg,500,500,train,4,4,0.9999
n03888257__n03888257_20676.jpg,500,374,train,9,9,0.9998
n02979186__n02979186_16819.jpg,500,375,train,2,2,0.9998
n03394916__n03394916_26903.jpg,500,375,train,5,5,0.997
n03888257__n03888257_56667.jpg,500,347,train,9,9,0.9998
n02102040__n02102040_3156.jpg,500,331,train,1,1,0.9997
n03445777__n03445777_7947.jpg,240,171,train,8,8,0.9999
n02979186__n02979186_2488.jpg,240,200,train,2,2,0.9955
n02979186__n02979186_5947.jpg,375,500,train,2,2,0.9999
n02102040__n02102040_5514.jpg,500,375,train,1,1,0.9994
n03417042__n03417042_27015.jpg,500,375,train,6,6,1.0
n02102040__n02102040_7974.jpg,500,375,train,1,1,0.9918
n03417042__n03417042_6298.jpg,500,375,train,6,6,0.9999
n02979186__n02979186_16284.jpg,500,375,train,2,2,0.9987
n03394916__n03394916_31586.jpg,333,500,train,5,5,1.0
n03445777__n03445777_4855.jpg,300,300,train,8,8,0.9999
n03028079__n03028079_15558.jpg,389,500,train,4,4,0.9999
n03888257__n03888257_79145.jpg,500,333,train,9,9,0.9997
n02102040__n02102040_4909.jpg,500,334,train,1,1,0.9999
n03425413__n03425413_19405.jpg,414,500,train,7,7,1.0
n03425413__n03425413_10387.jpg,596,700,train,7,7,0.9996
n02979186__n02979186_15599.jpg,500,333,train,2,2,0.9987
n01440764__n01440764_24828.jpg,480,320,train,0,0,0.9999
n01440764__n01440764_7324.jpg,350,260,train,0,0,1.0
n03888257__n03888257_14304.jpg,500,333,train,9,9,0.9992
n03000684__n03000684_2566.jpg,500,375,train,3,3,0.9995
n03000684__n03000684_679.jpg,375,500,train,3,3,0.9993
n03445777__n03445777_4985.jpg,500,335,train,8,8,1.0
n02102040__ILSVRC2012_val_00029518.jpg,375,500,train,1,1,0.9996
n02979186__n02979186_8875.jpg,622,312,train,2,2,1.0
n01440764__n01440764_4566.jpg,250,198,train,0,0,1.0
n03000684__n03000684_6306.jpg,100,69,train,3,3,0.9998
n03394916__ILSVRC2012_val_00033784.jpg,500,375,train,5,5,0.9947
n02979186__n02979186_8654.jpg,500,375,train,2,2,0.9564
n03417042__n03417042_4188.jpg,500,303,train,6,6,1.0
n02979186__n02979186_20496.jpg,500,353,train,2,2,0.9994
n03000684__n03000684_1818.jpg,333,500,train,3,2,0.5952
n02102040__n02102040_5196.jpg,433,615,train,1,1,1.0
n03028079__n03028079_2014.jpg,500,367,train,4,4,0.9997
n03425413__n03425413_16828.jpg,500,375,train,7,7,0.9997
n03394916__n03394916_42589.jpg,500,334,train,5,5,0.9995
n03000684__n03000684_15354.jpg,500,375,train,3,3,0.9999
n03417042__n03417042_6893.jpg,375,500,train,6,6,0.9999
n02102040__n02102040_4858.jpg,416,300,train,1,1,1.0
n03394916__ILSVRC2012_val_00034826.jpg,500,375,train,5,5,1.0
n03417042__n03417042_9023.jpg,363,500,train,6,6,1.0
n02102040__n02102040_975.jpg,500,375,train,1,1,0.9998
n03028079__n03028079_15848.jpg,556,419,train,4,4,0.9995
n03000684__n03000684_3749.jpg,375,500,train,3,3,0.9945
n03445777__n03445777_5757.jpg,500,400,train,8,8,0.6486
n02979186__n02979186_4313.jpg,100,100,train,2,2,0.9422
n03417042__n03417042_2515.jpg,500,345,train,6,6,0.9998
n02979186__n02979186_8587.jpg,90,90,train,2,2,0.9987
n03394916__n03394916_33237.jpg,500,375,train,5,5,0.4229
n01440764__n01440764_6949.jpg,640,480,train,0,0,0.9949
n02102040__n02102040_2914.jpg,500,333,train,1,1,1.0
n02102040__n02102040_503.jpg,500,375,train,1,1,0.9991
n01440764__n01440764_7154.jpg,450,500,train,0,0,1.0
n01440764__n01440764_6468.jpg,1024,768,train,0,0,1.0
n03888257__n03888257_56078.jpg,500,335,train,9,9,0.9998
n03417042__n03417042_8374.jpg,800,650,train,6,6,1.0
n02979186__n02979186_11243.jpg,500,333,train,2,2,0.9866
n03028079__n03028079_4774.jpg,500,381,train,4,4,0.9999
n03000684__n03000684_14384.jpg,500,334,train,3,3,0.9199
n02979186__n02979186_11114.jpg,90,90,train,2,2,0.9451
n03445777__n03445777_8986.jpg,500,375,train,8,8,0.9999
n02102040__n02102040_4736.jpg,500,333,train,1,1,0.9999
n03888257__n03888257_13476.jpg,500,334,train,9,9,0.9983
n03000684__n03000684_9803.jpg,400,300,train,3,3,0.9692
n03417042__n03417042_17108.jpg,500,375,train,6,6,0.9994
n02102040__n02102040_7067.jpg,500,375,train,1,1,0.9989
n02979186__n02979186_8785.jpg,500,333,train,2,2,0.9977
n03028079__n03028079_43123.jpg,500,381,train,4,4,0.9936
n03000684__n03000684_1535.jpg,200,150,train,3,3,1.0
n03417042__n03417042_4574.jpg,500,375,train,6,6,1.0
n02102040__n02102040_2929.jpg,200,190,train,1,1,0.9999
n03000684__n03000684_23717.jpg,500,333,train,3,3,0.9981
n03028079__n03028079_956.jpg,500,375,train,4,4,0.9998
n03000684__n03000684_866.jpg,100,84,train,3,3,0.9999
n03028079__n03028079_55377.jpg,375,500,train,4,4,0.9943
n02979186__n02979186_4646.jpg,424,500,train,2,2,1.0
n02102040__n02102040_4867.jpg,500,376,train,1,1,0.9999
n03000684__n03000684_2023.jpg,500,375,train,3,3,0.996
n03417042__n03417042_29308.jpg,500,375,train,6,6,0.9999
n03445777__n03445777_8095.jpg,375,500,train,8,8,1.0
n02102040__n02102040_76.jpg,500,333,train,1,1,0.9998
n01440764__n01440764_1827.jpg,500,375,train,0,0,1.0
n03394916__n03394916_43318.jpg,500,375,train,5,5,0.997
n03425413__ILSVRC2012_val_00019256.jpg,375,500,train,7,7,0.999
n03417042__n03417042_1658.jpg,500,375,train,6,6,0.9999
n02979186__n02979186_5994.jpg,500,375,train,2,2,0.9998
n02979186__n02979186_26816.jpg,263,350,train,2,2,0.9977
n03000684__n03000684_154.jpg,500,375,train,3,3,0.9994
n03445777__n03445777_6.jpg,500,375,train,8,8,1.0
n02979186__n02979186_6989.jpg,500,375,train,2,2,0.9999
n02979186__n02979186_10098.jpg,500,333,train,2,2,0.9999
n03000684__n03000684_11413.jpg,500,332,train,3,3,0.9982
n03445777__n03445777_193.jpg,500,333,train,8,8,1.0
n03888257__n03888257_34607.jpg,397,500,train,9,9,0.9995
n03445777__n03445777_16067.jpg,507,311,train,8,8,0.9998
n03445777__n03445777_3497.jpg,250,175,train,8,8,0.996
n02102040__n02102040_487.jpg,500,359,train,1,1,1.0
n03000684__n03000684_4778.jpg,160,240,train,3,3,0.5262
n02102040__n02102040_5739.jpg,500,375,train,1,1,0.9977
n03888257__n03888257_12323.jpg,500,375,train,9,9,0.9998
n01440764__n01440764_3197.jpg,500,375,train,0,0,1.0
n03000684__n03000684_16976.jpg,1000,750,train,3,3,0.9981
n03417042__n03417042_3508.jpg,627,384,train,6,6,0.9992
n03417042__n03417042_26855.jpg,500,375,train,6,6,0.9979
n03028079__n03028079_37635.jpg,337,500,train,4,4,0.9996
n02102040__n02102040_4545.jpg,500,483,train,1,1,0.9998
n03028079__n03028079_8035.jpg,389,500,train,4,4,0.9992
n03028079__n03028079_57999.jpg,500,438,train,4,4,0.9998
n02102040__n02102040_7159.jpg,500,375,train,1,1,1.0
n03028079__n03028079_2318.jpg,500,333,train,4,4,0.9946
n03394916__n03394916_40495.jpg,500,355,train,5,5,0.9262
n02102040__n02102040_1306.jpg,400,300,train,1,1,1.0
n03028079__n03028079_5585.jpg,334,500,train,4,4,0.9905
n03888257__n03888257_11787.jpg,375,500,train,9,9,0.9978
n03028079__n03028079_27905.jpg,500,375,train,4,4,1.0
n03000684__n03000684_16405.jpg,500,332,train,3,3,0.9993
n03888257__n03888257_30818.jpg,500,334,train,9,9,0.9995
n03888257__n03888257_20717.jpg,500,333,train,9,9,0.9997
n03888257__n03888257_21159.jpg,500,429,train,9,9,0.9942
n03417042__ILSVRC2012_val_00026865.jpg,375,500,train,6,6,1.0
n02979186__n02979186_11074.jpg,135,95,train,2,2,0.9888
n02979186__n02979186_3484.jpg,500,333,train,2,2,0.998
n02979186__n02979186_11034.jpg,640,480,train,2,2,1.0
n03028079__n03028079_16924.jpg,375,500,train,4,4,0.9998
n01440764__n01440764_13956.jpg,150,228,train,0,0,0.9446
n03028079__n03028079_10576.jpg,333,500,train,4,4,0.9995
n03888257__n03888257_14497.jpg,400,427,train,9,9,0.9999
n03394916__n03394916_30204.jpg,375,500,train,5,5,0.9649
n03000684__n03000684_26357.jpg,375,500,train,3,3,0.9907
n03394916__n03394916_34774.jpg,500,333,train,5,5,0.9994
n01440764__n01440764_10738.jpg,320,240,train,0,0,0.9993
n03445777__n03445777_4699.jpg,500,291,train,8,8,0.9999
n03445777__n03445777_9124.jpg,500,377,train,8,8,1.0
n03888257__n03888257_39407.jpg,500,333,train,9,9,1.0
n03394916__n03394916_59745.jpg,1280,960,train,5,5,1.0
n03445777__n03445777_4204.jpg,500,500,train,8,8,0.9662
n02102040__n02102040_1595.jpg,500,333,train,1,1,0.9982
n03000684__n03000684_31483.jpg,530,430,train,3,3,0.9987
n03425413__n03425413_16517.jpg,500,375,train,7,7,0.9985
n03445777__n03445777_1737.jpg,500,387,train,8,8,0.9998
n02979186__n02979186_19413.jpg,768,1024,train,2,2,0.9566
n03425413__n03425413_16804.jpg,375,500,train,7,7,0.9999
n03425413__n03425413_15528.jpg,387,500,train,7,7,0.9994
n03000684__n03000684_6827.jpg,500,375,train,3,3,0.9992
n03394916__n03394916_36945.jpg,500,233,train,5,5,1.0
n02979186__n02979186_20285.jpg,125,90,train,2,2,0.9912
n03028079__n03028079_10594.jpg,500,394,train,4,4,0.9999
n03888257__n03888257_37365.jpg,500,375,train,9,9,0.9998
n03888257__n03888257_3478.jpg,512,768,train,9,9,0.9998
n03445777__n03445777_8839.jpg,333,500,train,8,8,1.0
n03417042__n03417042_6517.jpg,500,375,train,6,6,0.9999
n03888257__n03888257_383.jpg,500,375,train,9,9,0.9991
n03417042__n03417042_1263.jpg,494,371,train,6,6,0.9999
n03417042__n03417042_2514.jpg,500,378,train,6,6,1.0
n01440764__n01440764_2465.jpg,625,469,train,0,0,0.9999
n01440764__n01440764_23493.jpg,500,301,train,0,0,0.9998
n01440764__n01440764_13068.jpg,757,502,train,0,0,1.0
n03888257__n03888257_25763.jpg,333,500,train,9,9,0.9999
n03417042__n03417042_5239.jpg,293,193,train,6,6,1.0
n03417042__n03417042_3755.jpg,500,375,train,6,6,1.0
n03417042__n03417042_3404.jpg,500,375,train,6,6,0.817
n03028079__n03028079_21044.jpg,500,333,train,4,4,0.9996
n03888257__n03888257_11755.jpg,985,646,train,9,9,0.9999
n01440764__n01440764_12023.jpg,237,188,train,0,0,0.9999
n03394916__n03394916_33247.jpg,500,335,train,5,5,0.9998
n03028079__n03028079_7077.jpg,375,500,train,4,4,0.9999
n03417042__n03417042_3327.jpg,500,375,train,6,6,0.8285
n03445777__ILSVRC2012_val_00037369.jpg,267,500,train,8,8,0.9994
n02979186__n02979186_12564.jpg,500,334,train,2,2,0.9999
n03888257__n03888257_12694.jpg,338,450,train,9,9,1.0
n02102040__n02102040_2085.jpg,500,375,train,1,1,1.0
n03417042__n03417042_6187.jpg,500,365,train,6,6,1.0
n02979186__n02979186_9538.jpg,500,375,train,2,2,1.0
n02979186__n02979186_22357.jpg,500,366,train,2,2,0.9998
n02979186__n02979186_1823.jpg,350,263,train,2,2,0.8211
n03425413__n03425413_20675.jpg,500,394,train,7,7,0.9979
n03888257__n03888257_5703.jpg,746,496,train,9,9,1.0
n03445777__n03445777_7776.jpg,500,333,train,8,8,1.0
n03394916__n03394916_8323.jpg,333,500,train,5,5,0.9999
n02979186__n02979186_6008.jpg,137,103,train,2,6,0.4209
n03028079__n03028079_4263.jpg,500,479,train,4,4,0.9997
n03888257__n03888257_18267.jpg,500,375,train,9,9,0.9997
n03425413__n03425413_15085.jpg,500,333,train,7,7,0.999
n03417042__n03417042_10769.jpg,500,375,train,6,6,1.0
n02979186__n02979186_13086.jpg,500,333,train,2,2,0.9804
n03028079__n03028079_39807.jpg,500,400,train,4,4,0.9999
n03425413__n03425413_20713.jpg,375,500,train,7,7,0.9994
n03425413__n03425413_1289.jpg,375,500,train,7,7,0.9288
n03425413__n03425413_3069.jpg,500,375,train,7,7,0.8357
n01440764__n01440764_15049.jpg,700,480,train,0,0,1.0
n01440764__n01440764_2627.jpg,135,207,train,0,0,0.9999
n03028079__n03028079_5107.jpg,480,360,train,4,4,0.9628
n03000684__ILSVRC2012_val_00044793.jpg,320,240,train,3,3,0.9971
n03028079__n03028079_108105.jpg,500,341,train,4,4,0.9972
n02102040__n02102040_4103.jpg,500,333,train,1,1,0.9997
n03888257__n03888257_60113.jpg,500,333,train,9,9,0.9972
n02102040__n02102040_5057.jpg,500,375,train,1,1,1.0
n03445777__n03445777_5765.jpg,500,375,train,8,8,1.0
n03445777__n03445777_3325.jpg,338,450,train,8,8,1.0
n03394916__n03394916_43315.jpg,335,500,train,5,5,0.9981
n03394916__n03394916_14568.jpg,400,299,train,5,5,1.0
n02979186__n02979186_18889.jpg,135,100,train,2,2,0.998
n03028079__n03028079_41273.jpg,500,375,train,4,4,0.9996
n03888257__n03888257_1286.jpg,500,375,train,9,9,0.9996
n03445777__n03445777_11409.jpg,328,450,train,8,8,0.9996
n03000684__ILSVRC2012_val_00029918.jpg,500,333,train,3,3,0.9992
n03000684__n03000684_15406.jpg,90,60,train,3,3,0.9983
n03028079__n03028079_28073.jpg,500,386,train,4,4,0.9992
n03417042__n03417042_9987.jpg,500,375,train,6,6,0.9828
n03417042__n03417042_10654.jpg,500,375,train,6,6,0.9999
n03445777__n03445777_2716.jpg,500,334,train,8,8,1.0
n03445777__n03445777_7647.jpg,500,375,train,8,8,1.0
n03445777__n03445777_397.jpg,333,500,train,8,8,0.9999
n02102040__n02102040_6556.jpg,500,375,train,1,1,0.9997
n03445777__n03445777_8797.jpg,500,375,train,8,8,0.9459
n03425413__n03425413_26954.jpg,505,432,train,7,7,0.9987
n03888257__n03888257_8445.jpg,396,500,train,9,9,0.9998
n02102040__n02102040_6347.jpg,376,500,train,1,1,1.0
n01440764__n01440764_9456.jpg,2010,2563,train,0,0,1.0
n03000684__n03000684_473.jpg,500,333,train,3,3,0.9981
n01440764__n01440764_5066.jpg,500,333,train,0,0,1.0
n03394916__n03394916_37544.jpg,335,500,train,5,5,0.9953
n03028079__n03028079_6204.jpg,331,500,train,4,4,0.9973
n03028079__n03028079_28758.jpg,500,333,train,4,4,0.9998
n03394916__n03394916_37518.jpg,500,333,train,5,5,0.9998
n01440764__n01440764_31406.jpg,161,240,train,0,0,1.0
n03417042__n03417042_10965.jpg,500,375,train,6,6,0.999
n01440764__n01440764_4965.jpg,450,600,train,0,0,0.9972
n03394916__n03394916_36257.jpg,335,500,train,5,5,1.0
n03445777__n03445777_2954.jpg,500,333,train,8,8,0.9998
n03888257__n03888257_34994.jpg,333,500,train,9,9,1.0
n03445777__n03445777_8446.jpg,500,437,train,8,8,1.0
n01440764__n01440764_36.jpg,200,150,train,0,0,1.0
n03425413__n03425413_15026.jpg,500,338,train,7,7,0.9864
n03000684__ILSVRC2012_val_00006726.jpg,500,335,train,3,3,0.9996
n03417042__n03417042_5048.jpg,500,375,train,6,6,0.9999
n02979186__n02979186_9118.jpg,280,280,train,2,2,1.0
n02102040__n02102040_649.jpg,500,375,train,1,1,0.945
n01440764__n01440764_31215.jpg,360,480,train,0,0,0.9999
n03394916__n03394916_23297.jpg,445,376,train,5,5,0.9944
n03417042__n03417042_5923.jpg,500,375,train,6,6,0.9982
n02102040__n02102040_3608.jpg,500,375,train,1,1,1.0
n01440764__n01440764_6924.jpg,500,375,train,0,0,1.0
n03445777__n03445777_9028.jpg,500,500,train,8,8,1.0
n03425413__n03425413_2443.jpg,375,500,train,7,7,1.0
n03888257__ILSVRC2012_val_00018509.jpg,398,500,train,9,9,0.9999
n02979186__n02979186_7468.jpg,160,160,train,2,2,0.9886
n02102040__n02102040_3343.jpg,500,333,train,1,1,0.9997
n03888257__n03888257_31454.jpg,500,333,train,9,9,0.9947
n01440764__n01440764_9374.jpg,500,333,train,0,0,1.0
n03425413__n03425413_27.jpg,768,576,train,7,7,0.9951
n03888257__n03888257_20473.jpg,500,333,train,9,9,0.9999
n03028079__n03028079_14368.jpg,348,500,train,4,4,0.9999
n03417042__n03417042_11475.jpg,500,375,train,6,6,0.9624
n02102040__n02102040_3559.jpg,500,375,train,1,1,1.0
n03445777__n03445777_4247.jpg,150,200,train,8,8,1.0
n03417042__n03417042_3599.jpg,500,375,train,6,6,0.9646
n03888257__n03888257_31693.jpg,500,333,train,9,9,0.9999
n02102040__n02102040_1253.jpg,500,333,train,1,1,0.9999
n03028079__n03028079_53397.jpg,375,500,train,4,4,0.9994
n02979186__n02979186_1988.jpg,141,175,train,2,2,0.9822
n03888257__n03888257_28999.jpg,350,573,train,9,9,0.9999
n03888257__n03888257_57973.jpg,500,335,train,9,9,0.9998
n03028079__n03028079_13047.jpg,500,382,train,4,4,0.9925
n01440764__n01440764_12557.jpg,300,250,train,0,0,0.9979
n02102040__n02102040_99.jpg,500,375,train,1,1,0.9995
n03000684__n03000684_32083.jpg,500,361,train,3,3,0.9877
n03445777__n03445777_7059.jpg,500,333,train,8,8,0.9702
n02102040__n02102040_1579.jpg,500,375,train,1,1,1.0
n03394916__n03394916_36839.jpg,500,333,train,5,5,0.9999
n03417042__n03417042_17037.jpg,500,375,train,6,6,1.0
n02979186__n02979186_15568.jpg,500,375,train,2,2,0.9997
n02102040__n02102040_2993.jpg,500,333,train,1,1,1.0
n03000684__n03000684_16373.jpg,500,375,train,3,3,0.9998
n03028079__n03028079_12827.jpg,700,525,train,4,4,0.9993
n03425413__n03425413_26213.jpg,339,500,train,7,7,0.9961
n03417042__n03417042_4994.jpg,500,333,train,6,6,1.0
n03425413__n03425413_2285.jpg,250,175,train,7,7,0.9998
n03445777__n03445777_2718.jpg,500,334,train,8,8,1.0
n03028079__n03028079_47666.jpg,414,500,train,4,4,0.9998
n03394916__n03394916_48904.jpg,500,334,train,5,5,0.9996
n03445777__n03445777_5703.jpg,253,126,train,8,8,1.0
n02102040__n02102040_127.jpg,466,455,train,1,2,0.664
n03394916__n03394916_58777.jpg,773,1162,train,5,5,1.0
n03417042__n03417042_11486.jpg,500,375,train,6,6,0.9797
n01440764__n01440764_7277.jpg,350,239,train,0,0,1.0
n02979186__n02979186_8917.jpg,553,369,train,2,2,0.9973
n03394916__n03394916_33087.jpg,375,500,train,5,5,0.9969
n03888257__n03888257_56355.jpg,500,335,train,9,9,0.9842
n02979186__n02979186_437.jpg,300,300,train,2,2,0.9837
n03394916__n03394916_37195.jpg,327,500,train,5,5,0.9949
n02979186__n02979186_10299.jpg,400,266,train,2,2,0.9945
n03000684__n03000684_16517.jpg,165,240,train,3,3,0.9865
n03028079__n03028079_14078.jpg,500,372,train,4,4,0.9978
n03394916__n03394916_1109.jpg,186,300,train,5,5,1.0
n01440764__n01440764_9197.jpg,500,375,train,0,0,1.0
n02979186__n02979186_14136.jpg,425,234,train,2,2,0.9999
n03417042__n03417042_13066.jpg,500,375,train,6,6,0.9996
n02979186__n02979186_4225.jpg,400,300,train,2,2,0.9999
n03445777__n03445777_2357.jpg,375,500,train,8,8,0.9999
n01440764__n01440764_5668.jpg,240,180,train,0,0,0.9886
n02102040__n02102040_5389.jpg,500,375,train,1,1,0.9999
n02979186__ILSVRC2012_val_00000557.jpg,375,500,train,2,2,0.9993
n03028079__n03028079_27253.jpg,375,500,train,4,4,0.9995
n02979186__n02979186_10006.jpg,500,375,train,2,2,0.9916
n03000684__n03000684_16807.jpg,400,300,train,3,3,0.996
n03394916__n03394916_31003.jpg,335,500,train,5,5,0.9986
n03000684__ILSVRC2012_val_00006043.jpg,431,500,train,3,3,0.9979
n03394916__n03394916_30648.jpg,500,334,train,5,5,0.9996
n03000684__n03000684_16447.jpg,500,375,train,3,3,0.9996
n03000684__n03000684_2219.jpg,400,400,train,3,3,0.9998
n03425413__n03425413_14554.jpg,375,500,train,7,7,0.9991
n03888257__n03888257_15797.jpg,453,500,train,9,9,0.9982
n01440764__n01440764_8374.jpg,250,250,train,0,0,1.0
n03445777__n03445777_136.jpg,220,187,train,8,8,0.9994
n03028079__n03028079_1404.jpg,500,375,train,4,4,0.9999
n03000684__n03000684_36107.jpg,500,350,train,3,3,0.9999
n01440764__n01440764_2708.jpg,2816,2112,train,0,0,1.0
n03417042__n03417042_3459.jpg,487,358,train,6,6,0.9921
n03888257__n03888257_30899.jpg,454,500,train,9,9,0.9473
n03425413__n03425413_21894.jpg,500,375,train,7,7,0.9964
n03888257__n03888257_68953.jpg,347,500,train,9,9,0.9997
n03028079__n03028079_5126.jpg,500,480,train,4,4,0.9977
n02979186__n02979186_20198.jpg,642,447,train,2,2,0.9998
n03028079__n03028079_29416.jpg,449,500,train,4,4,0.9998
n03888257__n03888257_15067.jpg,500,375,train,9,9,0.9997
n03394916__n03394916_62185.jpg,773,1162,train,5,5,1.0
n03000684__n03000684_9113.jpg,500,333,train,3,3,0.8848
n03417042__n03417042_3084.jpg,500,375,train,6,6,1.0
n03417042__n03417042_27997.jpg,500,414,train,6,6,0.9631
n03000684__n03000684_12817.jpg,104,104,train,3,3,0.9945
n03417042__n03417042_10584.jpg,411,500,train,6,6,0.9997
n02102040__n02102040_3715.jpg,375,500,train,1,1,1.0
n02979186__n02979186_4624.jpg,400,300,train,2,2,0.9986
n03445777__n03445777_663.jpg,500,375,train,8,8,1.0
n03394916__n03394916_25036.jpg,1200,858,train,5,5,1.0
n03445777__n03445777_607.jpg,327,500,train,8,8,0.9996
n02102040__n02102040_8463.jpg,376,500,train,1,1,1.0
n01440764__n01440764_3756.jpg,375,500,train,0,0,1.0
n03000684__n03000684_9664.jpg,333,500,train,3,3,0.964
n02979186__ILSVRC2012_val_00044398.jpg,640,480,train,2,2,1.0
n02102040__n02102040_6248.jpg,333,500,train,1,1,1.0
n03425413__n03425413_14573.jpg,375,500,train,7,7,0.9801
n03425413__n03425413_16437.jpg,422,500,train,7,7,0.9992
n02102040__n02102040_1154.jpg,500,333,train,1,1,1.0
n03888257__n03888257_73.jpg,500,333,train,9,9,1.0
n03000684__n03000684_8006.jpg,200,140,train,3,3,1.0
n02979186__n02979186_15067.jpg,500,375,train,2,2,0.9994
n03394916__n03394916_6976.jpg,100,103,train,5,5,0.9999
n03000684__n03000684_11669.jpg,500,333,train,3,3,0.9203
n02979186__n02979186_22407.jpg,400,232,train,2,2,0.9897
n03000684__n03000684_22133.jpg,247,146,train,3,3,1.0
n03417042__n03417042_18898.jpg,500,375,train,6,6,1.0
n03028079__n03028079_78383.jpg,500,376,train,4,4,1.0
n01440764__n01440764_12293.jpg,600,450,train,0,0,0.9997
n03394916__n03394916_37285.jpg,500,375,train,5,5,0.9995
n03888257__n03888257_9403.jpg,328,500,train,9,9,0.9999
n02979186__n02979186_2105.jpg,334,500,train,2,2,1.0
n03000684__n03000684_14206.jpg,500,375,train,3,0,0.61
n03888257__n03888257_2953.jpg,467,350,train,9,9,0.9974
n03000684__n03000684_26727.jpg,500,333,train,3,3,0.492
n03000684__n03000684_16114.jpg,375,500,train,3,3,0.9988
n03417042__n03417042_19668.jpg,500,375,train,6,6,0.9998
n03445777__n03445777_2745.jpg,420,240,train,8,8,0.9994
n03028079__n03028079_1445.jpg,500,343,train,4,4,0.9956
n02979186__n02979186_4266.jpg,500,375,train,2,2,0.992
n03445777__n03445777_7208.jpg,500,375,train,8,8,0.9997
n01440764__n01440764_13679.jpg,500,381,train,0,0,1.0
n03028079__n03028079_29238.jpg,500,359,train,4,4,0.9989
n03028079__n03028079_22425.jpg,500,375,train,4,4,0.9966
n03417042__n03417042_366.jpg,330,263,train,6,6,0.9999
n03445777__n03445777_5125.jpg,500,375,train,8,8,1.0
n03028079__n03028079_11949.jpg,334,500,train,4,4,0.993
n02979186__n02979186_409.jpg,417,500,train,2,2,1.0
n03028079__n03028079_18493.jpg,500,364,train,4,4,0.9999
n03445777__n03445777_3544.jpg,500,375,train,8,8,0.9951
n01440764__n01440764_13464.jpg,275,246,train,0,0,0.9981
n02979186__n02979186_1114.jpg,250,150,train,2,2,1.0
n03888257__n03888257_2195.jpg,340,197,train,9,9,0.9997
n02979186__ILSVRC2012_val_00014287.jpg,300,225,train,2,2,0.9999
n03000684__n03000684_19248.jpg,500,375,train,3,3,0.5627
n02102040__n02102040_149.jpg,500,333,train,1,1,1.0
n03445777__n03445777_2713.jpg,500,333,train,8,8,1.0
n03394916__n03394916_60697.jpg,468,628,train,5,5,1.0
n03394916__n03394916_29949.jpg,334,500,train,5,5,1.0
n03028079__n03028079_53886.jpg,500,390,train,4,4,0.9998
n01440764__n01440764_12619.jpg,359,237,train,0,0,1.0
n03888257__n03888257_44916.jpg,500,334,train,9,9,0.9999
n02979186__n02979186_22575.jpg,300,400,train,2,2,0.9978
n03000684__n03000684_11223.jpg,500,434,train,3,3,0.9999
n03028079__n03028079_1076.jpg,500,375,train,4,4,0.9994
n02979186__n02979186_1196.jpg,653,490,train,2,2,0.998
n03417042__n03417042_16856.jpg,456,342,train,6,6,1.0
n02102040__n02102040_7013.jpg,500,342,train,1,1,1.0
n03028079__n03028079_32378.jpg,391,500,train,4,4,0.9977
n02979186__n02979186_21477.jpg,360,360,train,2,2,0.9589
n03425413__n03425413_9839.jpg,400,533,train,7,7,0.9615
n01440764__n01440764_2375.jpg,500,375,train,0,0,1.0
n01440764__n01440764_9605.jpg,500,260,train,0,0,1.0
n03445777__n03445777_4879.jpg,232,199,train,8,8,0.9989
n02102040__n02102040_539.jpg,500,493,train,1,1,0.9998
n02979186__n02979186_17034.jpg,600,181,train,2,2,0.9999
n02102040__n02102040_1408.jpg,408,500,train,1,1,0.9998
n01440764__n01440764_12595.jpg,512,341,train,0,0,0.9997
n03445777__n03445777_15485.jpg,400,266,train,8,8,1.0
n01440764__n01440764_9929.jpg,275,206,train,0,0,1.0
n03417042__n03417042_28657.jpg,500,375,train,6,6,0.9974
n01440764__n01440764_6386.jpg,480,360,train,0,0,0.9971
n01440764__n01440764_3039.jpg,370,240,train,0,0,0.9665
n03000684__n03000684_5518.jpg,375,500,train,3,3,0.6454
n01440764__n01440764_3289.jpg,400,265,train,0,0,0.9967
n03445777__n03445777_4818.jpg,500,344,train,8,8,0.9996
n03000684__n03000684_15843.jpg,500,375,train,3,3,0.9303
n03445777__n03445777_2637.jpg,800,526,train,8,8,0.9996
n03425413__n03425413_13963.jpg,500,375,train,7,7,0.9999
n01440764__ILSVRC2012_val_00037596.jpg,500,375,train,0,0,1.0
n02102040__n02102040_4037.jpg,500,333,train,1,1,0.9995
n03445777__n03445777_785.jpg,500,375,train,8,8,0.9995
n03425413__n03425413_14253.jpg,375,500,train,7,7,0.9999
n03000684__n03000684_20985.jpg,500,468,train,3,3,0.4779
n03445777__n03445777_9688.jpg,240,160,train,8,8,0.9712
n03028079__n03028079_4015.jpg,500,396,train,4,4,0.9999
n02979186__n02979186_8956.jpg,90,90,train,2,2,0.9953
n03425413__n03425413_15286.jpg,375,500,train,7,7,0.9999
n03888257__ILSVRC2012_val_00023107.jpg,500,369,train,9,9,0.9999
n03445777__n03445777_9915.jpg,500,400,train,8,8,0.9999
n03417042__n03417042_2315.jpg,500,375,train,6,6,0.9969
n03888257__n03888257_16577.jpg,351,500,train,9,9,1.0
n02979186__n02979186_6219.jpg,220,135,train,2,2,0.9998
n03028079__n03028079_2154.jpg,461,500,train,4,4,0.9998
n02979186__n02979186_7058.jpg,500,375,train,2,2,0.9999
n02979186__n02979186_198.jpg,106,78,train,2,2,0.9994
n03028079__n03028079_3183.jpg,500,355,train,4,4,0.9989
n02102040__n02102040_4579.jpg,480,360,train,1,1,1.0
n01440764__n01440764_3566.jpg,500,375,train,0,0,1.0
n01440764__n01440764_5043.jpg,250,193,train,0,0,1.0
n03888257__n03888257_33624.jpg,520,312,train,9,9,0.9962
n03000684__n03000684_22664.jpg,375,500,train,3,3,0.9958
n03000684__n03000684_16818.jpg,255,170,train,3,3,1.0
n03394916__n03394916_3228.jpg,371,500,train,5,5,0.9998
n03888257__n03888257_1097.jpg,440,500,train,9,9,0.9998
n02979186__n02979186_18348.jpg,520,386,train,2,2,1.0
n03028079__n03028079_8108.jpg,500,333,train,4,4,0.9947
n03417042__n03417042_4664.jpg,500,410,train,6,6,0.9985
n02102040__n02102040_5353.jpg,500,333,train,1,1,0.9999
n03425413__n03425413_14485.jpg,333,500,train,7,7,0.9984
n03888257__n03888257_7199.jpg,415,500,train,9,9,0.9986
n03417042__n03417042_12297.jpg,500,375,train,6,6,0.9981
n03425413__n03425413_22055.jpg,500,400,train,7,7,0.9998
n03445777__n03445777_12489.jpg,320,240,train,8,8,0.9968
n03888257__n03888257_37009.jpg,500,334,train,9,9,0.9996
n03417042__n03417042_25264.jpg,650,486,train,6,6,0.9985
n03028079__n03028079_578.jpg,500,375,train,4,4,0.9999
n03425413__n03425413_17079.jpg,279,500,train,7,7,0.9964
n01440764__n01440764_8875.jpg,600,560,train,0,0,1.0
n03425413__n03425413_12724.jpg,500,375,train,7,7,0.9997
n03417042__n03417042_10597.jpg,640,480,train,6,6,1.0
n03417042__n03417042_29478.jpg,500,375,train,6,6,0.9999
n02102040__ILSVRC2012_val_00002294.jpg,500,375,train,1,1,0.9985
n03425413__n03425413_26127.jpg,500,400,train,7,7,0.9997
n03394916__n03394916_1769.jpg,500,375,train,5,5,1.0
n03028079__n03028079_20298.jpg,389,500,train,4,4,0.9995
n03425413__n03425413_20327.jpg,375,500,train,7,7,0.9527
n03394916__n03394916_5575.jpg,1600,1200,train,5,5,0.9998
n03000684__n03000684_16173.jpg,500,375,train,3,3,0.9965
n03000684__n03000684_7588.jpg,500,375,train,3,3,0.9995
n03028079__n03028079_46967.jpg,404,500,train,4,4,0.9998
n03888257__n03888257_7587.jpg,500,333,train,9,9,0.9999
n03888257__n03888257_4683.jpg,200,305,train,9,9,1.0
n03394916__n03394916_49986.jpg,360,480,train,5,5,1.0
n02979186__n02979186_9394.jpg,500,375,train,2,2,0.9871
n03417042__n03417042_5938.jpg,500,375,train,6,6,1.0
n03394916__n03394916_4035.jpg,332,500,train,5,5,0.9962
n02979186__n02979186_1043.jpg,149,112,train,2,2,0.9998
n03888257__n03888257_13078.jpg,631,517,train,9,9,0.9999
n02979186__n02979186_4598.jpg,500,375,train,2,2,1.0
n01440764__n01440764_11609.jpg,640,480,train,0,0,1.0
n02102040__n02102040_6256.jpg,500,375,train,1,1,0.9998
n03000684__n03000684_26524.jpg,250,188,train,3,3,1.0
n03394916__ILSVRC2012_val_00019593.jpg,500,334,train,5,5,0.9998
n03417042__n03417042_11095.jpg,375,500,train,6,6,1.0
n01440764__n01440764_5173.jpg,350,288,train,0,0,1.0
n03888257__n03888257_19494.jpg,500,333,train,9,9,0.9996
n03445777__n03445777_7939.jpg,500,333,train,8,8,1.0
n03394916__n03394916_26583.jpg,334,500,train,5,5,0.9971
n03394916__n03394916_30503.jpg,500,333,train,5,5,1.0
n03417042__n03417042_19955.jpg,500,375,train,6,6,1.0
n03417042__n03417042_22395.jpg,640,480,train,6,6,0.9729
n03888257__n03888257_33587.jpg,500,333,train,9,9,0.9992
n01440764__n01440764_12548.jpg,310,263,train,0,0,1.0
n03394916__n03394916_15209.jpg,800,602,train,5,5,1.0
n03425413__ILSVRC2012_val_00048977.jpg,375,500,train,7,7,1.0
n03445777__n03445777_11483.jpg,150,200,train,8,8,0.9988
n03028079__n03028079_28085.jpg,375,500,train,4,4,0.9995
n02979186__n02979186_6518.jpg,590,234,train,2,2,0.975
n03445777__n03445777_3849.jpg,184,184,train,8,8,0.9999
n03028079__n03028079_6077.jpg,500,375,train,4,4,0.9997
n03028079__n03028079_4795.jpg,500,375,train,4,4,0.9999
n02102040__n02102040_2326.jpg,500,375,train,1,1,0.9999
n03417042__n03417042_11318.jpg,300,214,train,6,6,1.0
n02102040__n02102040_963.jpg,500,333,train,1,1,0.9991
n03394916__n03394916_32784.jpg,500,339,train,5,5,0.9986
n03394916__n03394916_36057.jpg,500,335,train,5,5,0.9768
n03445777__n03445777_1169.jpg,500,334,train,8,8,1.0
n02102040__n02102040_3077.jpg,500,334,train,1,1,0.9999
n02102040__n02102040_919.jpg,500,333,train,1,1,0.9979
n03425413__n03425413_18623.jpg,500,375,train,7,7,0.9996
n03028079__ILSVRC2012_val_00017198.jpg,375,500,train,4,4,0.9972
n03394916__n03394916_13957.jpg,375,272,train,5,5,1.0
n01440764__n01440764_5225.jpg,341,500,train,0,0,1.0
n03417042__n03417042_8227.jpg,700,525,train,6,6,0.9997
n03445777__n03445777_3209.jpg,500,375,train,8,8,1.0
n03888257__n03888257_12055.jpg,500,328,train,9,9,0.9999
n03028079__n03028079_15415.jpg,500,375,train,4,4,0.9997
n03000684__n03000684_13415.jpg,375,500,train,3,3,0.9893
n03445777__n03445777_584.jpg,375,500,train,8,8,1.0
n03394916__n03394916_38716.jpg,500,333,train,5,5,0.9897
n03000684__n03000684_11997.jpg,185,155,train,3,3,1.0
n03445777__n03445777_5573.jpg,360,334,train,8,8,0.9991
n03445777__n03445777_2616.jpg,283,424,train,8,8,0.9993
n03445777__n03445777_5909.jpg,500,335,train,8,8,0.8436
n03445777__n03445777_4878.jpg,500,492,train,8,8,1.0
n03394916__n03394916_34387.jpg,375,500,train,5,5,0.9346
n03000684__n03000684_27069.jpg,500,375,train,3,3,0.9932
n02102040__n02102040_3956.jpg,500,467,train,1,1,0.9996
n03425413__n03425413_8018.jpg,500,375,train,7,7,0.9995
n03425413__n03425413_15355.jpg,500,490,train,7,7,0.9999
n03394916__n03394916_58454.jpg,1162,773,train,5,5,1.0
n03417042__n03417042_18603.jpg,500,323,train,6,6,0.9999
n01440764__n01440764_11225.jpg,500,375,train,0,0,0.9971
n02102040__n02102040_139.jpg,500,376,train,1,1,0.9999
n03028079__n03028079_15363.jpg,500,315,train,4,4,0.9996
n02979186__n02979186_10675.jpg,250,210,train,2,2,0.9657
n03417042__ILSVRC2012_val_00009345.jpg,500,375,train,6,6,0.9983
n03000684__n03000684_5736.jpg,375,500,train,3,3,0.9936
n01440764__n01440764_25064.jpg,321,320,train,0,0,1.0
n02102040__n02102040_6963.jpg,500,375,train,1,1,0.9974
n03394916__n03394916_56437.jpg,773,1162,train,5,5,1.0
n02102040__ILSVRC2012_val_00008334.jpg,375,500,train,1,1,0.9996
n02102040__n02102040_5855.jpg,500,375,train,1,1,1.0
n02979186__n02979186_13873.jpg,500,375,train,2,2,0.9997
n02979186__n02979186_4615.jpg,160,119,train,2,2,0.9973
n03888257__n03888257_50059.jpg,332,500,train,9,9,0.9999
n03445777__n03445777_1686.jpg,300,200,train,8,8,0.9995
n03417042__n03417042_12614.jpg,500,375,train,6,6,0.9993
n03445777__n03445777_6347.jpg,500,333,train,8,8,0.9992
n03888257__n03888257_27996.jpg,500,344,train,9,9,0.9999
n03000684__n03000684_2055.jpg,375,500,train,3,3,0.9973
n03394916__n03394916_51373.jpg,773,1162,train,5,5,1.0
n02102040__n02102040_4488.jpg,500,375,train,1,1,0.9998
n02979186__n02979186_16764.jpg,500,375,train,2,2,0.9999
n02102040__n02102040_2833.jpg,441,500,train,1,1,0.9991
n03394916__n03394916_46656.jpg,334,500,train,5,5,0.9999
n03028079__n03028079_2023.jpg,500,393,train,4,4,0.9979
n03445777__n03445777_7686.jpg,500,375,train,8,8,0.9999
n03000684__n03000684_573.jpg,373,500,train,3,3,0.9926
n03394916__n03394916_37614.jpg,333,500,train,5,5,0.9998
n03445777__n03445777_1203.jpg,500,332,train,8,8,0.9999
n03417042__n03417042_7693.jpg,375,500,train,6,6,0.9998
n03425413__n03425413_10825.jpg,500,375,train,7,7,0.9348
n02102040__n02102040_2295.jpg,500,333,train,1,1,0.9985
n03445777__n03445777_18147.jpg,500,375,train,8,8,0.9998
n03888257__n03888257_18908.jpg,638,517,train,9,9,1.0
n02979186__n02979186_26517.jpg,177,150,train,2,2,0.9993
n01440764__n01440764_19197.jpg,500,326,train,0,0,1.0
n03445777__n03445777_2493.jpg,375,500,train,8,8,0.9915
n03394916__n03394916_46795.jpg,375,500,train,5,5,1.0
n02102040__n02102040_563.jpg,320,277,train,1,1,1.0
n03394916__n03394916_38828.jpg,500,375,train,5,5,0.9996
n03394916__n03394916_20773.jpg,375,500,train,5,5,0.9959
n03445777__n03445777_17246.jpg,443,327,train,8,8,1.0
n03000684__n03000684_6496.jpg,333,500,train,3,3,0.9998
n03417042__n03417042_7204.jpg,375,500,train,6,6,0.9975
n02102040__n02102040_566.jpg,500,375,train,1,1,0.9933
n03445777__n03445777_15113.jpg,500,333,train,8,8,0.9999
n03394916__n03394916_35667.jpg,500,333,train,5,5,0.9998
n03425413__n03425413_15994.jpg,333,500,train,7,7,0.9842
n03417042__n03417042_10533.jpg,500,375,train,6,6,0.9999
n03888257__n03888257_6338.jpg,500,333,train,9,9,0.9961
n01440764__n01440764_1566.jpg,500,374,train,0,0,1.0
n03000684__n03000684_3085.jpg,500,375,train,3,3,0.9999
n03394916__n03394916_32478.jpg,500,375,train,5,5,0.9738
n02979186__n02979186_5544.jpg,375,500,train,2,2,0.9722
n03445777__n03445777_9746.jpg,500,500,train,8,8,0.9999
n03425413__n03425413_17109.jpg,500,375,train,7,7,1.0
n03445777__n03445777_6515.jpg,432,324,train,8,8,1.0
n03425413__n03425413_21846.jpg,394,500,train,7,7,0.9999
n02102040__ILSVRC2012_val_00004548.jpg,500,375,train,1,1,0.9999
n03417042__n03417042_213.jpg,500,440,train,6,6,0.9999
n03417042__n03417042_28569.jpg,500,375,train,6,6,0.9951
n03445777__n03445777_18603.jpg,400,261,train,8,8,0.9995
n02102040__n02102040_868.jpg,500,375,train,1,1,0.999
n03417042__n03417042_7755.jpg,500,375,train,6,6,0.9996
n03394916__n03394916_43458.jpg,500,375,train,5,5,0.9923
n02979186__n02979186_2467.jpg,300,94,train,2,2,0.9939
n01440764__n01440764_11085.jpg,160,240,train,0,0,1.0
n03445777__n03445777_2563.jpg,500,375,train,8,8,0.9997
n03394916__n03394916_4826.jpg,500,377,train,5,5,1.0
n03888257__n03888257_36937.jpg,375,457,train,9,9,0.9999
n03445777__n03445777_10583.jpg,375,500,train,8,8,0.9999
n01440764__n01440764_9157.jpg,210,158,train,0,0,0.9999
n03888257__n03888257_7766.jpg,333,500,train,9,9,0.9998
n03000684__n03000684_19719.jpg,375,500,train,3,2,0.6507
n03425413__n03425413_6234.jpg,466,1199,train,7,7,0.4976
n03445777__n03445777_1344.jpg,500,314,train,8,8,0.9988
n03417042__n03417042_29408.jpg,640,480,train,6,6,1.0
n03888257__n03888257_30498.jpg,500,375,train,9,9,0.9491
n03000684__n03000684_11229.jpg,333,500,train,3,3,0.9975
n02102040__n02102040_3916.jpg,500,375,train,1,1,0.9
n02979186__n02979186_26736.jpg,177,150,train,2,2,0.9999
n02102040__n02102040_6786.jpg,500,375,train,1,1,1.0
n03417042__n03417042_28584.jpg,500,375,train,6,6,1.0
n03417042__n03417042_8139.jpg,600,450,train,6,6,0.9999
n03028079__n03028079_28505.jpg,500,481,train,4,4,0.9999
n01440764__n01440764_11914.jpg,275,206,train,0,0,1.0
n01440764__n01440764_26659.jpg,500,375,train,0,0,1.0
n03888257__n03888257_32464.jpg,500,334,train,9,9,0.9998
n03417042__n03417042_29074.jpg,500,375,train,6,6,1.0
n02102040__n02102040_569.jpg,500,375,train,1,1,1.0
n03417042__n03417042_11306.jpg,500,375,train,6,6,1.0
n03425413__n03425413_14669.jpg,500,334,train,7,2,0.8222
n02102040__n02102040_7525.jpg,500,375,train,1,1,0.9999
n01440764__n01440764_13138.jpg,1024,768,train,0,0,1.0
n03445777__n03445777_13736.jpg,500,375,train,8,8,1.0
n03445777__n03445777_2526.jpg,500,314,train,8,8,0.9999
n03000684__n03000684_16579.jpg,500,375,train,3,3,0.5273
n02102040__n02102040_3798.jpg,500,333,train,1,1,0.9997
n03417042__n03417042_1875.jpg,500,375,train,6,6,0.9999
n03394916__n03394916_53669.jpg,1162,773,train,5,5,1.0
n03888257__n03888257_17999.jpg,500,333,train,9,9,1.0
n03425413__n03425413_12807.jpg,500,400,train,7,7,0.9994
n03394916__n03394916_33219.jpg,375,500,train,5,5,0.9993
n03417042__n03417042_5218.jpg,500,375,train,6,6,0.9595
n02979186__n02979186_9604.jpg,280,280,train,2,2,0.9999
n03888257__n03888257_3637.jpg,640,426,train,9,9,0.9999
n03028079__n03028079_9160.jpg,358,500,val,4,4,0.9999
n03417042__n03417042_8121.jpg,500,375,val,6,6,1.0
n02979186__n02979186_6531.jpg,500,333,val,2,2,0.9995
n03445777__n03445777_6752.jpg,500,333,val,8,8,0.9997
n03394916__n03394916_25832.jpg,375,500,val,5,5,1.0
n03394916__n03394916_17141.jpg,500,333,val,5,5,0.9665
n02102040__n02102040_6072.jpg,500,362,val,1,1,1.0
n02979186__n02979186_15382.jpg,500,281,val,2,2,1.0
n03425413__n03425413_21341.jpg,500,325,val,7,7,0.9835
n03394916__n03394916_26422.jpg,375,500,val,5,5,0.9993
n01440764__n01440764_10470.jpg,1010,758,val,0,0,1.0
n03425413__n03425413_15340.jpg,375,500,val,7,7,0.9961
n03417042__n03417042_3710.jpg,600,360,val,6,6,0.9853
n02102040__n02102040_712.jpg,500,375,val,1,1,0.9999
n03425413__n03425413_14590.jpg,500,373,val,7,7,0.8751
n03425413__n03425413_2151.jpg,540,720,val,7,7,0.9992
n03445777__n03445777_4131.jpg,375,500,val,8,8,0.9998
n03445777__n03445777_15950.jpg,398,400,val,8,8,0.9996
n03028079__n03028079_46322.jpg,500,375,val,4,4,0.9999
n03888257__n03888257_49381.jpg,500,338,val,9,9,0.9992
n02102040__n02102040_2830.jpg,500,375,val,1,1,1.0
n02102040__n02102040_6400.jpg,398,500,val,1,1,0.9998
n01440764__n01440764_7671.jpg,500,375,val,0,0,1.0
n02979186__n02979186_7440.jpg,600,360,val,2,2,0.9998
n01440764__n01440764_14342.jpg,500,375,val,0,0,1.0
n03417042__n03417042_17862.jpg,456,342,val,6,6,0.9984
n03028079__n03028079_23280.jpg,250,128,val,4,4,0.9999
n03888257__n03888257_4732.jpg,200,277,val,9,9,0.9997
n02979186__n02979186_4281.jpg,100,100,val,2,2,0.9977
n03425413__n03425413_15312.jpg,333,500,val,7,7,0.9995
n03028079__n03028079_30460.jpg,378,500,val,4,4,0.9997
n03000684__n03000684_10790.jpg,162,130,val,3,3,0.9763
n03445777__n03445777_7650.jpg,500,375,val,8,8,0.9999
n03425413__n03425413_25410.jpg,335,500,val,7,7,0.9992
n02979186__ILSVRC2012_val_00028911.jpg,500,375,val,2,2,0.9999
n02102040__n02102040_201.jpg,500,375,val,1,1,0.9916
n02102040__n02102040_902.jpg,500,333,val,1,1,1.0
n03000684__n03000684_34011.jpg,500,333,val,3,3,0.9983
n03417042__n03417042_18152.jpg,600,450,val,6,6,1.0
n03888257__n03888257_482.jpg,500,375,val,9,9,0.9995
n03425413__n03425413_19250.jpg,314,500,val,7,7,0.9998
n03417042__n03417042_10752.jpg,500,375,val,6,6,1.0
n03888257__n03888257_30032.jpg,333,500,val,9,9,0.9999
n03417042__n03417042_3331.jpg,500,237,val,6,6,0.9978
n01440764__n01440764_2102.jpg,500,375,val,0,0,0.9999
n03028079__n03028079_8661.jpg,335,500,val,4,4,0.9996
n03888257__n03888257_10210.jpg,333,500,val,9,9,0.9993
n01440764__n01440764_3421.jpg,500,375,val,0,0,0.9994
n02102040__n02102040_281.jpg,500,348,val,1,1,0.9997
n03028079__n03028079_14181.jpg,500,332,val,4,4,0.9993
n02102040__n02102040_332.jpg,500,375,val,1,1,0.9998
n02102040__n02102040_491.jpg,375,500,val,1,1,0.9996
n02979186__n02979186_10402.jpg,375,500,val,2,2,0.9999
n02979186__n02979186_1611.jpg,334,500,val,2,2,0.6557
n03000684__n03000684_400.jpg,500,375,val,3,3,0.9988
n02102040__n02102040_2530.jpg,375,500,val,1,1,0.9999
n03445777__n03445777_5031.jpg,254,210,val,8,8,0.9998
n03394916__n03394916_6830.jpg,333,500,val,5,5,0.9999
n03888257__n03888257_11452.jpg,500,333,val,9,9,0.9987
n03028079__n03028079_77811.jpg,500,372,val,4,4,0.9996
n03445777__n03445777_4061.jpg,500,492,val,8,8,0.473
n03888257__n03888257_12491.jpg,500,333,val,9,9,0.9978
n03417042__n03417042_4292.jpg,945,709,val,6,6,0.9995
n02102040__n02102040_8290.jpg,500,375,val,1,1,0.9998
n03028079__n03028079_4292.jpg,334,500,val,4,4,0.9796
n03000684__n03000684_2960.jpg,341,500,val,3,3,0.9866
n03888257__n03888257_29191.jpg,369,500,val,9,9,0.9795
n01440764__n01440764_3172.jpg,500,521,val,0,0,1.0
n03425413__n03425413_12711.jpg,500,375,val,7,7,0.9547
n03000684__n03000684_34132.jpg,240,196,val,3,3,0.9999
n01440764__n01440764_8210.jpg,286,214,val,0,0,1.0
n03028079__n03028079_17831.jpg,358,500,val,4,4,1.0
n03445777__n03445777_6242.jpg,300,277,val,8,8,0.9993
n03417042__n03417042_28762.jpg,500,375,val,6,6,1.0
n03425413__n03425413_12270.jpg,200,150,val,7,7,0.998
n03425413__n03425413_13390.jpg,500,375,val,7,7,0.9996
n02979186__n02979186_12101.jpg,276,91,val,2,2,0.9993
n03000684__n03000684_8411.jpg,50,50,val,3,3,0.9958
n03425413__n03425413_21202.jpg,500,375,val,7,7,0.9998
n01440764__n01440764_8852.jpg,400,303,val,0,0,0.9998
n03394916__n03394916_36662.jpg,500,375,val,5,5,0.9994
n03425413__n03425413_14682.jpg,500,375,val,7,7,0.8864
n03445777__n03445777_2881.jpg,500,492,val,8,8,0.9999
n03445777__n03445777_10671.jpg,500,307,val,8,8,1.0
n02102040__n02102040_651.jpg,500,375,val,1,1,0.8547
n03394916__n03394916_29861.jpg,500,333,val,5,5,1.0
n03445777__ILSVRC2012_val_00014102.jpg,375,500,val,8,8,0.9997
n01440764__n01440764_10110.jpg,640,511,val,0,0,1.0
n03888257__ILSVRC2012_val_00009370.jpg,500,376,val,9,9,0.9993
n03028079__n03028079_16111.jpg,500,306,val,4,4,0.9998
n03028079__n03028079_30030.jpg,500,333,val,4,4,0.9996
n02979186__n02979186_1841.jpg,500,375,val,2,2,0.9996
n03425413__n03425413_2210.jpg,375,500,val,7,7,0.9995
n03888257__n03888257_22302.jpg,500,560,val,9,9,0.9999
n01440764__n01440764_4260.jpg,500,375,val,0,0,1.0
n03888257__n03888257_7960.jpg,307,250,val,9,9,0.9999
n03028079__n03028079_15240.jpg,500,374,val,4,4,0.9999
n02979186__n02979186_15441.jpg,500,333,val,2,2,0.9998
n03394916__n03394916_32411.jpg,375,500,val,5,5,0.9993
n03000684__ILSVRC2012_val_00017801.jpg,500,375,val,3,3,1.0
n02979186__n02979186_14550.jpg,500,375,val,2,2,0.964
n03000684__n03000684_1542.jpg,500,375,val,3,3,1.0
n03445777__n03445777_13480.jpg,500,334,val,8,8,1.0
n03394916__n03394916_45190.jpg,394,500,val,5,5,1.0
n03000684__n03000684_141.jpg,200,94,val,3,3,0.9997
n03417042__n03417042_1601.jpg,500,375,val,6,6,0.9958
n03445777__n03445777_4291.jpg,432,221,val,8,8,0.9999
n03394916__n03394916_43441.jpg,500,375,val,5,5,0.9993
n03445777__n03445777_602.jpg,375,500,val,8,8,0.9798
n03028079__n03028079_19501.jpg,500,375,val,4,4,0.9982
n03445777__n03445777_9552.jpg,500,375,val,8,8,1.0
n03445777__n03445777_8980.jpg,375,500,val,8,8,0.9991
n02979186__n02979186_7371.jpg,500,266,val,2,2,0.9998
n02979186__n02979186_14462.jpg,500,281,val,2,2,0.9624
n03000684__n03000684_18591.jpg,260,260,val,3,3,0.9998
n02979186__n02979186_3161.jpg,500,375,val,2,2,0.9998
n01440764__n01440764_6642.jpg,340,318,val,0,0,1.0
n03028079__n03028079_26571.jpg,500,379,val,4,4,0.9999
n01440764__ILSVRC2012_val_00045880.jpg,500,375,val,0,0,1.0
n02102040__n02102040_5712.jpg,500,333,val,1,1,0.9998
n03888257__n03888257_12641.jpg,500,334,val,9,9,0.9965
n01440764__n01440764_11972.jpg,260,195,val,0,0,1.0
n03417042__n03417042_11552.jpg,500,474,val,6,6,0.9998
n03028079__n03028079_32580.jpg,359,500,val,4,4,0.9995
n01440764__n01440764_3251.jpg,500,374,val,0,0,1.0
n02979186__n02979186_11122.jpg,500,375,val,2,2,0.9991
n03394916__n03394916_49722.jpg,350,217,val,5,5,0.9997
n02979186__n02979186_12092.jpg,130,117,val,2,2,0.8881
n02102040__n02102040_1160.jpg,500,376,val,1,1,1.0
n03425413__n03425413_2311.jpg,375,500,val,7,7,0.9999
n02102040__n02102040_390.jpg,500,375,val,1,1,1.0
n03028079__n03028079_30381.jpg,500,421,val,4,4,1.0
n03417042__n03417042_21102.jpg,500,332,val,6,6,1.0
n03445777__n03445777_13671.jpg,250,200,val,8,8,0.9938
n01440764__n01440764_5481.jpg,500,375,val,0,0,1.0
n01440764__n01440764_23111.jpg,500,375,val,0,0,0.9999
n03028079__n03028079_12061.jpg,500,354,val,4,4,0.9992
n03000684__n03000684_12052.jpg,500,281,val,3,3,0.9989
n02979186__n02979186_17470.jpg,90,90,val,2,2,0.9992
n03417042__n03417042_6050.jpg,500,333,val,6,6,1.0
n03028079__ILSVRC2012_val_00029870.jpg,396,500,val,4,4,0.9996
n03888257__n03888257_30691.jpg,351,500,val,9,9,0.9999
n03028079__n03028079_75880.jpg,500,476,val,4,4,0.9996
n03425413__n03425413_23321.jpg,375,500,val,7,7,0.9998
n03445777__n03445777_8971.jpg,500,312,val,8,8,1.0
n03445777__n03445777_9330.jpg,500,333,val,8,8,1.0
n03394916__n03394916_40302.jpg,500,375,val,5,5,0.9999
n03425413__n03425413_13922.jpg,333,500,val,7,3,0.8347
n03425413__n03425413_20530.jpg,421,500,val,7,7,0.9993
n02102040__n02102040_2112.jpg,500,333,val,1,1,0.9999
n03425413__n03425413_23312.jpg,500,334,val,7,7,0.999
n03417042__n03417042_14690.jpg,500,375,val,6,6,0.9997
n03888257__n03888257_17872.jpg,500,316,val,9,9,0.9994
n03888257__n03888257_32670.jpg,640,480,val,9,9,1.0
n03425413__n03425413_16190.jpg,333,500,val,7,7,0.9994
n02102040__n02102040_2842.jpg,450,480,val,1,1,1.0
n02102040__n02102040_1121.jpg,500,477,val,1,1,1.0
n03425413__n03425413_7371.jpg,500,409,val,7,7,0.9904
n02102040__n02102040_4241.jpg,500,333,val,1,1,1.0
n03888257__n03888257_3651.jpg,400,286,val,9,9,0.9992
n03425413__n03425413_17110.jpg,333,500,val,7,7,0.9579
n01440764__n01440764_10162.jpg,600,400,val,0,0,1.0
n03417042__n03417042_7530.jpg,500,375,val,6,6,0.9978
n03425413__n03425413_27010.jpg,1404,2396,val,7,7,0.9999
n03445777__n03445777_14051.jpg,1000,750,val,8,8,1.0
n03417042__n03417042_14861.jpg,500,375,val,6,6,1.0
n03445777__n03445777_71.jpg,500,333,val,8,8,0.9997
n03028079__n03028079_21591.jpg,500,333,val,4,4,0.9995
n01440764__n01440764_5781.jpg,500,375,val,0,0,1.0
n03394916__n03394916_34492.jpg,333,500,val,5,5,0.9983
n03394916__n03394916_28651.jpg,335,500,val,5,5,0.9374
n03000684__n03000684_9470.jpg,425,223,val,3,3,0.9999
n03028079__n03028079_9320.jpg,500,375,val,4,4,0.9995
n03888257__n03888257_17690.jpg,500,333,val,9,9,0.9917
n03425413__n03425413_19611.jpg,500,281,val,7,7,0.9998
n03028079__n03028079_7882.jpg,500,317,val,4,4,0.9999
n03425413__n03425413_70.jpg,512,387,val,7,7,0.8054
n03425413__n03425413_13080.jpg,500,377,val,7,7,0.9988
n03417042__n03417042_29412.jpg,500,375,val,6,6,1.0
n03028079__n03028079_26291.jpg,500,338,val,4,4,0.9996
n03394916__n03394916_42732.jpg,500,375,val,5,5,0.9978
n01440764__n01440764_9962.jpg,500,375,val,0,0,1.0
n03417042__n03417042_10802.jpg,450,308,val,6,6,0.9997
n02979186__n02979186_27582.jpg,640,352,val,2,2,1.0
n03394916__n03394916_43532.jpg,347,500,val,5,5,1.0
n03028079__n03028079_9220.jpg,500,333,val,4,4,1.0
n03445777__n03445777_8541.jpg,375,500,val,8,8,0.9963
n03028079__n03028079_80.jpg,500,333,val,4,4,0.9999
n01440764__n01440764_8531.jpg,276,222,val,0,0,1.0
n03394916__n03394916_230.jpg,158,263,val,5,5,0.9999
n03394916__n03394916_46260.jpg,354,500,val,5,5,0.9787
n01440764__n01440764_3151.jpg,1280,960,val,0,0,1.0
n03028079__n03028079_3732.jpg,500,335,val,4,4,0.9999
n03417042__n03417042_4551.jpg,500,375,val,6,6,1.0
n03028079__n03028079_28352.jpg,500,393,val,4,4,0.9696
n03445777__n03445777_11171.jpg,399,312,val,8,8,0.9921
n02979186__n02979186_10591.jpg,420,297,val,2,2,0.9999
n03445777__n03445777_9300.jpg,500,375,val,8,8,0.9999
n03028079__n03028079_16960.jpg,500,354,val,4,4,1.0
n03000684__n03000684_10132.jpg,500,375,val,3,3,0.9972
n02979186__n02979186_21910.jpg,176,150,val,2,2,1.0
n02102040__n02102040_1011.jpg,500,375,val,1,1,0.9999
n03028079__n03028079_40120.jpg,500,375,val,4,4,0.9999
n01440764__n01440764_14341.jpg,640,427,val,0,0,1.0
n03000684__n03000684_1290.jpg,200,150,val,3,3,0.8281
n03394916__n03394916_26802.jpg,332,500,val,5,5,0.9999
n02102040__n02102040_6851.jpg,500,375,val,1,1,1.0
n03028079__n03028079_26940.jpg,375,500,val,4,4,0.9999
n03425413__n03425413_1932.jpg,500,375,val,7,7,0.9992
n01440764__n01440764_752.jpg,800,556,val,0,0,1.0
n03417042__n03417042_29941.jpg,465,561,val,6,6,0.9453
n03028079__n03028079_9632.jpg,500,375,val,4,4,0.9998
n03417042__n03417042_25411.jpg,500,375,val,6,6,0.9768
n02102040__n02102040_990.jpg,500,375,val,1,1,1.0
n03417042__n03417042_751.jpg,500,375,val,6,6,0.9979
n02102040__n02102040_2652.jpg,333,500,val,1,1,1.0
n01440764__n01440764_11420.jpg,400,300,val,0,0,1.0
n02979186__n02979186_491.jpg,350,177,val,2,2,1.0
n03888257__n03888257_2520.jpg,183,500,val,9,9,0.9998
n03425413__n03425413_1472.jpg,375,500,val,7,7,0.9989
n03417042__n03417042_3141.jpg,481,500,val,6,6,1.0
n03028079__n03028079_14210.jpg,500,340,val,4,4,0.9992
n03000684__n03000684_15980.jpg,333,500,val,3,3,0.9999
n03445777__n03445777_501.jpg,300,225,val,8,8,1.0
n01440764__n01440764_14150.jpg,500,375,val,0,0,1.0
n03000684__n03000684_14650.jpg,500,375,val,3,3,0.9662
n03000684__n03000684_12370.jpg,314,400,val,3,2,0.8098
n03000684__n03000684_7360.jpg,200,200,val,3,3,0.9938
n03417042__n03417042_7521.jpg,500,375,val,6,6,1.0
n03425413__n03425413_14870.jpg,400,500,val,7,7,0.9685
n01440764__n01440764_7160.jpg,353,286,val,0,0,0.998
n03445777__n03445777_360.jpg,640,480,val,8,8,0.9994
n03445777__n03445777_13680.jpg,400,266,val,8,8,0.998
n02979186__n02979186_26590.jpg,172,152,val,2,2,1.0
n02102040__n02102040_1910.jpg,500,375,val,1,1,0.9981
n03425413__n03425413_27392.jpg,639,427,val,7,7,0.9994
n02102040__n02102040_3062.jpg,477,500,val,1,1,1.0
n03394916__n03394916_180.jpg,784,784,val,5,5,1.0
n03394916__n03394916_33260.jpg,375,500,val,5,5,1.0
n03445777__n03445777_15131.jpg,500,375,val,8,8,1.0
n03028079__n03028079_34851.jpg,500,361,val,4,4,0.996
n03445777__n03445777_13462.jpg,500,325,val,8,8,0.9998
n03888257__n03888257_39402.jpg,500,334,val,9,9,0.9999
n03888257__n03888257_57010.jpg,334,500,val,9,9,1.0
n02102040__n02102040_1720.jpg,375,500,val,1,1,1.0
n03000684__n03000684_2421.jpg,500,332,val,3,3,1.0
n02102040__n02102040_460.jpg,375,500,val,1,1,1.0
n03000684__n03000684_15181.jpg,500,334,val,3,3,0.995
n02979186__n02979186_14712.jpg,500,375,val,2,2,0.9999
n03000684__n03000684_19211.jpg,500,375,val,3,3,0.9993
n03425413__n03425413_13642.jpg,374,500,val,7,7,0.9845
n03425413__n03425413_14381.jpg,500,385,val,7,7,0.9992
n03445777__n03445777_14720.jpg,200,312,val,8,8,0.9994
n02979186__n02979186_4830.jpg,307,231,val,2,2,0.9335
n03000684__n03000684_6881.jpg,500,375,val,3,3,0.9897
n03888257__n03888257_33170.jpg,333,500,val,9,5,0.559
n03417042__n03417042_690.jpg,500,375,val,6,6,0.6013
n03445777__n03445777_18491.jpg,200,150,val,8,8,0.9836
n03445777__n03445777_7652.jpg,500,427,val,8,8,0.9944
n03417042__n03417042_12400.jpg,300,202,val,6,6,0.9992
n03394916__n03394916_68382.jpg,500,328,val,5,5,0.9927
n01440764__n01440764_27530.jpg,500,362,val,0,0,0.9629
n03028079__n03028079_76700.jpg,500,375,val,4,4,0.9995
n01440764__n01440764_13702.jpg,500,332,val,0,0,1.0
n03028079__n03028079_4661.jpg,346,500,val,4,4,0.999
n03028079__n03028079_8971.jpg,500,375,val,4,4,0.9994
n03417042__n03417042_11222.jpg,800,620,val,6,6,0.9999
n02102040__n02102040_4801.jpg,500,333,val,1,1,0.9999
n03417042__n03417042_3600.jpg,500,375,val,6,6,0.9965
n01440764__n01440764_4540.jpg,500,375,val,0,0,1.0
n03425413__n03425413_8302.jpg,375,500,val,7,7,0.8723
n03888257__n03888257_8982.jpg,800,531,val,9,9,0.9999
n03425413__n03425413_3471.jpg,410,500,val,7,7,0.9795
n02102040__n02102040_7792.jpg,500,375,val,1,1,0.9868
n03888257__n03888257_25611.jpg,640,427,val,9,9,0.9917
n03000684__n03000684_6160.jpg,500,375,val,3,3,0.9997
n03445777__n03445777_9102.jpg,500,355,val,8,8,1.0
n03000684__n03000684_7132.jpg,500,375,val,3,3,1.0
n03000684__n03000684_26901.jpg,370,198,val,3,3,1.0
n01440764__n01440764_11930.jpg,500,375,val,0,0,1.0
n03888257__n03888257_10050.jpg,375,500,val,9,9,0.9994
n03417042__n03417042_18072.jpg,500,375,val,6,6,0.9756
n01440764__n01440764_20451.jpg,500,294,val,0,0,1.0
n03000684__n03000684_16790.jpg,500,375,val,3,3,0.9132
n03394916__n03394916_42452.jpg,375,500,val,5,5,0.9803
n03000684__n03000684_35692.jpg,333,500,val,3,3,0.6546
n03000684__n03000684_21641.jpg,160,122,val,3,3,1.0
n03445777__n03445777_16332.jpg,500,375,val,8,8,1.0
n01440764__n01440764_5432.jpg,1600,1200,val,0,0,1.0
n03028079__n03028079_58650.jpg,500,348,val,4,4,0.9997
n03888257__n03888257_10661.jpg,2400,3000,val,9,9,0.9992
n03000684__n03000684_3072.jpg,450,271,val,3,3,1.0
n03000684__ILSVRC2012_val_00007460.jpg,450,225,val,3,3,1.0
n02102040__n02102040_4392.jpg,500,375,val,1,1,0.9973
n03425413__n03425413_5301.jpg,1950,3521,val,7,7,0.9999
n03394916__n03394916_17100.jpg,400,514,val,5,5,1.0
n03028079__n03028079_40711.jpg,375,500,val,4,4,1.0
n02102040__n02102040_8432.jpg,500,375,val,1,1,0.9999
n02102040__n02102040_30.jpg,500,375,val,1,1,1.0
n01440764__n01440764_8992.jpg,350,316,val,0,0,0.9999
n03425413__n03425413_18871.jpg,500,375,val,7,6,0.7554
n01440764__n01440764_4562.jpg,500,334,val,0,0,0.9974
n03888257__n03888257_51872.jpg,333,500,val,9,9,0.9997
n02979186__n02979186_17172.jpg,550,412,val,2,2,0.9999
n01440764__n01440764_4510.jpg,450,394,val,0,0,0.9998
n03417042__n03417042_5670.jpg,500,375,val,6,6,1.0
n03394916__n03394916_1091.jpg,600,480,val,5,5,0.9999
n02102040__n02102040_1841.jpg,500,377,val,1,1,0.9981
n02979186__n02979186_11372.jpg,550,444,val,2,2,0.9986
n03000684__n03000684_16460.jpg,357,500,val,3,3,0.9844
n02979186__n02979186_12681.jpg,500,375,val,2,2,0.9995
n03417042__n03417042_9601.jpg,800,372,val,6,6,1.0
n03028079__n03028079_11591.jpg,375,500,val,4,4,1.0
n03028079__n03028079_15602.jpg,500,375,val,4,4,0.9979
n03425413__n03425413_14712.jpg,375,500,val,7,7,0.9997
n03417042__n03417042_27630.jpg,500,375,val,6,6,0.9999
n02979186__n02979186_20132.jpg,320,257,val,2,2,0.9941
n02102040__n02102040_1260.jpg,500,485,val,1,1,0.9952
n02979186__n02979186_4780.jpg,400,300,val,2,2,0.9398
n03000684__n03000684_20081.jpg,180,248,val,3,3,0.9987
n01440764__n01440764_2221.jpg,500,375,val,0,0,1.0
n03425413__n03425413_14411.jpg,375,500,val,7,7,0.9994
n03417042__n03417042_17142.jpg,600,360,val,6,6,0.9998
n03445777__n03445777_13831.jpg,265,265,val,8,8,0.9996
n03445777__n03445777_10560.jpg,362,500,val,8,8,0.9996
n01440764__n01440764_14802.jpg,500,333,val,0,0,1.0
n03394916__n03394916_32522.jpg,500,375,val,5,5,0.9999
n02102040__n02102040_3141.jpg,376,500,val,1,1,1.0
n01440764__n01440764_13860.jpg,520,416,val,0,0,1.0
n03888257__n03888257_50622.jpg,329,500,val,9,9,1.0
n03888257__n03888257_80.jpg,500,375,val,9,9,1.0
n01440764__n01440764_11750.jpg,600,902,val,0,0,0.9994
n02979186__n02979186_7362.jpg,280,280,val,2,2,0.9999
n01440764__n01440764_2490.jpg,375,500,val,0,0,0.9999
n03028079__n03028079_9702.jpg,375,500,val,4,4,0.9999
n03445777__n03445777_5492.jpg,350,271,val,8,8,0.997
n03000684__n03000684_29900.jpg,500,246,val,3,3,0.994
n03417042__n03417042_820.jpg,1600,1200,val,6,6,1.0
n03028079__n03028079_19192.jpg,640,855,val,4,4,0.9999
n03394916__n03394916_40741.jpg,362,500,val,5,5,0.9992
n01440764__n01440764_8191.jpg,709,435,val,0,0,1.0
n01440764__n01440764_7701.jpg,500,375,val,0,0,1.0
n03394916__n03394916_38201.jpg,375,500,val,5,5,0.9995
n03000684__n03000684_18242.jpg,303,129,val,3,3,1.0
n03425413__n03425413_17961.jpg,500,375,val,7,7,0.9992
n03417042__n03417042_3140.jpg,500,375,val,6,6,0.9998
n03000684__n03000684_6341.jpg,180,180,val,3,3,0.997
n01440764__n01440764_6812.jpg,342,525,val,0,0,0.9998
n02979186__n02979186_16241.jpg,500,375,val,2,2,1.0
n03417042__n03417042_3482.jpg,375,500,val,6,6,0.994
n03425413__n03425413_7731.jpg,500,388,val,7,7,0.9999
n03445777__n03445777_18292.jpg,500,333,val,8,8,1.0
n02102040__n02102040_2750.jpg,500,375,val,1,1,0.9907
n03394916__n03394916_29311.jpg,500,500,val,5,5,1.0
n03425413__n03425413_6271.jpg,360,550,val,7,7,0.9728
n03445777__n03445777_3122.jpg,500,375,val,8,8,0.9998
n03425413__n03425413_29331.jpg,800,600,val,7,3,0.4429
n03417042__n03417042_22.jpg,500,375,val,6,6,0.9983
n02979186__n02979186_3102.jpg,640,480,val,2,2,0.9566
n03425413__n03425413_19221.jpg,375,500,val,7,7,0.9907
n02979186__n02979186_26820.jpg,500,375,val,2,2,0.9994
n03028079__n03028079_3441.jpg,346,500,val,4,4,0.9997
n03000684__n03000684_7620.jpg,500,375,val,3,3,1.0
n03000684__n03000684_19771.jpg,240,160,val,3,3,0.9913
n01440764__n01440764_6361.jpg,657,931,val,0,0,1.0
n03028079__n03028079_1881.jpg,375,500,val,4,4,0.9987
n03888257__n03888257_7831.jpg,500,375,val,9,9,1.0
n03417042__n03417042_10300.jpg,500,375,val,6,6,0.9999
n03888257__n03888257_22972.jpg,333,500,val,9,9,0.9998
n03417042__n03417042_6241.jpg,500,375,val,6,6,1.0
n01440764__n01440764_16072.jpg,500,333,val,0,0,1.0
n01440764__n01440764_8012.jpg,250,227,val,0,0,0.997
n03888257__n03888257_33931.jpg,335,500,val,9,9,0.999
n02979186__n02979186_16581.jpg,383,232,val,2,2,0.9993
n03028079__n03028079_3600.jpg,500,398,val,4,4,0.9999
n03425413__n03425413_1381.jpg,500,375,val,7,7,0.9996
n03028079__n03028079_71550.jpg,500,374,val,4,4,0.9805
n03000684__n03000684_7460.jpg,500,332,val,3,3,0.9995
n03417042__n03417042_19020.jpg,500,375,val,6,6,0.9999
n03028079__n03028079_25800.jpg,500,400,val,4,4,0.9986
n03028079__n03028079_27662.jpg,369,500,val,4,4,0.9967
n03394916__n03394916_27560.jpg,354,500,val,5,5,0.9998
n03000684__ILSVRC2012_val_00036092.jpg,500,375,val,3,3,0.9988
n03888257__n03888257_11210.jpg,404,500,val,9,9,0.9986
n02102040__n02102040_3160.jpg,500,375,val,1,1,0.9995
n03445777__n03445777_8552.jpg,320,320,val,8,8,0.9996
n03888257__n03888257_19451.jpg,500,375,val,9,9,0.9999
n03028079__n03028079_10451.jpg,464,685,val,4,4,0.9992
n03445777__n03445777_16331.jpg,350,370,val,8,8,0.9609
n03028079__n03028079_10631.jpg,385,500,val,4,4,0.9984
n03425413__n03425413_8542.jpg,357,500,val,7,7,0.917
n01440764__n01440764_11350.jpg,500,332,val,0,0,1.0
n03028079__n03028079_12681.jpg,500,380,val,4,4,0.9985
n03425413__n03425413_8412.jpg,1537,1024,val,7,7,0.7511
n03417042__n03417042_8552.jpg,500,375,val,6,6,0.9996
n02102040__n02102040_142.jpg,500,386,val,1,1,1.0
n01440764__n01440764_11190.jpg,400,533,val,0,0,1.0
n03394916__n03394916_34752.jpg,333,500,val,5,5,0.9713
n03425413__n03425413_14940.jpg,375,500,val,7,7,0.9998
n03425413__n03425413_12712.jpg,375,500,val,7,7,0.7617
n03000684__n03000684_13510.jpg,500,333,val,3,3,0.9999
n02979186__n02979186_13851.jpg,333,500,val,2,2,0.9987
n03425413__n03425413_10942.jpg,375,500,val,7,7,0.9628
n03028079__n03028079_20232.jpg,450,600,val,4,4,0.9919
n02979186__n02979186_2312.jpg,499,404,val,2,2,0.902
n03888257__n03888257_19211.jpg,360,500,val,9,9,0.9979
n03394916__n03394916_36172.jpg,500,375,val,5,5,0.9986
n02979186__n02979186_22992.jpg,500,333,val,2,2,0.9997
n03425413__n03425413_15630.jpg,375,500,val,7,7,0.999
n03000684__n03000684_8190.jpg,375,500,val,3,3,0.9998
n03417042__n03417042_6272.jpg,599,449,val,6,6,0.9919
n02102040__n02102040_5070.jpg,497,500,val,1,1,1.0
n03425413__n03425413_20751.jpg,343,500,val,7,7,1.0
n01440764__n01440764_6410.jpg,500,375,val,0,0,0.9991
n03445777__n03445777_6080.jpg,500,417,val,8,8,1.0
n02102040__n02102040_1301.jpg,500,375,val,1,3,0.396
n03394916__n03394916_51680.jpg,600,450,val,5,5,1.0
n03417042__n03417042_2110.jpg,500,375,val,6,6,0.9985
n03028079__n03028079_29412.jpg,317,500,val,4,4,0.9985
n03425413__n03425413_19131.jpg,333,500,val,7,7,0.9837
n03445777__n03445777_9740.jpg,375,500,val,8,8,0.9999
n03417042__n03417042_8690.jpg,500,375,val,6,6,0.9998
n03028079__n03028079_1922.jpg,362,500,val,4,4,1.0
n03445777__n03445777_9850.jpg,350,392,val,8,8,0.9997
n03425413__n03425413_13572.jpg,500,375,val,7,7,0.9998
n03445777__n03445777_4290.jpg,500,375,val,8,8,0.9999
n02979186__n02979186_14471.jpg,500,334,val,2,2,0.9902
n03417042__n03417042_5380.jpg,500,333,val,6,6,0.9996
n01440764__n01440764_20922.jpg,333,500,val,0,0,0.9998
n03888257__n03888257_64711.jpg,500,313,val,9,9,1.0
n03394916__n03394916_4301.jpg,591,413,val,5,5,0.9971
n02102040__n02102040_5960.jpg,375,500,val,1,1,1.0
n01440764__n01440764_7210.jpg,500,418,val,0,0,1.0
n03000684__n03000684_15932.jpg,500,334,val,3,3,0.9685
n03425413__n03425413_19271.jpg,332,500,val,7,7,0.9991
n03028079__n03028079_5402.jpg,500,500,val,4,4,0.9969
n02102040__n02102040_1252.jpg,500,333,val,1,2,0.3453
n03417042__n03417042_3422.jpg,500,375,val,6,6,0.9984
n03417042__n03417042_28600.jpg,500,375,val,6,6,1.0
n03425413__n03425413_12962.jpg,500,375,val,7,7,0.9999
n02102040__n02102040_2470.jpg,500,375,val,1,1,0.9995
n03417042__n03417042_12560.jpg,550,303,val,6,6,0.9866
n03445777__n03445777_12480.jpg,177,177,val,8,8,0.9999
n03394916__n03394916_33101.jpg,500,458,val,5,5,0.9803
n03000684__n03000684_3361.jpg,500,400,val,3,3,0.9997
n02979186__n02979186_9011.jpg,500,281,val,2,2,1.0
n03000684__n03000684_82.jpg,375,500,val,3,3,0.9914
n01440764__n01440764_3202.jpg,221,164,val,0,0,1.0
n02102040__n02102040_1830.jpg,500,375,val,1,1,0.9977
n02102040__n02102040_5390.jpg,500,375,val,1,1,0.9992
n01440764__n01440764_5680.jpg,575,334,val,0,0,1.0
n03425413__n03425413_23251.jpg,500,333,val,7,7,0.993
n03425413__n03425413_21211.jpg,500,375,val,7,7,0.9817
n03425413__ILSVRC2012_val_00009821.jpg,375,500,val,7,7,0.9997
n03888257__n03888257_61350.jpg,500,333,val,9,9,0.9994
n03445777__n03445777_7711.jpg,500,302,val,8,8,0.9991
n03394916__n03394916_47110.jpg,500,333,val,5,5,0.9979
n02102040__n02102040_2641.jpg,413,500,val,1,1,1.0
n01440764__n01440764_3271.jpg,269,191,val,0,0,1.0
n03425413__n03425413_23912.jpg,375,500,val,7,7,0.9997
n01440764__n01440764_13770.jpg,500,375,val,0,0,1.0
n03028079__n03028079_15930.jpg,500,330,val,4,4,0.9962
n01440764__n01440764_8030.jpg,500,375,val,0,0,1.0
n03445777__n03445777_2770.jpg,245,245,val,8,8,1.0
n03445777__n03445777_2530.jpg,500,375,val,8,8,1.0
n03445777__n03445777_3421.jpg,200,199,val,8,8,0.9986
n02979186__ILSVRC2012_val_00043731.jpg,400,306,val,2,2,0.9991
n03028079__n03028079_20012.jpg,375,500,val,4,4,0.9999
n01440764__n01440764_1302.jpg,500,311,val,0,0,0.9994
n03028079__n03028079_29670.jpg,500,375,val,4,4,0.9998
n03394916__n03394916_49952.jpg,480,640,val,5,5,1.0
n03445777__n03445777_6551.jpg,500,334,val,8,8,1.0
n02102040__n02102040_620.jpg,500,375,val,1,1,0.9999
n03425413__n03425413_13381.jpg,500,377,val,7,7,0.9999
n03000684__n03000684_14761.jpg,375,500,val,3,3,0.9915
n03028079__n03028079_72272.jpg,500,375,val,4,4,0.994
n03028079__ILSVRC2012_val_00019331.jpg,375,500,val,4,4,0.9984
n03028079__n03028079_27520.jpg,500,375,val,4,4,0.9996
n03417042__n03417042_3862.jpg,414,331,val,6,6,0.9977
n01440764__n01440764_341.jpg,350,221,val,0,0,1.0
n03888257__n03888257_29500.jpg,500,314,val,9,9,1.0
n03425413__n03425413_7292.jpg,1136,1152,val,7,7,1.0
n02102040__n02102040_4722.jpg,500,375,val,1,1,1.0
n03028079__n03028079_30642.jpg,473,500,val,4,4,0.9952
n03425413__n03425413_20711.jpg,375,500,val,7,7,0.9998
n01440764__n01440764_172.jpg,300,189,val,0,0,0.9985
n03000684__ILSVRC2012_val_00004262.jpg,500,409,val,3,3,0.9955
n03888257__n03888257_43260.jpg,500,327,val,9,9,0.9968
n03445777__n03445777_70.jpg,500,448,val,8,8,0.9998
n03028079__n03028079_7260.jpg,500,358,val,4,4,0.9996
n01440764__n01440764_650.jpg,500,375,val,0,0,1.0
n03888257__n03888257_26931.jpg,500,333,val,9,9,0.999
n03888257__n03888257_15312.jpg,500,333,val,9,9,0.9998
n01440764__n01440764_10822.jpg,600,450,val,0,0,1.0
n03000684__n03000684_27361.jpg,400,320,val,3,3,0.9998
n02102040__n02102040_4492.jpg,500,375,val,1,1,0.9944
n02979186__n02979186_26451.jpg,420,320,val,2,2,1.0
n02102040__ILSVRC2012_val_00023440.jpg,367,500,val,1,1,0.999
n03394916__n03394916_40391.jpg,500,357,val,5,5,0.9772
n02979186__n02979186_19690.jpg,300,225,val,2,2,0.999
n03028079__n03028079_17690.jpg,500,443,val,4,4,0.9995
n03445777__n03445777_6091.jpg,500,400,val,8,8,0.9987
n03888257__n03888257_17970.jpg,742,508,val,9,9,0.9999
n01440764__n01440764_6572.jpg,320,240,val,0,0,0.9999
n03425413__n03425413_13502.jpg,377,500,val,7,7,0.8375
n03445777__n03445777_12862.jpg,300,400,val,8,8,0.9838
n03888257__n03888257_18560.jpg,500,333,val,9,9,0.9899
n02102040__n02102040_4670.jpg,500,333,val,1,1,1.0
n03425413__n03425413_15950.jpg,333,500,val,7,7,0.9975
n03417042__n03417042_24020.jpg,800,598,val,6,6,0.9992
n03028079__n03028079_7752.jpg,500,374,val,4,4,0.9981
n03394916__ILSVRC2012_val_00025430.jpg,500,333,val,5,5,0.9983
n02979186__n02979186_27262.jpg,200,200,val,2,2,0.9855
n03425413__n03425413_14280.jpg,407,500,val,7,7,0.9893
n02979186__n02979186_8570.jpg,200,150,val,2,2,1.0
n02102040__n02102040_970.jpg,500,333,val,1,1,1.0
n03417042__n03417042_12790.jpg,500,375,val,6,6,0.9999
n01440764__n01440764_8910.jpg,375,309,val,0,0,1.0
n01440764__n01440764_9772.jpg,480,360,val,0,0,0.9993
n03445777__n03445777_5862.jpg,500,314,val,8,8,0.9999
n03425413__ILSVRC2012_val_00022252.jpg,375,500,val,7,7,0.9997
n03028079__ILSVRC2012_val_00023000.jpg,500,375,val,4,4,0.9999
n01440764__n01440764_4341.jpg,361,500,val,0,0,1.0
n03394916__n03394916_36782.jpg,500,375,val,5,5,0.9997
n03425413__n03425413_14650.jpg,463,500,val,7,7,0.9999
n01440764__n01440764_261.jpg,425,239,val,0,0,0.9986
n03888257__n03888257_20572.jpg,500,495,val,9,9,0.9996
n03394916__n03394916_58402.jpg,506,338,val,5,5,1.0
n01440764__n01440764_7591.jpg,456,215,val,0,0,1.0
n03888257__n03888257_13242.jpg,267,400,val,9,9,0.9919
n02102040__n02102040_8320.jpg,500,375,val,1,1,0.9975
n02102040__n02102040_1791.jpg,500,333,val,1,1,1.0
n03445777__n03445777_15692.jpg,294,221,val,8,8,0.9981
n03000684__n03000684_2980.jpg,392,246,val,3,3,0.9747
n03445777__n03445777_11822.jpg,136,204,val,8,8,0.9999
n02102040__n02102040_5851.jpg,333,500,val,1,1,0.9999
n03445777__n03445777_16051.jpg,370,245,val,8,8,1.0
n02979186__n02979186_16952.jpg,432,324,val,2,2,1.0
n03000684__n03000684_16280.jpg,640,480,val,3,3,1.0
n02979186__n02979186_482.jpg,250,250,val,2,2,0.9942
n02979186__n02979186_7531.jpg,500,375,val,2,2,0.9994
n03028079__n03028079_79790.jpg,500,342,val,4,4,0.9999
n03888257__n03888257_19702.jpg,500,375,val,9,9,0.9998
n03888257__n03888257_66102.jpg,500,333,val,9,9,0.9942
n01440764__n01440764_9931.jpg,578,390,val,0,0,1.0
n03028079__n03028079_6110.jpg,376,500,val,4,4,0.9999
n02102040__n02102040_3371.jpg,395,500,val,1,1,0.9999
n03028079__n03028079_6292.jpg,500,500,val,4,4,0.9977
n03394916__n03394916_24420.jpg,498,460,val,5,5,1.0
n03888257__n03888257_9552.jpg,390,600,val,9,9,0.9999
n03445777__n03445777_9762.jpg,500,500,val,8,8,0.9999
n03425413__n03425413_17000.jpg,375,500,val,7,7,1.0
n03445777__n03445777_14301.jpg,400,400,val,8,8,1.0
n03028079__n03028079_25462.jpg,500,372,val,4,4,0.9998
n03425413__n03425413_7262.jpg,759,1353,val,7,7,0.9999
n03445777__n03445777_10030.jpg,500,375,val,8,8,0.9999
n03000684__n03000684_16861.jpg,500,375,val,3,3,0.9999
n03028079__n03028079_25542.jpg,500,396,val,4,4,0.9999
n03417042__n03417042_15482.jpg,500,375,val,6,6,0.9998
n02979186__n02979186_70.jpg,300,300,val,2,2,0.9997
n03425413__n03425413_17980.jpg,495,500,val,7,7,0.9998
n02102040__n02102040_251.jpg,389,500,val,1,1,1.0
n03394916__n03394916_36361.jpg,500,375,val,5,5,0.9988
n03028079__n03028079_33241.jpg,500,333,val,4,4,0.9994
n02979186__n02979186_6172.jpg,500,375,val,2,2,0.9995
n02979186__n02979186_17680.jpg,100,100,val,2,2,0.9862
n03888257__n03888257_31180.jpg,500,375,val,9,9,0.9987
n02102040__n02102040_1781.jpg,400,500,val,1,1,1.0
n01440764__n01440764_6962.jpg,945,933,val,0,0,1.0
n02102040__n02102040_7860.jpg,629,467,val,1,1,1.0
n03888257__n03888257_12811.jpg,500,375,val,9,9,0.5915
n03888257__ILSVRC2012_val_00025121.jpg,369,500,val,9,9,0.9996
n03394916__n03394916_36752.jpg,500,375,val,5,5,0.9999
n02979186__n02979186_13442.jpg,500,375,val,2,2,0.9994
n03028079__n03028079_362.jpg,500,366,val,4,4,0.9966
n03000684__n03000684_9612.jpg,640,480,val,3,3,0.9999
n03888257__n03888257_3720.jpg,500,375,val,9,9,0.9998
n03028079__n03028079_24642.jpg,500,375,val,4,4,0.9999
n03425413__n03425413_13120.jpg,334,500,val,7,7,0.9999
n03000684__n03000684_15582.jpg,240,229,val,3,3,0.9985
n01440764__ILSVRC2012_val_00030740.jpg,375,500,val,0,0,1.0
n02979186__n02979186_27632.jpg,177,150,val,2,2,0.6966
n03425413__n03425413_20651.jpg,500,375,val,7,7,0.9998
n03417042__n03417042_6981.jpg,700,450,val,6,6,0.9984
n03394916__n03394916_48491.jpg,504,358,val,5,5,1.0
n02102040__n02102040_3112.jpg,500,375,val,1,1,1.0
n03394916__n03394916_55411.jpg,1162,773,val,5,5,1.0
n03445777__n03445777_1482.jpg,500,333,val,8,8,1.0
n03888257__n03888257_36831.jpg,500,354,val,9,9,0.9933
n02102040__n02102040_1092.jpg,500,375,val,1,1,1.0
n03417042__n03417042_5320.jpg,500,380,val,6,6,1.0
n02102040__n02102040_580.jpg,500,375,val,1,1,0.9998
n02102040__n02102040_8300.jpg,333,500,val,1,1,0.9999
n01440764__n01440764_13122.jpg,335,500,val,0,0,0.9998
n03028079__n03028079_13981.jpg,500,375,val,4,4,1.0
n03888257__n03888257_6541.jpg,800,537,val,9,9,0.9999
n03425413__n03425413_9051.jpg,610,422,val,7,7,0.9973
n03417042__n03417042_10280.jpg,430,500,val,6,6,0.9998
n02979186__n02979186_3260.jpg,500,375,val,2,2,1.0
n03888257__n03888257_16542.jpg,500,333,val,9,9,0.991
n03000684__n03000684_3392.jpg,100,77,val,3,3,0.9966
n03000684__n03000684_24620.jpg,500,375,val,3,3,1.0
n01440764__n01440764_5410.jpg,627,471,val,0,0,0.999
n01440764__n01440764_16220.jpg,349,500,val,0,0,1.0
n02979186__n02979186_11120.jpg,428,500,val,2,2,0.9997
n03028079__n03028079_3932.jpg,500,375,val,4,4,0.9997
n02102040__n02102040_1300.jpg,500,422,val,1,1,0.9999
n03425413__n03425413_7741.jpg,500,375,val,7,7,0.9999
n03028079__n03028079_1372.jpg,380,500,val,4,4,0.9998
n02102040__n02102040_1770.jpg,500,375,val,1,1,0.9998
n03445777__n03445777_5670.jpg,600,450,val,8,8,0.9999
n03425413__n03425413_8012.jpg,375,500,val,7,7,0.9998
n03445777__n03445777_2251.jpg,190,190,val,8,8,0.9409
n02979186__n02979186_7820.jpg,135,105,val,2,2,0.6492
n03417042__n03417042_4491.jpg,500,332,val,6,6,0.9996
n02102040__n02102040_312.jpg,500,333,val,1,1,0.9994
n03417042__n03417042_29231.jpg,640,480,val,6,6,0.9997
n02102040__n02102040_1030.jpg,500,333,val,1,1,1.0
n03888257__n03888257_21201.jpg,500,333,val,9,9,0.9997
n03425413__n03425413_17441.jpg,500,333,val,7,7,0.9919
n02979186__n02979186_5031.jpg,280,280,val,2,2,0.9999
n03394916__n03394916_71910.jpg,500,333,val,5,5,0.9996
n03028079__n03028079_40510.jpg,500,333,val,4,4,0.9996
n03394916__n03394916_36771.jpg,375,500,val,5,5,0.9979
n03888257__n03888257_3932.jpg,359,500,val,9,9,0.996
n03000684__n03000684_16092.jpg,500,375,val,3,3,0.9991
n03425413__n03425413_14600.jpg,375,500,val,7,7,0.9999
n03425413__n03425413_20680.jpg,375,500,val,7,7,0.9997
n03888257__n03888257_33471.jpg,500,333,val,9,9,0.9976
n03000684__n03000684_13560.jpg,375,500,val,3,3,0.9993
n03417042__n03417042_2960.jpg,500,375,val,6,6,0.9999
n01440764__n01440764_9572.jpg,200,150,val,0,0,0.9999
n03028079__n03028079_39321.jpg,500,333,val,4,4,0.7927
n03445777__n03445777_2332.jpg,280,268,val,8,8,1.0
n03417042__ILSVRC2012_val_00034001.jpg,500,375,val,6,6,0.9991
n03394916__n03394916_51071.jpg,607,482,val,5,5,0.9062
n03445777__n03445777_4211.jpg,333,500,val,8,8,0.9998
n03888257__n03888257_912.jpg,500,415,val,9,9,0.9999
n03445777__n03445777_7310.jpg,500,375,val,8,8,0.9999
n03000684__n03000684_27850.jpg,333,500,val,3,3,0.9956
n03028079__n03028079_43102.jpg,500,344,val,4,4,0.9999
n03888257__n03888257_7311.jpg,650,420,val,9,9,0.9999
n03888257__n03888257_18360.jpg,500,332,val,9,9,0.9795
n01440764__n01440764_7922.jpg,203,221,val,0,0,0.9999
n03394916__n03394916_14162.jpg,2272,1704,val,5,5,1.0
n03888257__n03888257_28581.jpg,500,333,val,9,9,0.9987
n03028079__n03028079_1091.jpg,1112,1208,val,4,4,0.9999
n03000684__n03000684_8800.jpg,333,500,val,3,3,0.9983
n01440764__n01440764_12950.jpg,604,453,val,0,0,1.0
n03028079__n03028079_13601.jpg,341,500,val,4,4,0.9995
n02102040__n02102040_5030.jpg,500,376,val,1,1,1.0
n03000684__n03000684_17431.jpg,245,165,val,3,3,0.9999
n03000684__n03000684_441.jpg,240,180,val,3,2,0.9319
n03394916__n03394916_9451.jpg,400,317,val,5,5,1.0
n02102040__n02102040_3260.jpg,500,375,val,1,1,1.0
n03425413__n03425413_13060.jpg,468,500,val,7,7,0.9595
n03028079__ILSVRC2012_val_00004912.jpg,500,383,val,4,4,0.9998
n03028079__n03028079_332.jpg,500,285,val,4,4,0.9992
n02102040__n02102040_1760.jpg,376,500,val,1,1,1.0
n03028079__n03028079_9662.jpg,500,324,val,4,4,0.9998
n03445777__n03445777_6201.jpg,416,272,val,8,8,0.9999
n03000684__n03000684_12642.jpg,500,375,val,3,3,0.9717
n02979186__n02979186_13510.jpg,160,240,val,2,2,0.8634
n03028079__n03028079_49281.jpg,500,375,val,4,4,0.9941
n02102040__n02102040_6992.jpg,500,333,val,1,1,1.0
n01440764__n01440764_10410.jpg,345,231,val,0,0,0.9999
n03445777__n03445777_4042.jpg,500,386,val,8,8,1.0
n03445777__ILSVRC2012_val_00042350.jpg,333,500,val,8,8,0.9999
n03394916__n03394916_33490.jpg,495,365,val,5,5,0.9998
n02979186__n02979186_19582.jpg,280,280,val,2,2,0.9972
n03000684__n03000684_1031.jpg,500,375,val,3,3,0.9994
n03000684__n03000684_10960.jpg,500,375,val,3,3,0.9487
n03394916__n03394916_27241.jpg,500,375,val,5,5,1.0
n02979186__n02979186_12590.jpg,500,375,val,2,2,0.9781
n03425413__n03425413_31111.jpg,375,500,val,7,7,1.0
n03417042__n03417042_620.jpg,450,298,val,6,6,0.9995
n03445777__n03445777_4731.jpg,439,423,val,8,8,1.0
n03417042__n03417042_27931.jpg,500,375,val,6,6,1.0
n03394916__n03394916_57530.jpg,604,453,val,5,5,0.9963
n03445777__n03445777_5932.jpg,210,157,val,8,8,0.6559
n03425413__n03425413_14691.jpg,375,500,val,7,7,0.9807
n03028079__n03028079_3700.jpg,375,500,val,4,4,0.9999
n03394916__n03394916_11030.jpg,486,352,val,5,5,1.0
n02979186__n02979186_13061.jpg,375,500,val,2,2,0.9987
n03000684__n03000684_3952.jpg,500,375,val,3,3,1.0
n03000684__n03000684_5500.jpg,300,177,val,3,3,0.9999
n03445777__n03445777_1072.jpg,332,500,val,8,8,0.9254
n03888257__ILSVRC2012_val_00014381.jpg,380,500,val,9,9,0.9999
n03417042__n03417042_10612.jpg,500,375,val,6,6,0.9997
n03394916__n03394916_47560.jpg,1024,683,val,5,5,1.0
n02102040__n02102040_6892.jpg,500,348,val,1,1,1.0
n03445777__n03445777_531.jpg,300,300,val,8,8,0.663
n03028079__n03028079_14192.jpg,375,500,val,4,4,0.9976
n02979186__n02979186_1891.jpg,500,375,val,2,2,0.9998
n03028079__n03028079_3972.jpg,396,500,val,4,4,0.9579
n03394916__n03394916_28830.jpg,500,421,val,5,5,0.9404
n03445777__n03445777_2822.jpg,500,375,val,8,8,0.9998
n03425413__n03425413_17001.jpg,500,345,val,7,7,0.9967
n03417042__n03417042_8581.jpg,500,375,val,6,6,1.0
n03417042__n03417042_1840.jpg,500,395,val,6,6,1.0
n02102040__n02102040_622.jpg,252,212,val,1,1,0.9824
n03394916__n03394916_45760.jpg,333,500,val,5,6,0.3373
n03000684__n03000684_34440.jpg,336,500,val,3,3,0.9999
n03445777__n03445777_5912.jpg,500,375,val,8,8,0.9996
n01440764__n01440764_7131.jpg,424,500,val,0,0,0.9999
n03394916__n03394916_46672.jpg,500,385,val,5,5,0.998
n02102040__n02102040_3212.jpg,500,375,val,1,1,1.0
n03888257__n03888257_36390.jpg,500,335,val,9,9,0.998
n02102040__n02102040_352.jpg,500,333,val,1,1,0.9996
n03445777__n03445777_4082.jpg,500,333,val,8,8,0.9956
n03417042__n03417042_3731.jpg,375,500,val,6,6,0.9975
n03417042__n03417042_10331.jpg,500,375,val,6,6,0.9999
n03417042__n03417042_28742.jpg,500,375,val,6,6,1.0
n02979186__n02979186_2632.jpg,400,320,val,2,2,0.9847
n03445777__n03445777_2031.jpg,500,375,val,8,8,0.9999
n03425413__n03425413_28542.jpg,339,500,val,7,7,0.9999
n01440764__n01440764_11011.jpg,300,225,val,0,0,1.0
n02102040__n02102040_4960.jpg,500,375,val,1,1,0.9999
n03028079__n03028079_7392.jpg,500,332,val,4,4,0.9981
n02979186__n02979186_7492.jpg,500,487,val,2,2,0.9999
n02102040__n02102040_4342.jpg,200,251,val,1,1,1.0
n03417042__n03417042_6521.jpg,200,150,val,6,6,0.9878
n03028079__ILSVRC2012_val_00023291.jpg,500,375,val,4,4,0.9994
n03425413__n03425413_15130.jpg,375,500,val,7,7,0.9999
n03394916__n03394916_33352.jpg,375,500,val,5,5,0.9992
n03000684__n03000684_9752.jpg,500,375,val,3,3,0.9973
n03394916__n03394916_53401.jpg,600,450,val,5,5,0.9996
n03888257__n03888257_23350.jpg,375,500,val,9,9,0.9989
n02102040__ILSVRC2012_val_00037182.jpg,500,418,val,1,1,1.0
n03888257__n03888257_11222.jpg,500,375,val,9,9,1.0
n02102040__n02102040_8012.jpg,500,376,val,1,1,0.9999
n01440764__n01440764_2690.jpg,500,375,val,0,0,1.0
n01440764__n01440764_1141.jpg,320,240,val,0,0,1.0
n03445777__n03445777_1281.jpg,500,375,val,8,8,0.9701
n03028079__n03028079_23521.jpg,500,438,val,4,4,0.9974
n01440764__n01440764_29670.jpg,240,195,val,0,0,1.0
n02979186__n02979186_9371.jpg,400,432,val,2,2,1.0
n03417042__n03417042_12031.jpg,500,375,val,6,6,0.9999
n02102040__n02102040_6630.jpg,296,250,val,1,1,1.0
n03000684__n03000684_2340.jpg,500,333,val,3,3,0.9996
n03394916__n03394916_54831.jpg,750,563,val,5,5,0.9999
n01440764__n01440764_11331.jpg,500,375,val,0,0,1.0
n01440764__n01440764_20650.jpg,333,500,val,0,0,1.0
n03417042__n03417042_26971.jpg,500,375,val,6,6,0.9997
n03028079__n03028079_26180.jpg,375,500,val,4,4,1.0
n03394916__n03394916_34332.jpg,473,360,val,5,5,1.0
n03417042__n03417042_10442.jpg,499,375,val,6,6,0.9991
n03445777__n03445777_8091.jpg,375,500,val,8,8,0.9999
n03425413__n03425413_20742.jpg,500,375,val,7,3,0.4399
n02102040__ILSVRC2012_val_00007032.jpg,500,375,val,1,1,0.9994
n03394916__n03394916_35172.jpg,375,500,val,5,5,0.9993
n03425413__n03425413_13752.jpg,375,500,val,7,7,0.9805
n02102040__n02102040_5091.jpg,380,285,val,1,1,1.0
n03028079__n03028079_20910.jpg,375,500,val,4,4,0.9997
n03000684__n03000684_23971.jpg,100,100,val,3,3,0.9999
n03000684__n03000684_6471.jpg,500,375,val,3,3,0.9999
n03394916__n03394916_29480.jpg,500,375,val,5,5,1.0
n03417042__n03417042_4761.jpg,1600,1064,val,6,6,0.9924
n03888257__n03888257_9082.jpg,500,375,val,9,9,0.9993
n03394916__n03394916_38841.jpg,337,500,val,5,5,0.9992
n02102040__n02102040_1261.jpg,334,500,val,1,1,0.9947
n03028079__n03028079_26221.jpg,375,500,val,4,4,0.999
n03888257__n03888257_35241.jpg,500,430,val,9,9,0.9989
n01440764__n01440764_6990.jpg,500,375,val,0,0,0.9999
n03028079__n03028079_29062.jpg,500,353,val,4,4,0.9993
n03417042__n03417042_9610.jpg,500,375,val,6,6,0.9999
n03425413__n03425413_18942.jpg,375,500,val,7,7,0.9995
n03028079__n03028079_8161.jpg,333,500,val,4,4,0.9999
n03425413__n03425413_21911.jpg,500,375,val,7,7,0.9991
n03888257__n03888257_32682.jpg,333,500,val,9,9,0.9995
n03888257__n03888257_17851.jpg,500,375,val,9,9,1.0
n02979186__n02979186_731.jpg,180,148,val,2,3,0.3893
n03425413__n03425413_8641.jpg,220,222,val,7,7,0.9995
n01440764__n01440764_6391.jpg,343,480,val,0,0,1.0
n03028079__n03028079_13721.jpg,500,374,val,4,4,0.9997
n03394916__n03394916_35740.jpg,500,449,val,5,5,0.9892
n03394916__n03394916_16212.jpg,640,854,val,5,5,0.9956
n03425413__n03425413_9241.jpg,500,375,val,7,7,0.9997
n03888257__n03888257_5551.jpg,500,333,val,9,9,0.9999
n03425413__n03425413_15772.jpg,500,375,val,7,7,0.966
n03888257__n03888257_5140.jpg,500,329,val,9,9,0.9996
n01440764__n01440764_9720.jpg,248,250,val,0,0,1.0
n03417042__n03417042_5631.jpg,500,375,val,6,6,1.0
n03028079__n03028079_6501.jpg,333,500,val,4,4,0.9999
n03000684__n03000684_5230.jpg,1280,857,val,3,3,1.0
n03028079__n03028079_10020.jpg,469,500,val,4,4,0.9881
n03445777__n03445777_11690.jpg,400,259,val,8,8,0.9992
n03425413__n03425413_14351.jpg,500,375,val,7,7,0.9898
n01440764__n01440764_7772.jpg,230,280,val,0,0,0.9998
n03888257__n03888257_31790.jpg,500,317,val,9,9,0.9998
n03000684__n03000684_25951.jpg,500,333,val,3,3,0.9924
n02102040__n02102040_2481.jpg,500,333,val,1,1,1.0
n03000684__n03000684_8241.jpg,333,500,val,3,3,0.9689
n03417042__n03417042_8030.jpg,500,375,val,6,6,0.9989
n01440764__n01440764_11590.jpg,275,207,val,0,0,1.0
n03028079__n03028079_17461.jpg,374,500,val,4,4,0.9996
n03000684__n03000684_6021.jpg,133,62,val,3,3,0.9958
n03028079__n03028079_9371.jpg,500,367,val,4,4,0.994
n03425413__n03425413_6170.jpg,375,500,val,7,7,0.9973
n02102040__n02102040_6081.jpg,500,375,val,1,1,1.0
n03000684__ILSVRC2012_val_00045501.jpg,625,331,val,3,3,1.0
n03425413__n03425413_11311.jpg,375,500,val,7,7,0.9998
n03417042__n03417042_1631.jpg,1024,768,val,6,6,0.9996
n03425413__n03425413_16300.jpg,375,500,val,7,7,0.9995
n03394916__n03394916_45042.jpg,500,375,val,5,5,0.9998
n02979186__n02979186_2002.jpg,600,524,val,2,2,0.9997
n03445777__n03445777_16360.jpg,500,334,val,8,8,0.9999
n03028079__n03028079_41342.jpg,335,500,val,4,4,0.987
n02102040__n02102040_7510.jpg,500,333,val,1,1,0.9999
n03445777__n03445777_8861.jpg,375,500,val,8,8,0.9995
n01440764__n01440764_8521.jpg,1600,1200,val,0,0,1.0
n02102040__n02102040_3022.jpg,333,500,val,1,1,1.0
n03417042__n03417042_14381.jpg,500,375,val,6,6,1.0
n03888257__n03888257_8100.jpg,333,500,val,9,9,0.9999
n03425413__n03425413_13270.jpg,375,500,val,7,2,0.6008
n03028079__n03028079_10590.jpg,500,375,val,4,4,0.9999
n02102040__n02102040_752.jpg,471,761,val,1,1,0.9999
n03445777__n03445777_992.jpg,200,150,val,8,8,0.9988
n03000684__n03000684_16542.jpg,400,500,val,3,3,0.9884
n03888257__n03888257_12842.jpg,500,333,val,9,9,0.9997
n03394916__n03394916_29412.jpg,333,500,val,5,5,1.0
n03394916__n03394916_28431.jpg,500,331,val,5,5,0.9999
n03000684__n03000684_2220.jpg,135,135,val,3,3,0.9672
n02979186__n02979186_4691.jpg,500,375,val,2,2,0.7843
n03000684__n03000684_12170.jpg,250,250,val,3,3,1.0
n03888257__n03888257_9301.jpg,500,333,val,9,9,1.0
n03445777__n03445777_20572.jpg,398,174,val,8,8,0.9999
n03028079__n03028079_35911.jpg,500,481,val,4,4,0.9998
n02979186__n02979186_6122.jpg,320,256,val,2,2,0.9999
n03425413__n03425413_20121.jpg,375,500,val,7,7,0.9999
n02979186__n02979186_3372.jpg,500,373,val,2,2,0.9997
n03394916__n03394916_29722.jpg,500,333,val,5,5,0.9996
n03425413__n03425413_14081.jpg,500,400,val,7,7,0.9996
n03425413__n03425413_1351.jpg,375,500,val,7,7,0.9973
n03445777__n03445777_4832.jpg,500,390,val,8,8,1.0
n03445777__n03445777_8550.jpg,500,305,val,8,8,1.0
n03445777__n03445777_4062.jpg,375,500,val,8,8,0.9969
n03028079__n03028079_7250.jpg,500,416,val,4,4,0.9994
n02979186__n02979186_5932.jpg,300,174,val,2,2,0.9927
n02979186__n02979186_351.jpg,137,103,val,2,8,0.3175
n03425413__n03425413_16202.jpg,375,500,val,7,7,0.9998
n03888257__n03888257_42.jpg,626,489,val,9,9,1.0
n01440764__n01440764_7030.jpg,640,480,val,0,0,0.9999
n03028079__n03028079_532.jpg,326,500,val,4,4,0.5154
n03425413__n03425413_4750.jpg,387,500,val,7,7,0.9479
n03000684__n03000684_6710.jpg,400,221,val,3,3,0.98
n03445777__n03445777_9340.jpg,424,282,val,8,8,0.9994
n03000684__n03000684_19801.jpg,500,333,val,3,3,1.0
n03888257__n03888257_6230.jpg,150,270,val,9,9,0.9999
n03425413__n03425413_8062.jpg,394,500,val,7,7,0.9999
n02979186__n02979186_19390.jpg,500,279,val,2,2,0.9998
n03417042__n03417042_1282.jpg,400,300,val,6,6,1.0
n03888257__n03888257_1222.jpg,334,500,val,9,9,0.9994
n03417042__n03417042_7111.jpg,500,375,val,6,6,0.9911
n02979186__n02979186_15511.jpg,500,375,val,2,2,0.9987
n03028079__ILSVRC2012_val_00003351.jpg,500,492,val,4,4,0.9988
n03394916__n03394916_35811.jpg,500,375,val,5,5,1.0
n03888257__n03888257_7011.jpg,500,375,val,9,9,0.9974
n03000684__n03000684_31790.jpg,323,500,val,3,3,0.9997
n02102040__n02102040_5311.jpg,500,375,val,1,1,0.9998
n03425413__n03425413_17802.jpg,500,375,val,7,7,0.9998
n03888257__n03888257_19471.jpg,333,500,val,9,9,0.9995
n03028079__n03028079_8162.jpg,560,632,val,4,4,0.9993
n03000684__n03000684_672.jpg,360,360,val,3,3,0.9998
n03445777__n03445777_3321.jpg,245,342,val,8,3,0.4435
n03417042__n03417042_26951.jpg,500,333,val,6,6,1.0
n03888257__n03888257_1421.jpg,1536,1024,val,9,9,0.9984
n01440764__n01440764_5802.jpg,1600,1200,val,0,0,1.0
n02979186__n02979186_16192.jpg,500,375,val,2,2,0.9999
n03417042__n03417042_3272.jpg,500,374,val,6,6,0.9998
n03000684__n03000684_7152.jpg,500,375,val,3,3,0.998
n03394916__n03394916_33181.jpg,500,333,val,5,5,0.9983
n03417042__n03417042_130.jpg,500,375,val,6,6,0.9892
n03417042__n03417042_27231.jpg,500,375,val,6,6,1.0
n02979186__n02979186_19820.jpg,160,160,val,2,2,0.9998
n02102040__n02102040_7421.jpg,353,500,val,1,1,0.9989
n01440764__n01440764_8250.jpg,388,500,val,0,0,0.9974
n03394916__n03394916_21040.jpg,500,375,val,5,5,1.0
n03425413__n03425413_10771.jpg,375,500,val,7,7,0.9998
n03425413__n03425413_13821.jpg,375,500,val,7,7,0.8754
n02102040__ILSVRC2012_val_00023242.jpg,500,377,val,1,1,0.9981
n03028079__n03028079_12732.jpg,334,500,val,4,4,0.9994
n03028079__n03028079_29012.jpg,500,409,val,4,4,0.9997
n03028079__n03028079_8911.jpg,357,500,val,4,4,0.9999
n01440764__n01440764_5361.jpg,500,334,val,0,0,1.0
n03028079__n03028079_7171.jpg,500,474,val,4,4,0.9996
n03417042__n03417042_1211.jpg,500,333,val,6,6,0.9999
n03417042__n03417042_9062.jpg,500,375,val,6,6,0.9999
n03417042__n03417042_11072.jpg,381,259,val,6,6,0.991
n02979186__n02979186_560.jpg,400,279,val,2,2,1.0
n03000684__n03000684_802.jpg,500,375,val,3,3,0.9991
n03445777__n03445777_3892.jpg,500,333,val,8,8,1.0
n03394916__n03394916_51440.jpg,493,370,val,5,5,0.9998
n03445777__n03445777_9771.jpg,333,250,val,8,8,0.9998
n03028079__n03028079_17351.jpg,500,374,val,4,4,0.9991
n03028079__n03028079_26971.jpg,375,500,val,4,4,0.9999
n01440764__n01440764_11881.jpg,226,223,val,0,0,1.0
n02979186__n02979186_6271.jpg,250,250,val,2,2,0.9974
n03425413__n03425413_15002.jpg,500,333,val,7,7,0.994
n03394916__n03394916_35812.jpg,333,500,val,5,5,1.0
n03888257__n03888257_9770.jpg,500,333,val,9,9,0.719
n03445777__n03445777_3090.jpg,600,338,val,8,8,0.9998
n02102040__n02102040_171.jpg,375,500,val,1,1,1.0
n03000684__n03000684_31930.jpg,100,100,val,3,3,0.9996
n01440764__n01440764_15081.jpg,300,313,val,0,0,1.0
n03028079__n03028079_53111.jpg,381,500,val,4,4,0.9995
n03417042__n03417042_27982.jpg,500,375,val,6,6,0.9999
n03000684__n03000684_41.jpg,500,375,val,3,3,0.9943
n03000684__n03000684_2252.jpg,640,417,val,3,3,0.9991
n02979186__n02979186_442.jpg,719,306,val,2,2,1.0
n02979186__n02979186_13280.jpg,500,375,val,2,2,1.0
n03445777__n03445777_3291.jpg,640,480,val,8,8,0.9999
n02102040__n02102040_4851.jpg,500,338,val,1,1,0.9996
n02979186__n02979186_9112.jpg,500,375,val,2,2,0.9999
n03394916__n03394916_1130.jpg,334,251,val,5,5,1.0
n03394916__ILSVRC2012_val_00011691.jpg,500,375,val,5,5,0.7116
n03425413__ILSVRC2012_val_00004860.jpg,500,375,val,7,7,0.9556
n03425413__n03425413_7730.jpg,500,375,val,7,7,0.9989
n02102040__n02102040_3030.jpg,500,333,val,1,1,1.0
n03445777__n03445777_8820.jpg,408,500,val,8,8,0.9999
n03394916__n03394916_68551.jpg,500,334,val,5,5,0.9984
n03028079__n03028079_9112.jpg,339,500,val,4,4,0.9996
n02102040__ILSVRC2012_val_00004650.jpg,500,375,val,1,1,1.0
n03028079__n03028079_17432.jpg,500,379,val,4,4,0.9996
n03394916__n03394916_54531.jpg,500,333,val,5,5,0.9404
n02979186__n02979186_22882.jpg,625,464,val,2,2,0.9998
n03417042__n03417042_29722.jpg,500,247,val,6,6,0.9973
n02979186__n02979186_27481.jpg,132,160,val,2,2,0.9787
n03028079__n03028079_29410.jpg,500,385,val,4,4,0.9996
n03445777__n03445777_5270.jpg,198,184,val,8,8,0.9989
n03425413__n03425413_16080.jpg,448,298,val,7,7,0.9948
n03028079__n03028079_16501.jpg,500,375,val,4,4,0.9911
n03445777__n03445777_9381.jpg,200,200,val,8,8,0.9999
n01440764__n01440764_12241.jpg,635,419,val,0,0,1.0
n03394916__n03394916_28590.jpg,500,375,val,5,5,0.992
n03394916__n03394916_35360.jpg,500,375,val,5,5,0.9996
n03425413__n03425413_1610.jpg,500,375,val,7,7,0.9999
n03394916__n03394916_30432.jpg,500,375,val,5,5,0.9997
n03445777__n03445777_392.jpg,375,500,val,8,8,0.9996
n03028079__n03028079_62551.jpg,500,372,val,4,4,0.9998
n03000684__n03000684_2562.jpg,400,300,val,3,3,0.9454
n03888257__n03888257_23192.jpg,333,500,val,9,9,0.9999
n03888257__n03888257_760.jpg,500,375,val,9,9,0.9794
n03417042__n03417042_16871.jpg,532,412,val,6,6,0.9992
n02979186__n02979186_14721.jpg,500,375,val,2,2,1.0
n03000684__n03000684_10860.jpg,500,375,val,3,3,0.9964
n03445777__n03445777_6590.jpg,500,333,val,8,8,0.9998
n03888257__ILSVRC2012_val_00002990.jpg,393,500,val,9,9,0.9025
n03425413__n03425413_3240.jpg,350,628,val,7,7,0.9883
n03000684__n03000684_14022.jpg,500,376,val,3,3,1.0
n03028079__n03028079_2510.jpg,500,375,val,4,4,0.9996
n02979186__n02979186_27322.jpg,160,160,val,2,2,0.9697
n03425413__n03425413_21270.jpg,375,500,val,7,7,0.9993
n03425413__n03425413_12672.jpg,500,423,val,7,7,0.9305
n03888257__n03888257_10721.jpg,500,667,val,9,9,0.9994
n03445777__n03445777_5592.jpg,500,375,val,8,8,1.0
n03425413__n03425413_20741.jpg,500,375,val,7,7,0.9907
n03000684__n03000684_17182.jpg,500,375,val,3,3,0.987
n03888257__n03888257_58392.jpg,333,500,val,9,9,0.9976
n02102040__n02102040_7412.jpg,500,333,val,1,1,1.0
n03445777__n03445777_18631.jpg,333,500,val,8,8,0.9999
n03394916__n03394916_35182.jpg,500,375,val,5,5,1.0
n02102040__n02102040_1222.jpg,500,354,val,1,1,1.0
n01440764__n01440764_6852.jpg,372,271,val,0,0,0.9994
n01440764__n01440764_1980.jpg,500,375,val,0,0,0.9997
n03394916__n03394916_6031.jpg,250,250,val,5,5,0.9999
n03888257__n03888257_68660.jpg,500,335,val,9,9,0.9994
n01440764__n01440764_21191.jpg,500,375,val,0,0,1.0
n03888257__n03888257_23801.jpg,500,375,val,9,9,0.9995
n03445777__n03445777_882.jpg,500,375,val,8,8,0.9946
n03425413__n03425413_16581.jpg,375,500,val,7,7,0.9744
n03445777__n03445777_9971.jpg,500,375,val,8,8,1.0
n03417042__n03417042_9052.jpg,500,375,val,6,6,0.9998
n03888257__n03888257_20450.jpg,500,333,val,9,9,0.9991
n02979186__n02979186_20312.jpg,98,98,val,2,2,0.9886
n03888257__n03888257_32520.jpg,429,500,val,9,9,0.9959
n03394916__ILSVRC2012_val_00009651.jpg,500,367,val,5,5,0.9983
n03000684__n03000684_6992.jpg,330,453,val,3,3,0.9292
n03445777__n03445777_7011.jpg,500,333,val,8,8,1.0
n03394916__n03394916_43980.jpg,500,333,val,5,5,0.9998
n03425413__n03425413_14612.jpg,375,500,val,7,7,0.9778
n03888257__n03888257_30042.jpg,500,325,val,9,9,1.0
n03394916__n03394916_37321.jpg,500,375,val,5,5,0.9976
n03028079__n03028079_61951.jpg,500,375,val,4,4,0.9999
n03417042__n03417042_11871.jpg,375,500,val,6,6,0.9705
n03445777__n03445777_200.jpg,374,500,val,8,8,0.9999
n03000684__n03000684_16481.jpg,50,50,val,3,3,0.9534
n03394916__n03394916_46931.jpg,500,375,val,5,5,0.9989
n03028079__n03028079_14992.jpg,500,394,val,4,4,0.9952
n03425413__n03425413_4532.jpg,500,375,val,7,7,0.9999
n03445777__n03445777_6421.jpg,500,375,val,8,8,1.0
n03888257__n03888257_4561.jpg,359,500,val,9,9,0.9995
n02102040__n02102040_2462.jpg,500,375,val,1,1,0.9999
n03028079__n03028079_16811.jpg,500,413,val,4,4,0.9996
n03425413__n03425413_15862.jpg,500,375,val,7,7,0.7974
n03000684__n03000684_34762.jpg,483,500,val,3,3,0.9197
n03028079__n03028079_13331.jpg,375,500,val,4,4,0.9998
n01440764__n01440764_5232.jpg,350,263,val,0,0,1.0
n03000684__n03000684_10131.jpg,375,500,val,3,3,0.9964
n03417042__n03417042_1311.jpg,500,375,val,6,6,1.0
n02102040__n02102040_1782.jpg,500,375,val,1,1,0.9997
n03000684__n03000684_1790.jpg,500,375,val,3,3,0.9679
n03028079__n03028079_10410.jpg,500,500,val,4,4,0.9969
n02102040__n02102040_2702.jpg,576,768,val,1,1,1.0
n02979186__n02979186_17312.jpg,149,149,val,2,2,0.9392
n03000684__n03000684_1310.jpg,500,375,val,3,3,0.884
n02102040__n02102040_2480.jpg,500,375,val,1,1,0.9999
n03445777__n03445777_15162.jpg,500,375,val,8,8,1.0
n03028079__n03028079_9580.jpg,375,500,val,4,4,0.9994
n03394916__n03394916_25781.jpg,600,450,val,5,5,1.0
n03394916__n03394916_32582.jpg,500,352,val,5,5,0.9998
n02979186__n02979186_18940.jpg,500,333,val,2,2,0.999
n03000684__n03000684_6131.jpg,500,375,val,3,3,0.8057
n01440764__n01440764_14162.jpg,500,374,val,0,0,0.9994
n02979186__n02979186_7150.jpg,130,119,val,2,2,0.9236
n02102040__n02102040_2312.jpg,500,375,val,1,1,0.9987
n03394916__n03394916_42912.jpg,333,500,val,5,5,0.9988
n03028079__n03028079_6491.jpg,335,500,val,4,4,0.9984
n03888257__n03888257_29712.jpg,375,500,val,9,9,0.9997
n03028079__n03028079_9901.jpg,500,375,val,4,4,0.9997
n03445777__n03445777_3410.jpg,500,375,val,8,8,0.9998
n03000684__n03000684_11090.jpg,375,500,val,3,3,0.9992
n02102040__n02102040_2950.jpg,500,333,val,1,1,0.9999
n03417042__n03417042_10150.jpg,450,338,val,6,6,1.0
n03417042__n03417042_29342.jpg,500,375,val,6,6,1.0
n03425413__n03425413_492.jpg,378,500,val,7,7,0.9993
n03888257__n03888257_32391.jpg,375,500,val,9,9,0.9983
n03888257__n03888257_12212.jpg,500,375,val,9,2,0.7525
n03445777__n03445777_9120.jpg,500,333,val,8,8,0.9998
n02979186__n02979186_5841.jpg,500,375,val,2,2,0.9999
n03000684__n03000684_17192.jpg,296,109,val,3,3,0.9997
n03425413__ILSVRC2012_val_00007471.jpg,500,375,val,7,7,0.9999
n02102040__n02102040_1822.jpg,500,333,val,1,1,0.9999
n02102040__n02102040_672.jpg,375,500,val,1,1,0.9998
n02979186__n02979186_10612.jpg,180,180,val,2,2,0.9927
n03445777__n03445777_10442.jpg,500,333,val,8,8,0.9976
n03888257__n03888257_400.jpg,360,480,val,9,9,0.9997
n02102040__n02102040_7041.jpg,333,500,val,1,1,0.9999
n03888257__n03888257_10402.jpg,500,333,val,9,9,0.9667
n03000684__n03000684_14112.jpg,500,333,val,3,3,0.995
n02979186__n02979186_27252.jpg,500,375,val,2,2,0.9999
n03394916__n03394916_43381.jpg,500,375,val,5,5,1.0
n03394916__n03394916_540.jpg,400,447,val,5,5,1.0
n03000684__n03000684_2961.jpg,351,500,val,3,3,0.9992
n03028079__n03028079_22390.jpg,500,400,val,4,4,0.9999
n03888257__n03888257_35621.jpg,500,336,val,9,9,0.9939
n03888257__n03888257_17641.jpg,500,333,val,9,9,0.9999
n03394916__n03394916_59430.jpg,773,1162,val,5,5,1.0
n03028079__n03028079_54480.jpg,500,361,val,4,4,0.9924
n03394916__n03394916_33262.jpg,375,500,val,5,5,0.6904
n03394916__n03394916_35200.jpg,500,375,val,5,5,0.9999
n03888257__n03888257_6250.jpg,500,336,val,9,9,0.9997
n03425413__n03425413_14622.jpg,500,375,val,7,7,0.9947
n01440764__n01440764_7142.jpg,788,569,val,0,0,1.0
n03394916__n03394916_47212.jpg,500,333,val,5,5,0.9997
n03445777__n03445777_14731.jpg,600,397,val,8,8,0.9997
n03028079__n03028079_9500.jpg,375,500,val,4,4,0.9987
n01440764__n01440764_4980.jpg,250,185,val,0,0,1.0
n01440764__n01440764_10251.jpg,500,375,val,0,0,0.999
n01440764__n01440764_12131.jpg,240,180,val,0,0,0.9998
n03417042__n03417042_4391.jpg,500,332,val,6,6,0.9981
n03394916__n03394916_8060.jpg,375,500,val,5,5,0.9978
n03445777__n03445777_3222.jpg,500,334,val,8,8,0.991
n03000684__n03000684_17862.jpg,500,375,val,3,3,0.9997
n03417042__n03417042_2822.jpg,1600,1200,val,6,6,1.0
n02102040__n02102040_8272.jpg,500,375,val,1,1,1.0
n02979186__n02979186_13661.jpg,500,332,val,2,2,0.9999
n02102040__n02102040_6682.jpg,500,500,val,1,1,1.0
n03394916__n03394916_38320.jpg,500,335,val,5,5,0.892
n03028079__n03028079_10611.jpg,500,458,val,4,4,0.9682
n03888257__n03888257_2740.jpg,605,158,val,9,9,0.9986
n03417042__n03417042_22482.jpg,500,375,val,6,6,1.0
n03394916__n03394916_29780.jpg,334,500,val,5,5,0.9878
n03394916__n03394916_33942.jpg,500,333,val,5,5,0.9979
n02979186__n02979186_2051.jpg,435,326,val,2,2,0.9998
n03394916__n03394916_9580.jpg,240,320,val,5,5,1.0
n03888257__n03888257_8160.jpg,331,500,val,9,9,0.8973
n03888257__n03888257_6912.jpg,598,400,val,9,9,0.9995
n01440764__n01440764_3011.jpg,500,287,val,0,0,1.0
n02979186__ILSVRC2012_val_00020400.jpg,400,300,val,2,2,0.9997
n03425413__n03425413_20992.jpg,500,457,val,7,7,0.9982
n01440764__n01440764_12090.jpg,1024,1006,val,0,0,1.0
n03425413__n03425413_15050.jpg,375,500,val,7,7,0.9999
n03028079__n03028079_31592.jpg,375,500,val,4,4,0.9425
n03445777__n03445777_8242.jpg,500,375,val,8,8,0.9999
n03445777__n03445777_6360.jpg,500,334,val,8,8,1.0
n02102040__n02102040_621.jpg,500,375,val,1,1,0.9997
n03417042__n03417042_652.jpg,500,375,val,6,6,0.9997
n03425413__n03425413_11910.jpg,480,640,val,7,7,0.9964
n03394916__n03394916_35542.jpg,500,333,val,5,5,0.9999
n02102040__n02102040_6552.jpg,500,333,val,1,1,1.0
n02102040__n02102040_4411.jpg,375,500,val,1,1,0.9965
n03028079__n03028079_5432.jpg,500,315,val,4,4,0.9999
n03394916__n03394916_10591.jpg,500,375,val,5,5,0.9986
n03888257__n03888257_34632.jpg,500,331,val,9,9,0.9999
n03000684__n03000684_4472.jpg,500,374,val,3,3,0.9999
n03425413__n03425413_21562.jpg,500,375,val,7,7,0.9998
n03000684__n03000684_16611.jpg,82,82,val,3,3,0.9992
n03028079__n03028079_8361.jpg,500,360,val,4,4,0.9966
n02979186__n02979186_10912.jpg,150,113,val,2,2,0.9999
n03000684__n03000684_7400.jpg,400,400,val,3,3,0.9953
n03394916__ILSVRC2012_val_00033682.jpg,500,333,val,5,5,0.998
n02979186__n02979186_23911.jpg,300,203,val,2,2,0.9997
n03394916__n03394916_47211.jpg,500,334,val,5,5,0.9861
n02979186__n02979186_14050.jpg,375,500,val,2,2,1.0
n03888257__n03888257_17421.jpg,500,422,val,9,9,0.996
n03445777__n03445777_3311.jpg,480,321,val,8,8,0.9999
n03394916__n03394916_38471.jpg,375,500,val,5,5,0.9956
n03888257__n03888257_49081.jpg,331,500,val,9,9,1.0
n03425413__n03425413_602.jpg,500,375,val,7,7,0.9996
n03417042__n03417042_2230.jpg,500,375,val,6,6,1.0
n03445777__ILSVRC2012_val_00011431.jpg,399,500,val,8,8,1.0
n03394916__n03394916_33771.jpg,400,500,val,5,5,0.9998
n03028079__n03028079_105232.jpg,346,500,val,4,4,0.9999
n01440764__n01440764_7272.jpg,500,375,val,0,0,0.9981
n01440764__n01440764_6500.jpg,500,375,val,0,0,1.0
n01440764__n01440764_9642.jpg,400,294,val,0,0,1.0
n03417042__n03417042_802.jpg,500,375,val,6,6,0.995
n03394916__n03394916_42422.jpg,500,333,val,5,5,0.9709
n03425413__n03425413_19580.jpg,375,500,val,7,7,0.9635
n03417042__n03417042_3592.jpg,500,332,val,6,6,0.9999
n03425413__n03425413_21151.jpg,500,375,val,7,7,0.9999
n03394916__n03394916_47022.jpg,500,375,val,5,5,0.9934
n03425413__n03425413_8761.jpg,1616,2014,val,7,7,0.9999
n03425413__n03425413_10251.jpg,428,600,val,7,7,0.9998
n03000684__n03000684_5841.jpg,272,150,val,3,3,1.0
n03445777__n03445777_9892.jpg,280,189,val,8,8,0.9981
n03445777__n03445777_6071.jpg,375,500,val,8,8,0.9994
n03000684__n03000684_5041.jpg,650,311,val,3,3,1.0
n03425413__n03425413_13770.jpg,500,385,val,7,2,0.7207
n03417042__n03417042_12050.jpg,500,375,val,6,6,1.0
n03000684__n03000684_20532.jpg,500,333,val,3,3,1.0
n02102040__ILSVRC2012_val_00025442.jpg,500,387,val,1,1,0.9985
n03445777__n03445777_7181.jpg,332,500,val,8,8,1.0
n01440764__n01440764_8421.jpg,1749,1161,val,0,0,0.9625
n03394916__n03394916_11330.jpg,640,480,val,5,5,1.0
n03888257__n03888257_30712.jpg,500,337,val,9,9,0.9995
n03000684__n03000684_29462.jpg,390,292,val,3,3,1.0
n03000684__n03000684_9311.jpg,400,500,val,3,3,0.9978
n02979186__n02979186_22991.jpg,326,331,val,2,2,0.996
n02979186__n02979186_12122.jpg,100,125,val,2,2,0.5554
n03445777__n03445777_4671.jpg,500,375,val,8,8,0.9999
n03888257__n03888257_26672.jpg,500,335,val,9,9,0.9999
n03888257__n03888257_29512.jpg,500,300,val,9,9,0.9992
n03888257__n03888257_11802.jpg,500,428,val,9,9,0.9999
n03417042__n03417042_8602.jpg,500,333,val,6,6,0.9852
n02979186__n02979186_12072.jpg,359,268,val,2,2,1.0
n02102040__n02102040_630.jpg,500,330,val,1,1,1.0
n01440764__n01440764_8240.jpg,500,375,val,0,0,1.0
n02979186__n02979186_12962.jpg,500,333,val,2,2,0.9992
n02102040__n02102040_1552.jpg,500,375,val,1,1,1.0
n03028079__n03028079_732.jpg,500,340,val,4,4,0.9974
n01440764__n01440764_1951.jpg,540,360,val,0,0,0.9999
n01440764__n01440764_7521.jpg,1024,768,val,0,0,1.0
n03028079__n03028079_800.jpg,500,375,val,4,4,1.0
n01440764__n01440764_4942.jpg,320,240,val,0,0,0.9992
n03425413__n03425413_15701.jpg,333,500,val,7,7,0.9998
n03394916__n03394916_44800.jpg,500,354,val,5,5,1.0
n03417042__n03417042_7212.jpg,640,480,val,6,6,1.0
n03394916__n03394916_50730.jpg,700,605,val,5,5,1.0
n03888257__n03888257_33801.jpg,494,500,val,9,9,0.9971
n03000684__n03000684_4001.jpg,500,281,val,3,3,0.9982
n03425413__n03425413_3602.jpg,400,600,val,7,7,0.999
n03888257__n03888257_44112.jpg,500,333,val,9,9,0.9467
n02102040__n02102040_1110.jpg,500,375,val,1,1,0.9958
n03028079__n03028079_73181.jpg,346,500,val,4,4,0.9991
n01440764__n01440764_17782.jpg,500,334,val,0,0,1.0
n02102040__n02102040_1210.jpg,500,375,val,1,1,1.0
n03417042__n03417042_28122.jpg,500,375,val,6,6,0.9982
n03000684__n03000684_19650.jpg,500,375,val,3,3,1.0
n03394916__n03394916_7522.jpg,423,350,val,5,5,1.0
n03394916__n03394916_48881.jpg,600,600,val,5,5,0.9994
n03445777__n03445777_5720.jpg,500,333,val,8,8,0.9995
n03028079__ILSVRC2012_val_00034220.jpg,500,375,val,4,4,0.9996
n03417042__n03417042_4511.jpg,400,500,val,6,6,0.9981
n03000684__n03000684_17272.jpg,327,500,val,3,3,0.8975
n03445777__n03445777_10750.jpg,500,375,val,8,8,0.8029
n02102040__n02102040_7002.jpg,500,375,val,1,1,1.0
n01440764__n01440764_8580.jpg,3264,2448,val,0,0,0.997
n01440764__n01440764_14490.jpg,300,225,val,0,0,1.0
n03394916__n03394916_54391.jpg,1162,773,val,5,5,0.9998
n03888257__n03888257_39552.jpg,512,508,val,9,9,0.9999
n03417042__n03417042_2241.jpg,500,375,val,6,6,1.0
n03888257__n03888257_19260.jpg,500,375,val,9,9,1.0
n03445777__n03445777_20352.jpg,500,333,val,8,8,1.0
n03425413__n03425413_13581.jpg,500,413,val,7,7,0.9311
n03394916__n03394916_33940.jpg,384,500,val,5,5,1.0
n03425413__n03425413_24352.jpg,400,500,val,7,7,0.9987
n02102040__n02102040_7130.jpg,500,333,val,1,1,0.999
n02102040__n02102040_1842.jpg,366,500,val,1,1,1.0
n03888257__n03888257_13681.jpg,333,500,val,9,9,0.9998
n03000684__n03000684_15621.jpg,330,500,val,3,3,0.9413
n01440764__n01440764_7411.jpg,640,480,val,0,0,1.0
n03394916__ILSVRC2012_val_00004301.jpg,333,500,val,5,5,0.9916
n03445777__n03445777_17492.jpg,500,334,val,8,8,1.0
n03888257__n03888257_9671.jpg,500,375,val,9,9,0.9975
n03394916__n03394916_42291.jpg,500,368,val,5,5,1.0
n03425413__n03425413_20892.jpg,375,500,val,7,7,0.9998
n03417042__n03417042_6881.jpg,500,375,val,6,6,1.0
n03425413__n03425413_7582.jpg,500,375,val,7,7,0.9999
n01440764__n01440764_26320.jpg,500,334,val,0,0,1.0
n03888257__n03888257_12301.jpg,500,334,val,9,9,0.9986
n03888257__n03888257_28482.jpg,500,500,val,9,9,1.0
n01440764__n01440764_14172.jpg,400,354,val,0,0,1.0
n03394916__n03394916_62690.jpg,500,333,val,5,5,0.9998
n01440764__n01440764_14530.jpg,126,86,val,0,0,0.9945
n02102040__n02102040_5502.jpg,500,333,val,1,1,1.0
n03888257__n03888257_32970.jpg,500,363,val,9,9,0.9997
n03417042__n03417042_12531.jpg,500,280,val,6,6,1.0
n03425413__n03425413_4130.jpg,500,375,val,7,7,0.9956
n03888257__n03888257_12900.jpg,375,500,val,9,9,0.9975
n02979186__n02979186_24591.jpg,500,375,val,2,2,0.5351
n03888257__n03888257_30682.jpg,333,500,val,9,9,0.9998
n02979186__n02979186_7712.jpg,375,500,val,2,2,0.7056
n02102040__n02102040_6622.jpg,500,376,val,1,1,1.0
n03028079__n03028079_6251.jpg,548,600,val,4,4,0.9999
n03425413__n03425413_18910.jpg,500,375,val,7,7,0.9993
n03028079__n03028079_4651.jpg,500,365,val,4,4,0.9999
n03445777__n03445777_15810.jpg,500,375,val,8,8,0.9974
n02979186__n02979186_9651.jpg,400,300,val,2,2,0.9999
n03028079__n03028079_14010.jpg,500,427,val,4,4,1.0
n03028079__n03028079_11250.jpg,500,360,val,4,4,0.9997
n03425413__n03425413_10350.jpg,645,296,val,7,7,1.0
n03000684__n03000684_11861.jpg,146,73,val,3,3,0.9991
n03028079__n03028079_13021.jpg,500,375,val,4,4,0.9996
n03028079__n03028079_15081.jpg,346,500,val,4,4,0.9993
n02979186__n02979186_9790.jpg,500,375,val,2,2,0.9998
n02979186__n02979186_6851.jpg,500,375,val,2,2,0.9969
n03445777__n03445777_2362.jpg,500,442,val,8,8,0.9991
n03028079__n03028079_36092.jpg,363,500,val,4,4,0.9996
n02102040__n02102040_5802.jpg,500,333,val,1,1,0.998
n01440764__n01440764_13360.jpg,242,159,val,0,0,0.9894
n03028079__n03028079_36351.jpg,500,458,val,4,4,0.9953
n03028079__n03028079_5260.jpg,319,500,val,4,4,0.9976
n03417042__n03417042_8241.jpg,1600,1200,val,6,6,1.0
n03445777__n03445777_1252.jpg,500,374,val,8,8,0.9999
n03394916__n03394916_25580.jpg,500,375,val,5,5,0.9963
n03000684__n03000684_5692.jpg,225,136,val,3,3,1.0
n03028079__n03028079_41101.jpg,375,500,val,4,4,0.9925
n02979186__n02979186_4090.jpg,90,90,val,2,2,0.9995
n03000684__n03000684_14882.jpg,500,333,val,3,3,0.8599
n03394916__n03394916_54570.jpg,1162,773,val,5,5,1.0
n03417042__n03417042_9170.jpg,1600,1200,val,6,6,0.9998
n03028079__n03028079_25612.jpg,431,500,val,4,4,0.9996
n01440764__n01440764_14402.jpg,768,352,val,0,0,1.0
n02979186__n02979186_11.jpg,240,240,val,2,2,0.9998
n03417042__n03417042_5750.jpg,500,340,val,6,6,0.9996
n02979186__n02979186_5822.jpg,226,150,val,2,2,0.9999
n03000684__n03000684_23960.jpg,82,61,val,3,3,0.9549
n03394916__n03394916_59222.jpg,640,932,val,5,5,1.0
n03000684__n03000684_12570.jpg,240,116,val,3,3,0.849
n01440764__n01440764_8782.jpg,300,225,val,0,0,1.0
n01440764__n01440764_192.jpg,400,321,val,0,0,0.9997
n03445777__n03445777_1002.jpg,500,438,val,8,8,1.0
n01440764__n01440764_6831.jpg,300,200,val,0,0,1.0
n02979186__n02979186_16382.jpg,500,375,val,2,2,1.0
n03888257__n03888257_14530.jpg,576,360,val,9,9,0.9997
n03000684__n03000684_440.jpg,85,72,val,3,3,0.9998
n03028079__n03028079_14860.jpg,500,375,val,4,4,0.9993
n03888257__n03888257_4052.jpg,345,500,val,9,9,0.9998
n02979186__n02979186_5970.jpg,210,163,val,2,2,0.9999
n03445777__n03445777_1132.jpg,500,375,val,8,8,1.0
n03000684__n03000684_8220.jpg,640,480,val,3,3,1.0
n03000684__n03000684_24020.jpg,500,375,val,3,3,0.999
n02102040__n02102040_6880.jpg,500,375,val,1,1,1.0
n02979186__n02979186_2842.jpg,100,100,val,2,2,0.5607
n01440764__n01440764_10910.jpg,1024,643,val,0,0,0.9993
n03888257__n03888257_69371.jpg,500,363,val,9,9,0.9999
n03425413__n03425413_8441.jpg,420,421,val,7,7,0.9827
n03394916__n03394916_29130.jpg,334,500,val,5,5,0.9976
n03888257__n03888257_19162.jpg,500,333,val,9,9,0.9826
n03445777__n03445777_9270.jpg,500,375,val,8,8,0.9993
n03394916__n03394916_32422.jpg,500,375,val,5,5,1.0
n02102040__n02102040_4972.jpg,500,383,val,1,1,1.0
n01440764__n01440764_8622.jpg,320,139,val,0,0,1.0
n03000684__n03000684_8580.jpg,333,500,val,3,3,0.7428
n03425413__n03425413_8622.jpg,320,240,val,7,7,0.9994
n03425413__n03425413_18830.jpg,375,500,val,7,7,0.9812
n01440764__n01440764_13751.jpg,226,170,val,0,0,1.0
n03000684__n03000684_1040.jpg,250,275,val,3,3,0.9995
n03445777__n03445777_5382.jpg,500,338,val,8,8,1.0
n03000684__n03000684_30092.jpg,500,375,val,3,3,0.9898
n02102040__n02102040_1230.jpg,500,338,val,1,1,1.0
n03394916__n03394916_38530.jpg,375,500,val,5,5,0.9981
n03028079__n03028079_15102.jpg,500,388,val,4,4,0.9978
n02102040__n02102040_3502.jpg,375,500,val,1,1,1.0
n03425413__n03425413_16221.jpg,500,333,val,7,7,0.998
n03425413__n03425413_2361.jpg,500,375,val,7,7,0.9998
n02102040__n02102040_2391.jpg,500,375,val,1,1,0.9962
n02979186__n02979186_2350.jpg,500,375,val,2,2,0.992
n03888257__n03888257_15382.jpg,500,371,val,9,9,0.9998
n03028079__n03028079_26852.jpg,375,500,val,4,4,1.0
n03888257__n03888257_25150.jpg,336,500,val,9,9,0.9995
n01440764__n01440764_10150.jpg,900,768,val,0,0,1.0
n03028079__n03028079_20210.jpg,375,500,val,4,4,0.9998
n03028079__n03028079_26272.jpg,500,377,val,4,4,0.9966
n03425413__n03425413_9791.jpg,375,500,val,7,7,0.9977
n01440764__n01440764_10462.jpg,213,160,val,0,0,0.9999
n03394916__n03394916_23942.jpg,654,702,val,5,5,0.9992
n02102040__n02102040_5850.jpg,500,375,val,1,1,1.0
n03417042__n03417042_5682.jpg,333,500,val,6,6,0.9958
n03028079__n03028079_8611.jpg,375,500,val,4,4,0.9999
n02979186__n02979186_271.jpg,500,318,val,2,2,1.0
n03425413__n03425413_14891.jpg,500,375,val,7,7,0.9999
n02102040__n02102040_5681.jpg,500,375,val,1,1,0.9999
n03425413__n03425413_21051.jpg,500,375,val,7,7,0.9867
n03028079__n03028079_4572.jpg,375,500,val,4,4,1.0
n03394916__n03394916_35731.jpg,500,375,val,5,3,0.7373
n03417042__n03417042_3011.jpg,500,375,val,6,6,1.0
n03445777__n03445777_3722.jpg,300,300,val,8,8,1.0
n03417042__n03417042_19650.jpg,500,375,val,6,6,1.0
n02979186__n02979186_10250.jpg,375,500,val,2,2,0.9994
n02979186__n02979186_20600.jpg,500,500,val,2,2,1.0
n03888257__n03888257_12560.jpg,300,170,val,9,9,0.9991
n03394916__n03394916_31871.jpg,500,375,val,5,5,0.9985
n03445777__n03445777_13960.jpg,400,267,val,8,8,0.994
n03028079__n03028079_112802.jpg,500,370,val,4,4,0.9997
n02979186__n02979186_4230.jpg,375,500,val,2,2,0.9917
n03028079__n03028079_14310.jpg,500,398,val,4,4,0.9999
n02102040__n02102040_7270.jpg,500,375,val,1,1,0.9999
n03445777__n03445777_3060.jpg,500,375,val,8,8,1.0
n03888257__n03888257_4952.jpg,500,333,val,9,9,1.0
n02102040__n02102040_2951.jpg,375,500,val,1,1,1.0
n03000684__n03000684_2452.jpg,373,351,val,3,3,1.0
n01440764__n01440764_17921.jpg,431,287,val,0,0,0.9998
n03425413__n03425413_13620.jpg,375,500,val,7,3,0.4992
n03417042__n03417042_12711.jpg,400,300,val,6,6,0.9999
n03888257__n03888257_10380.jpg,500,375,val,9,9,0.9999
n03394916__n03394916_49731.jpg,480,640,val,5,5,1.0
n03425413__n03425413_24461.jpg,640,480,val,7,7,0.9999
n03028079__n03028079_4731.jpg,640,480,val,4,4,0.9999
n03425413__n03425413_2671.jpg,852,563,val,7,7,0.9991
n03888257__n03888257_67221.jpg,333,500,val,9,9,1.0
n02102040__n02102040_7262.jpg,376,500,val,1,1,1.0
n03000684__n03000684_31181.jpg,500,333,val,3,3,0.9914
n03394916__n03394916_38162.jpg,500,334,val,5,5,0.9817
n03000684__n03000684_1490.jpg,1800,862,val,3,3,1.0
n02102040__n02102040_762.jpg,500,333,val,1,1,0.9995
n03417042__n03417042_27581.jpg,500,375,val,6,6,1.0
n03028079__n03028079_9682.jpg,500,494,val,4,4,0.9973
n03425413__n03425413_6851.jpg,375,500,val,7,7,0.9903
n01440764__n01440764_32420.jpg,320,427,val,0,0,1.0
n03445777__n03445777_5812.jpg,374,500,val,8,8,0.9999
n02102040__n02102040_4780.jpg,540,436,val,1,1,1.0
n03417042__n03417042_10402.jpg,320,240,val,6,6,1.0
n02979186__n02979186_12172.jpg,272,277,val,2,2,0.9995
n03888257__n03888257_29050.jpg,500,335,val,9,9,0.9996
n02102040__n02102040_182.jpg,375,500,val,1,1,1.0
n03028079__ILSVRC2012_val_00034021.jpg,500,500,val,4,4,0.9847
n03445777__n03445777_3970.jpg,274,300,val,8,8,0.9909
n03000684__n03000684_580.jpg,295,443,val,3,2,0.7793
n02979186__n02979186_15951.jpg,500,331,val,2,2,0.9983
n03445777__n03445777_9572.jpg,500,333,val,8,8,0.9999
n03425413__n03425413_1672.jpg,500,365,val,7,7,0.9999
n03888257__n03888257_43982.jpg,500,313,val,9,9,0.9995
n03425413__n03425413_26470.jpg,636,952,val,7,7,0.9994
n03888257__n03888257_12801.jpg,500,333,val,9,9,0.9999
n02102040__n02102040_7392.jpg,333,500,val,1,1,0.9981
n03028079__n03028079_6372.jpg,500,340,val,4,4,0.9995
n03028079__n03028079_27060.jpg,500,342,val,4,4,0.9991
n03394916__n03394916_12292.jpg,500,375,val,5,5,0.9999
n02979186__n02979186_17060.jpg,100,100,val,2,2,0.9882
n02979186__n02979186_15901.jpg,500,375,val,2,2,0.9991
n03394916__n03394916_59361.jpg,616,480,val,5,5,1.0
n03888257__n03888257_26651.jpg,500,403,val,9,9,0.9999
n03000684__n03000684_5970.jpg,500,415,val,3,3,0.9921
n03888257__n03888257_18052.jpg,500,334,val,9,9,0.9992
n03888257__n03888257_66552.jpg,500,333,val,9,9,0.9999
n02102040__n02102040_5890.jpg,500,375,val,1,1,0.9949
n02102040__n02102040_7942.jpg,500,375,val,1,1,0.9998
n01440764__n01440764_16090.jpg,500,375,val,0,0,1.0
n03425413__n03425413_15291.jpg,278,500,val,7,7,1.0
n01440764__n01440764_8221.jpg,400,267,val,0,0,1.0
n03445777__n03445777_9900.jpg,375,500,val,8,8,0.9923
n02979186__n02979186_3620.jpg,400,278,val,2,2,0.9984
n03417042__n03417042_22532.jpg,599,344,val,6,6,0.9998
n02979186__n02979186_4690.jpg,424,500,val,2,2,0.9996
n03394916__n03394916_57410.jpg,500,375,val,5,5,0.9999
n02979186__n02979186_5280.jpg,375,500,val,2,2,0.9929
n01440764__n01440764_5501.jpg,500,352,val,0,0,1.0
n01440764__n01440764_9390.jpg,275,178,val,0,0,0.9992
n02979186__n02979186_1961.jpg,500,363,val,2,3,0.4243
n03445777__n03445777_12030.jpg,500,356,val,8,8,0.9947
n03425413__n03425413_13862.jpg,316,500,val,7,7,0.9998
n03028079__n03028079_72360.jpg,500,397,val,4,4,0.9991
n03888257__n03888257_2760.jpg,643,768,val,9,9,0.9998
n02979186__n02979186_3772.jpg,200,119,val,2,2,0.9938
n01440764__n01440764_12881.jpg,250,163,val,0,0,1.0
n02102040__n02102040_421.jpg,500,375,val,1,1,0.9955
n03888257__n03888257_12401.jpg,500,333,val,9,9,0.9997
n03394916__n03394916_22791.jpg,1600,1200,val,5,5,0.994
n03000684__n03000684_1960.jpg,166,168,val,3,3,1.0
n03000684__n03000684_12430.jpg,500,367,val,3,3,0.9998
n02979186__n02979186_6882.jpg,540,362,val,2,2,1.0
n03425413__n03425413_14040.jpg,500,375,val,7,7,0.9998
n01440764__n01440764_11652.jpg,500,375,val,0,0,0.9977
n02102040__n02102040_1022.jpg,375,500,val,1,1,0.9936
n02979186__n02979186_4511.jpg,500,375,val,2,2,0.9999
n03888257__n03888257_7231.jpg,500,375,val,9,9,0.9996
n03394916__n03394916_47241.jpg,500,394,val,5,5,0.877
n03425413__n03425413_13600.jpg,375,500,val,7,7,0.9218
n03445777__n03445777_12830.jpg,400,267,val,8,8,1.0
n03425413__n03425413_13672.jpg,500,375,val,7,7,0.9956
n02979186__n02979186_8211.jpg,500,312,val,2,2,0.9999
n01440764__n01440764_12732.jpg,275,183,val,0,0,1.0
n03417042__ILSVRC2012_val_00042802.jpg,500,375,val,6,6,0.9999
n03888257__n03888257_72911.jpg,333,500,val,9,9,0.9991
n03000684__n03000684_1970.jpg,308,400,val,3,3,1.0
n01440764__n01440764_3712.jpg,500,333,val,0,0,1.0
n03000684__n03000684_2350.jpg,500,375,val,3,3,0.9986
n02102040__n02102040_2890.jpg,500,430,val,1,1,0.9999
n03888257__n03888257_21932.jpg,334,500,val,9,9,0.9999
n03445777__n03445777_490.jpg,500,333,val,8,8,1.0
n03028079__n03028079_10141.jpg,453,500,val,4,4,0.9975
n03888257__n03888257_32042.jpg,368,500,val,9,9,0.9994
n03000684__n03000684_20762.jpg,375,500,val,3,3,0.9586
n03417042__n03417042_18582.jpg,500,375,val,6,6,1.0
n03425413__n03425413_13100.jpg,333,500,val,7,7,0.892
n03028079__n03028079_14900.jpg,375,500,val,4,4,0.9997
n03394916__n03394916_43251.jpg,500,375,val,5,5,0.9999
n02102040__n02102040_2051.jpg,274,316,val,1,1,1.0
n03000684__n03000684_10200.jpg,500,333,val,3,3,0.9785
n02102040__n02102040_7841.jpg,500,375,val,1,1,1.0
n03445777__n03445777_8712.jpg,500,375,val,8,8,1.0
n03417042__n03417042_10462.jpg,500,375,val,6,6,1.0
n03394916__n03394916_9851.jpg,909,574,val,5,5,1.0
n03394916__n03394916_18691.jpg,216,168,val,5,5,0.9999
n02979186__n02979186_2841.jpg,175,200,val,2,2,0.9991
n02979186__n02979186_13281.jpg,500,375,val,2,2,0.9999
n03445777__n03445777_14112.jpg,120,262,val,8,8,0.964
n03394916__n03394916_35320.jpg,333,500,val,5,5,0.9994
n02979186__n02979186_16142.jpg,500,352,val,2,2,1.0
n03394916__n03394916_47472.jpg,375,500,val,5,5,0.9995
n03888257__n03888257_7610.jpg,500,375,val,9,9,0.9996
n03888257__n03888257_23421.jpg,500,375,val,9,9,0.9884
n03425413__n03425413_20700.jpg,411,500,val,7,7,0.9992
n03394916__n03394916_35292.jpg,375,500,val,5,5,0.9973
n02102040__n02102040_3462.jpg,500,375,val,1,1,0.9994
n02979186__n02979186_3200.jpg,500,375,val,2,2,1.0
n02979186__n02979186_280.jpg,300,300,val,2,2,0.9993
n03445777__n03445777_12772.jpg,300,224,val,8,8,1.0
n03417042__n03417042_12232.jpg,500,333,val,6,6,0.9948
n03028079__n03028079_6421.jpg,500,375,val,4,4,0.9998
n01440764__n01440764_1232.jpg,250,168,val,0,0,1.0
n03000684__n03000684_2541.jpg,1089,1089,val,3,3,1.0
n02102040__n02102040_3201.jpg,500,375,val,1,1,1.0
n01440764__n01440764_10361.jpg,500,375,val,0,0,1.0
n02979186__n02979186_11871.jpg,400,450,val,2,2,0.7083
n03425413__n03425413_11102.jpg,180,404,val,7,7,0.9949
n03000684__n03000684_15071.jpg,230,281,val,3,3,0.9996
n03394916__ILSVRC2012_val_00041242.jpg,500,350,val,5,5,0.9968
n02979186__n02979186_2552.jpg,240,157,val,2,2,0.9995
n01440764__n01440764_3070.jpg,352,288,val,0,0,1.0
n03028079__n03028079_26390.jpg,500,380,val,4,4,0.9995
n03394916__n03394916_7951.jpg,450,330,val,5,5,1.0
n03417042__n03417042_5600.jpg,500,375,val,6,6,1.0
n03445777__n03445777_10550.jpg,500,286,val,8,8,1.0
n03000684__n03000684_15470.jpg,98,98,val,3,3,0.9989
n01440764__n01440764_8260.jpg,340,311,val,0,0,1.0
n01440764__n01440764_9020.jpg,400,267,val,0,0,0.9972
n02102040__n02102040_2572.jpg,377,500,val,1,1,0.9999
n02102040__n02102040_5170.jpg,500,375,val,1,1,0.9997
n02979186__n02979186_1061.jpg,4096,1813,val,2,2,0.9987
n03445777__n03445777_340.jpg,500,427,val,8,8,0.9999
n03394916__n03394916_26831.jpg,500,500,val,5,5,0.999
n03000684__n03000684_19300.jpg,200,151,val,3,3,0.9997
n03888257__n03888257_44391.jpg,500,334,val,9,9,1.0
n01440764__n01440764_25361.jpg,500,333,val,0,0,1.0
n02979186__n02979186_20560.jpg,500,600,val,2,2,0.9997
n03445777__n03445777_6761.jpg,500,333,val,8,8,0.9997
n03394916__n03394916_16601.jpg,500,625,val,5,5,0.9994
n01440764__n01440764_18220.jpg,240,180,val,0,0,0.9546
n02102040__n02102040_1302.jpg,500,350,val,1,1,1.0
n01440764__n01440764_10592.jpg,182,272,val,0,0,0.9991
n03028079__n03028079_12090.jpg,375,500,val,4,4,0.9997
n03445777__n03445777_532.jpg,500,333,val,8,8,1.0
n02979186__n02979186_14771.jpg,333,500,val,2,2,0.9999
n02102040__n02102040_132.jpg,500,375,val,1,1,1.0
n01440764__n01440764_16192.jpg,500,375,val,0,0,1.0
n03417042__n03417042_27861.jpg,800,533,val,6,6,1.0
n03394916__n03394916_39102.jpg,500,375,val,5,5,0.9999
n03445777__n03445777_6451.jpg,500,333,val,8,8,0.9998
n03417042__n03417042_1651.jpg,500,375,val,6,6,0.9978
n03394916__n03394916_29611.jpg,374,500,val,5,5,1.0
n03394916__n03394916_57212.jpg,480,480,val,5,5,0.999
n03417042__n03417042_8051.jpg,415,500,val,6,6,1.0
n03394916__n03394916_51822.jpg,650,645,val,5,5,0.9999
n03028079__n03028079_33001.jpg,371,500,val,4,4,0.9994
n03888257__n03888257_21150.jpg,1967,1563,val,9,9,1.0
n03445777__n03445777_15880.jpg,360,356,val,8,8,0.9992
n02979186__n02979186_11971.jpg,500,375,val,2,2,1.0
n01440764__n01440764_490.jpg,500,348,val,0,0,1.0
n03888257__n03888257_9771.jpg,733,503,val,9,9,0.9996
n03028079__n03028079_87780.jpg,347,500,val,4,4,0.994
n02979186__n02979186_40.jpg,600,450,val,2,2,0.9999
n03445777__n03445777_5300.jpg,300,300,val,8,8,0.9998
n03445777__n03445777_11150.jpg,370,296,val,8,8,0.9975
n03394916__n03394916_35871.jpg,355,500,val,5,5,0.9915
n03425413__n03425413_20371.jpg,500,332,val,7,7,0.9982
n03028079__n03028079_3492.jpg,500,335,val,4,4,0.9982
n02102040__n02102040_981.jpg,500,375,val,1,1,0.9993
n03417042__n03417042_4980.jpg,590,361,val,6,6,0.9998
n03394916__n03394916_53581.jpg,440,657,val,5,5,0.9999
n01440764__n01440764_10531.jpg,500,381,val,0,0,1.0
n03417042__n03417042_23802.jpg,374,500,val,6,6,0.9999
n02979186__n02979186_3321.jpg,276,304,val,2,2,1.0
n03028079__n03028079_12330.jpg,500,375,val,4,4,0.9994
n02102040__n02102040_1130.jpg,520,589,val,1,1,1.0
n03000684__n03000684_6632.jpg,700,467,val,3,3,0.9999
n03425413__n03425413_16551.jpg,375,500,val,7,7,0.9979
n03028079__n03028079_51072.jpg,372,500,val,4,4,0.9999
n02102040__n02102040_6262.jpg,500,333,val,1,1,1.0
n03394916__n03394916_36532.jpg,500,333,val,5,5,0.9386
n03445777__n03445777_16321.jpg,400,300,val,8,8,1.0
n03394916__n03394916_26940.jpg,375,500,val,5,5,0.9988
n02979186__n02979186_23362.jpg,500,210,val,2,2,0.9999
n01440764__n01440764_13602.jpg,275,206,val,0,0,0.9999
n03417042__n03417042_11441.jpg,375,500,val,6,6,0.969
n03417042__n03417042_27602.jpg,500,375,val,6,6,0.9994
n03425413__n03425413_4802.jpg,500,500,val,7,7,0.9862
n03445777__n03445777_2432.jpg,500,310,val,8,8,1.0
n03445777__n03445777_10401.jpg,500,500,val,8,8,0.9997
n03425413__n03425413_241.jpg,500,375,val,7,7,0.9988
n03028079__n03028079_49041.jpg,500,401,val,4,4,0.9989
n03417042__n03417042_19472.jpg,500,375,val,6,6,1.0
n03888257__n03888257_34452.jpg,500,471,val,9,9,0.9996
n02979186__n02979186_12140.jpg,500,375,val,2,2,0.9996
n03888257__n03888257_19580.jpg,500,333,val,9,9,0.9974
n03425413__n03425413_14670.jpg,350,467,val,7,7,0.9979
n03028079__n03028079_10032.jpg,346,500,val,4,4,0.9984
n03028079__n03028079_7471.jpg,500,375,val,4,4,0.9998
n03028079__n03028079_6452.jpg,407,500,val,4,4,0.9957
n03425413__n03425413_33031.jpg,333,500,val,7,7,0.9995
n03417042__n03417042_2491.jpg,450,300,val,6,6,0.9999
n01440764__n01440764_17050.jpg,240,180,val,0,0,1.0
n01440764__n01440764_26541.jpg,500,334,val,0,0,1.0
n01440764__n01440764_13452.jpg,550,412,val,0,0,0.9999
n02979186__n02979186_5162.jpg,500,375,val,2,2,1.0
n03417042__n03417042_19842.jpg,500,375,val,6,6,1.0
n03888257__n03888257_14901.jpg,500,332,val,9,9,1.0
n03394916__n03394916_48121.jpg,500,332,val,5,5,0.9995
n03445777__n03445777_6162.jpg,381,500,val,8,8,1.0
n03425413__n03425413_18040.jpg,500,341,val,7,7,0.9757
n03417042__n03417042_1262.jpg,500,333,val,6,6,0.9999
n03417042__n03417042_11511.jpg,500,338,val,6,6,0.9999
n02979186__n02979186_19011.jpg,250,250,val,2,2,0.9986
n03417042__n03417042_2211.jpg,375,500,val,6,6,1.0
n03417042__n03417042_1850.jpg,270,360,val,6,6,1.0
n01440764__n01440764_5941.jpg,400,300,val,0,0,0.9999
n02102040__n02102040_4320.jpg,500,333,val,1,1,1.0
n03888257__n03888257_11450.jpg,332,500,val,9,9,0.9759
n02102040__n02102040_841.jpg,500,377,val,1,1,1.0
n01440764__n01440764_10482.jpg,350,273,val,0,0,0.9997
n03028079__n03028079_15002.jpg,500,354,val,4,4,0.9993
n03000684__n03000684_13982.jpg,500,375,val,3,3,1.0
n03417042__n03417042_11.jpg,632,473,val,6,6,1.0
n03445777__n03445777_451.jpg,375,500,val,8,8,0.8639
n03000684__n03000684_7012.jpg,200,200,val,3,3,1.0
n03028079__n03028079_151.jpg,375,500,val,4,4,0.9994
n02979186__n02979186_6181.jpg,300,273,val,2,2,0.9977
n03888257__n03888257_22212.jpg,650,488,val,9,9,0.9999
n03394916__ILSVRC2012_val_00037592.jpg,500,334,val,5,5,1.0
n03888257__n03888257_36631.jpg,500,500,val,9,9,1.0
n03000684__n03000684_33902.jpg,333,500,val,3,3,0.9996
n03000684__n03000684_28162.jpg,100,100,val,3,3,1.0
n02102040__n02102040_702.jpg,500,375,val,1,1,0.9997
n02102040__n02102040_1642.jpg,375,500,val,1,1,1.0
n02102040__n02102040_662.jpg,500,381,val,1,1,1.0
n03000684__n03000684_2610.jpg,480,360,val,3,3,0.9999
n03394916__n03394916_29500.jpg,500,375,val,5,5,0.9997
n03028079__n03028079_20312.jpg,500,341,val,4,4,0.9993
n03425413__n03425413_19401.jpg,375,500,val,7,7,1.0
n03394916__n03394916_23222.jpg,400,500,val,5,5,1.0
n03425413__n03425413_12980.jpg,500,321,val,7,7,0.9865
n01440764__n01440764_10740.jpg,248,193,val,0,0,1.0
n03425413__n03425413_14720.jpg,500,357,val,7,7,0.9972
n03445777__n03445777_8840.jpg,500,375,val,8,8,0.9998
n02102040__n02102040_6912.jpg,500,375,val,1,1,1.0
n03028079__ILSVRC2012_val_00026451.jpg,500,382,val,4,4,0.9995
n03425413__n03425413_17220.jpg,375,500,val,7,7,0.9965
n02979186__n02979186_23440.jpg,200,156,val,2,2,0.9999
n03417042__n03417042_4232.jpg,500,375,val,6,6,1.0
n03425413__n03425413_18252.jpg,500,375,val,7,7,1.0
n02102040__n02102040_6781.jpg,500,333,val,1,1,0.9999
n03394916__n03394916_37762.jpg,500,375,val,5,5,0.9739
n03888257__n03888257_30911.jpg,500,375,val,9,9,0.9973
n01440764__n01440764_10792.jpg,286,214,val,0,0,1.0
n03000684__n03000684_9452.jpg,500,332,val,3,3,0.9979
n02102040__n02102040_3532.jpg,500,429,val,1,1,1.0
n03425413__n03425413_16661.jpg,375,500,val,7,7,0.9871
n03888257__n03888257_3492.jpg,500,333,val,9,9,0.9992
n02979186__n02979186_13250.jpg,500,375,val,2,2,0.9952
n01440764__n01440764_20592.jpg,240,180,val,0,0,1.0
n03394916__n03394916_43192.jpg,500,375,val,5,5,0.9997
n03445777__n03445777_7091.jpg,1600,1200,val,8,8,0.9998
n02102040__n02102040_5120.jpg,500,333,val,1,1,1.0
n03028079__n03028079_33671.jpg,500,375,val,4,4,0.9999
n03028079__n03028079_3192.jpg,500,375,val,4,4,0.9985
n03425413__n03425413_2300.jpg,600,451,val,7,7,0.9997
n03394916__ILSVRC2012_val_00025761.jpg,500,333,val,5,5,0.9967
n03000684__n03000684_13440.jpg,500,375,val,3,3,0.9999
n03028079__n03028079_9920.jpg,500,334,val,4,4,0.9837
n03394916__n03394916_32272.jpg,333,500,val,5,5,0.9982
n03028079__n03028079_4821.jpg,500,378,val,4,4,0.9986
n01440764__n01440764_7610.jpg,2048,1536,val,0,0,0.9981
n03445777__n03445777_5971.jpg,500,375,val,8,8,0.9988
n03425413__n03425413_18360.jpg,500,375,val,7,7,0.9917
n03888257__n03888257_38560.jpg,444,500,val,9,9,0.9997
n03425413__n03425413_23451.jpg,339,500,val,7,7,0.9983
n03000684__n03000684_7790.jpg,332,500,val,3,3,1.0
n02979186__n02979186_14251.jpg,500,186,val,2,2,0.9993
n02102040__n02102040_2762.jpg,500,333,val,1,1,0.9998
n03028079__n03028079_10452.jpg,468,500,val,4,4,0.9999
n03000684__ILSVRC2012_val_00046651.jpg,333,500,val,3,3,0.9997
n01440764__n01440764_10040.jpg,500,375,val,0,0,1.0
n02102040__n02102040_3621.jpg,413,500,val,1,1,0.9999
n03000684__n03000684_902.jpg,382,179,val,3,3,1.0
n03028079__n03028079_1332.jpg,500,375,val,4,4,0.9999
n01440764__n01440764_5990.jpg,250,187,val,0,0,1.0
n03417042__n03417042_10141.jpg,700,404,val,6,6,0.9907
n03445777__n03445777_1291.jpg,500,333,val,8,8,0.9999
n03000684__n03000684_28711.jpg,140,105,val,3,3,0.997
n02102040__n02102040_742.jpg,500,333,val,1,1,0.9999
n02979186__n02979186_2810.jpg,320,240,val,2,2,0.9985
n03417042__ILSVRC2012_val_00008430.jpg,500,375,val,6,6,0.9997
n03417042__n03417042_25940.jpg,500,375,val,6,6,1.0
n03000684__n03000684_15690.jpg,500,333,val,3,3,0.9783
n03888257__n03888257_13321.jpg,500,333,val,9,9,0.9947
n03888257__n03888257_14090.jpg,375,500,val,9,9,0.9582
n03394916__n03394916_18901.jpg,293,400,val,5,5,1.0
n02102040__n02102040_3052.jpg,500,333,val,1,1,0.9983
n03000684__n03000684_5231.jpg,240,160,val,3,3,1.0
n02979186__n02979186_6470.jpg,200,200,val,2,2,0.9632
n03425413__n03425413_7320.jpg,600,403,val,7,7,0.754
n03445777__n03445777_5790.jpg,375,377,val,8,8,0.9984
n03888257__n03888257_50880.jpg,500,333,val,9,9,0.9999
n03425413__n03425413_8660.jpg,377,500,val,7,7,0.9872
n03888257__n03888257_20352.jpg,800,600,val,9,9,0.9995
n03028079__n03028079_37021.jpg,500,387,val,4,4,0.9998
n03000684__n03000684_35201.jpg,331,500,val,3,3,0.9683
n03888257__n03888257_5812.jpg,500,320,val,9,9,0.9998
n03394916__n03394916_29142.jpg,375,500,val,5,5,0.9793
n02979186__n02979186_10041.jpg,500,333,val,2,2,1.0
n03000684__n03000684_7222.jpg,167,125,val,3,3,0.9995
n03417042__n03417042_6581.jpg,440,317,val,6,6,0.9999
n02102040__ILSVRC2012_val_00022412.jpg,500,375,val,1,1,0.9997
n03394916__n03394916_292.jpg,375,500,val,5,5,1.0
n03417042__ILSVRC2012_val_00032800.jpg,500,385,val,6,6,0.9996
n01440764__n01440764_10491.jpg,1065,811,val,0,0,0.9997
n01440764__n01440764_10342.jpg,500,234,val,0,0,1.0
n03445777__n03445777_4070.jpg,500,374,val,8,8,0.9534
n03028079__n03028079_29920.jpg,500,399,val,4,4,0.9999
n02979186__n02979186_13841.jpg,240,190,val,2,6,0.8475
n03445777__n03445777_16150.jpg,480,640,val,8,9,0.701
n03394916__n03394916_30671.jpg,500,333,val,5,5,0.9992
n03425413__n03425413_11092.jpg,1440,2160,val,7,7,0.9848
n03000684__n03000684_180.jpg,357,500,val,3,3,0.9772
n03425413__n03425413_16962.jpg,500,375,val,7,7,0.9996
n03417042__n03417042_3101.jpg,500,375,val,6,6,0.9326
n03028079__n03028079_27980.jpg,500,351,val,4,4,0.9999
n03425413__n03425413_1172.jpg,500,417,val,7,7,0.998
n02979186__n02979186_3211.jpg,500,340,val,2,2,1.0
n03425413__n03425413_28881.jpg,375,500,val,7,7,0.992
n03417042__n03417042_21210.jpg,500,375,val,6,6,0.9997
n03028079__n03028079_14600.jpg,500,342,val,4,4,0.9999
n03445777__n03445777_5280.jpg,175,175,val,8,8,0.9998
n01440764__n01440764_7230.jpg,500,375,val,0,0,1.0
n03888257__n03888257_27671.jpg,500,375,val,9,9,0.9983
n02102040__n02102040_811.jpg,152,114,val,1,1,1.0
n03445777__n03445777_2041.jpg,500,500,val,8,8,0.9999
n02102040__n02102040_7382.jpg,500,333,val,1,1,1.0
n03394916__n03394916_51752.jpg,333,500,val,5,5,0.9996
n03425413__n03425413_15671.jpg,400,500,val,7,7,0.7902
n01440764__n01440764_11570.jpg,500,333,val,0,0,1.0
n03000684__n03000684_6552.jpg,150,67,val,3,3,1.0
n03000684__n03000684_8502.jpg,500,334,val,3,3,0.9996
n03000684__n03000684_17250.jpg,374,500,val,3,3,0.6602
n03445777__n03445777_8842.jpg,310,530,val,8,8,0.9997
n02102040__n02102040_7490.jpg,500,375,val,1,1,0.9999
n01440764__n01440764_14790.jpg,800,600,val,0,0,1.0
n02979186__n02979186_5460.jpg,250,210,val,2,2,0.998
n02102040__n02102040_1091.jpg,500,333,val,1,1,0.9999
n03417042__n03417042_8891.jpg,640,480,val,6,6,0.9994
n01440764__n01440764_5081.jpg,399,600,val,0,0,0.9999
n02102040__n02102040_371.jpg,500,375,val,1,1,0.9998
n03445777__n03445777_3301.jpg,500,333,val,8,8,0.9999
n03000684__n03000684_19862.jpg,500,375,val,3,3,0.7688
n03394916__n03394916_29541.jpg,500,375,val,5,2,0.594
n03394916__n03394916_30001.jpg,334,500,val,5,5,0.9974
n03888257__n03888257_5281.jpg,500,375,val,9,9,1.0
n03417042__n03417042_13651.jpg,500,375,val,6,6,0.9997
n03394916__n03394916_33902.jpg,375,500,val,5,5,0.9843
n02979186__ILSVRC2012_val_00035751.jpg,400,243,val,2,2,1.0
n01440764__n01440764_14411.jpg,500,375,val,0,0,1.0
n03417042__n03417042_3300.jpg,500,342,val,6,6,1.0
n02979186__n02979186_19412.jpg,149,149,val,2,2,0.787
n02979186__n02979186_5392.jpg,400,300,val,2,2,0.9958
n03028079__n03028079_47271.jpg,333,500,val,4,4,0.9998
n02102040__n02102040_3300.jpg,500,375,val,1,1,1.0
n02102040__n02102040_6800.jpg,500,375,val,1,1,0.8579
n03000684__n03000684_3470.jpg,500,354,val,3,3,0.9999
n03425413__n03425413_1242.jpg,400,533,val,7,7,0.9968
n03417042__n03417042_6420.jpg,500,375,val,6,6,0.9985
n03417042__n03417042_7472.jpg,640,480,val,6,6,1.0
n03425413__n03425413_29642.jpg,413,550,val,7,7,0.9999
n03888257__n03888257_7331.jpg,500,375,val,9,9,0.9999
n03425413__n03425413_14570.jpg,333,500,val,7,7,1.0
n03000684__n03000684_20250.jpg,151,200,val,3,3,0.9986
n02979186__n02979186_19440.jpg,500,361,val,2,2,0.9993
n03445777__n03445777_2151.jpg,500,375,val,8,8,1.0
n03028079__n03028079_7301.jpg,500,420,val,4,4,0.9993
n03000684__n03000684_3271.jpg,377,500,val,3,3,0.9997
n03000684__n03000684_15731.jpg,225,112,val,3,3,1.0
n03394916__n03394916_13492.jpg,438,438,val,5,5,0.9884
n03425413__n03425413_14030.jpg,500,375,val,7,7,0.9999
n03888257__n03888257_12501.jpg,500,333,val,9,9,0.5825
n03445777__ILSVRC2012_val_00041672.jpg,375,500,val,8,8,0.9938
n03028079__n03028079_31571.jpg,418,500,val,4,4,0.9998
n01440764__ILSVRC2012_val_00046252.jpg,500,375,val,0,0,1.0
n03888257__n03888257_42680.jpg,500,333,val,9,9,1.0
n03000684__n03000684_27220.jpg,361,500,val,3,3,0.9999
n03394916__n03394916_35620.jpg,333,500,val,5,5,0.9798
n03888257__n03888257_7130.jpg,500,333,val,9,9,0.9999
n02102040__n02102040_911.jpg,500,375,val,1,1,0.9996
n02102040__ILSVRC2012_val_00026521.jpg,500,338,val,1,1,0.9999
n03417042__n03417042_1492.jpg,500,333,val,6,6,0.9844
n03394916__n03394916_47462.jpg,375,500,val,5,5,0.9995
n02979186__n02979186_18472.jpg,149,149,val,2,2,0.9965
n03028079__n03028079_27781.jpg,500,375,val,4,4,0.9943
n02979186__n02979186_20160.jpg,90,90,val,2,2,1.0
n03888257__n03888257_65922.jpg,500,349,val,9,9,0.9997
n02979186__n02979186_1300.jpg,494,460,val,2,2,1.0
n03028079__n03028079_10040.jpg,375,500,val,4,4,0.999
n03394916__n03394916_32980.jpg,500,375,val,5,5,0.996
n01440764__n01440764_8600.jpg,225,173,val,0,0,0.9989
n02102040__n02102040_4901.jpg,500,333,val,1,1,1.0
n03000684__n03000684_11672.jpg,1173,552,val,3,3,1.0
n03394916__n03394916_33012.jpg,500,375,val,5,5,0.9999
n03425413__n03425413_13072.jpg,328,500,val,7,7,0.9907
n02979186__n02979186_2902.jpg,500,375,val,2,2,0.9998
n03394916__n03394916_30162.jpg,375,500,val,5,5,1.0
n03028079__n03028079_6720.jpg,389,500,val,4,4,0.9998
n01440764__n01440764_12111.jpg,300,225,val,0,0,1.0
n02979186__n02979186_10691.jpg,600,600,val,2,2,0.9966
n02102040__n02102040_5810.jpg,500,375,val,1,1,1.0
n03000684__ILSVRC2012_val_00011170.jpg,500,375,val,3,3,0.9999
n03417042__n03417042_7160.jpg,395,500,val,6,6,0.9986
n03417042__n03417042_2170.jpg,800,600,val,6,6,1.0
n03425413__n03425413_19251.jpg,375,500,val,7,7,1.0
n02979186__n02979186_23650.jpg,400,221,val,2,2,0.992
n03417042__n03417042_1000.jpg,500,325,val,6,6,0.9993
n03028079__n03028079_16731.jpg,500,436,val,4,4,0.9994
n03445777__n03445777_520.jpg,375,500,val,8,8,0.9997
n03394916__n03394916_32520.jpg,500,375,val,5,5,0.9981
n02979186__n02979186_22111.jpg,200,122,val,2,2,0.998
n02979186__n02979186_8861.jpg,300,225,val,2,2,0.8486
n03000684__n03000684_7671.jpg,500,332,val,3,3,0.9997
n03445777__n03445777_15152.jpg,600,435,val,8,8,0.8437
n03394916__n03394916_38702.jpg,500,375,val,5,5,0.9992
n03394916__n03394916_17780.jpg,100,100,val,5,5,1.0
n03394916__n03394916_36911.jpg,500,333,val,5,5,0.9997
n01440764__n01440764_13801.jpg,325,218,val,0,0,1.0
n02979186__n02979186_2230.jpg,160,109,val,2,2,0.9999
n02102040__n02102040_770.jpg,500,373,val,1,1,1.0
n03000684__n03000684_31890.jpg,375,500,val,3,3,0.987
n03000684__n03000684_8071.jpg,95,71,val,3,3,0.9991
n01440764__n01440764_12211.jpg,167,220,val,0,0,0.9999
n03000684__n03000684_11241.jpg,448,336,val,3,3,1.0
n03028079__n03028079_3670.jpg,500,333,val,4,4,0.9999
n03445777__n03445777_10042.jpg,500,335,val,8,8,0.9993
n03417042__n03417042_1561.jpg,500,378,val,6,6,0.9998
n03000684__n03000684_32320.jpg,500,377,val,3,3,0.9
n02102040__n02102040_2792.jpg,500,375,val,1,1,1.0
n01440764__n01440764_13581.jpg,359,500,val,0,0,0.9998
n02979186__n02979186_5321.jpg,275,100,val,2,2,0.9994
n03028079__n03028079_9481.jpg,467,500,val,4,4,0.9971
n03445777__n03445777_3981.jpg,500,538,val,8,8,0.9983
n03394916__n03394916_36420.jpg,500,340,val,5,5,1.0
n03000684__n03000684_9942.jpg,375,500,val,3,3,0.8492
n02979186__n02979186_2772.jpg,454,214,val,2,2,1.0
n03445777__n03445777_7641.jpg,500,333,val,8,8,1.0
n03888257__n03888257_17542.jpg,500,334,val,9,9,0.9915
n02102040__n02102040_6890.jpg,421,500,val,1,1,1.0
n03425413__n03425413_3021.jpg,500,375,val,7,7,0.7955
n02102040__n02102040_4450.jpg,500,333,val,1,1,1.0
n03888257__n03888257_37950.jpg,500,467,val,9,9,0.9994
n02979186__n02979186_930.jpg,300,266,val,2,2,1.0
n03394916__n03394916_43022.jpg,500,491,val,5,5,0.9998
n03425413__n03425413_20130.jpg,354,500,val,7,3,0.9321
n02102040__n02102040_3061.jpg,321,480,val,1,1,1.0
n03417042__n03417042_23541.jpg,500,333,val,6,6,1.0
n02102040__n02102040_6201.jpg,600,440,val,1,1,1.0
n03028079__n03028079_32202.jpg,500,334,val,4,4,0.9965
n03888257__n03888257_29910.jpg,348,500,val,9,9,0.9998
n02102040__n02102040_4111.jpg,500,375,val,1,1,1.0
n02979186__n02979186_4720.jpg,100,100,val,2,2,0.9974
n03000684__n03000684_731.jpg,600,600,val,3,3,1.0
n03888257__n03888257_26182.jpg,500,392,val,9,9,0.9999
n02102040__n02102040_7460.jpg,401,500,val,1,1,1.0
n03417042__n03417042_1981.jpg,432,324,val,6,6,0.9724
n02102040__n02102040_1660.jpg,500,333,val,1,1,1.0
n03394916__n03394916_20420.jpg,635,952,val,5,5,0.9943
n03417042__ILSVRC2012_val_00002210.jpg,500,375,val,6,6,1.0
n03394916__n03394916_42200.jpg,366,500,val,5,5,0.9875
n01440764__n01440764_3760.jpg,352,288,val,0,0,1.0
n02102040__n02102040_1450.jpg,500,357,val,1,1,1.0
n03425413__n03425413_20312.jpg,500,375,val,7,7,0.9991
n01440764__n01440764_9152.jpg,640,427,val,0,0,1.0
n03445777__n03445777_471.jpg,500,333,val,8,8,0.9967
n02102040__n02102040_5272.jpg,383,500,val,1,1,1.0
n03417042__n03417042_11062.jpg,500,375,val,6,6,0.9996
n03888257__n03888257_12070.jpg,500,346,val,9,9,0.9999
n03394916__n03394916_43322.jpg,500,333,val,5,5,0.9998
n03425413__n03425413_21592.jpg,375,500,val,7,7,0.9999
n03888257__n03888257_12400.jpg,375,500,val,9,9,0.9969
n02102040__n02102040_1512.jpg,500,333,val,1,1,1.0
n03028079__n03028079_31082.jpg,500,375,val,4,4,0.9992
n03394916__n03394916_32931.jpg,333,500,val,5,5,1.0
n03425413__n03425413_11592.jpg,375,500,val,7,7,0.9974
n03417042__n03417042_18722.jpg,437,500,val,6,6,1.0
n03425413__n03425413_13180.jpg,500,375,val,7,7,0.7785
n03000684__n03000684_272.jpg,500,370,val,3,3,0.9987
n01440764__n01440764_1552.jpg,350,450,val,0,0,1.0
n03425413__ILSVRC2012_val_00031412.jpg,500,375,val,7,7,0.9983
n02102040__n02102040_3950.jpg,500,375,val,1,1,0.9999
n03394916__n03394916_36941.jpg,500,375,val,5,5,0.9995
n02102040__n02102040_6532.jpg,500,484,val,1,1,0.9999
n03425413__n03425413_21332.jpg,500,375,val,7,7,0.998
n03394916__n03394916_33462.jpg,375,500,val,5,5,0.9763
n03445777__n03445777_551.jpg,500,375,val,8,8,1.0
n03394916__n03394916_37960.jpg,500,375,val,5,5,0.4638
n03425413__n03425413_8992.jpg,400,300,val,7,7,0.9978
n01440764__ILSVRC2012_val_00009191.jpg,500,375,val,0,0,1.0
n03888257__n03888257_19960.jpg,344,500,val,9,9,0.9998
n03417042__n03417042_5180.jpg,500,375,val,6,6,0.9931
n02102040__n02102040_1592.jpg,500,333,val,1,1,1.0
n02979186__n02979186_8751.jpg,350,207,val,2,2,1.0
n03888257__n03888257_39021.jpg,333,500,val,9,9,0.9996
n03425413__n03425413_24881.jpg,600,600,val,7,7,0.9997
n03888257__n03888257_11081.jpg,474,500,val,9,9,0.9998
n03417042__n03417042_7002.jpg,510,373,val,6,6,0.9972
n03000684__n03000684_7312.jpg,337,190,val,3,3,0.9999
n03394916__n03394916_32550.jpg,500,333,val,5,5,0.9994
n03417042__n03417042_5381.jpg,500,357,val,6,6,0.9982
n03425413__n03425413_15321.jpg,500,375,val,7,7,0.9996
n03445777__n03445777_6181.jpg,500,375,val,8,8,0.9999
n03425413__n03425413_16421.jpg,500,333,val,7,7,0.9989
n03417042__n03417042_1770.jpg,640,480,val,6,6,0.9995
n03000684__n03000684_12670.jpg,91,100,val,3,3,0.9998
n03028079__n03028079_13002.jpg,500,473,val,4,4,1.0
n03394916__n03394916_41541.jpg,500,333,val,5,5,0.9988
n03417042__n03417042_411.jpg,375,500,val,6,6,0.9979
n03888257__n03888257_33182.jpg,334,500,val,9,9,0.9999
n03000684__n03000684_14632.jpg,333,500,val,3,3,0.9926
n03000684__n03000684_31000.jpg,500,375,val,3,3,0.9855
n02102040__ILSVRC2012_val_00040140.jpg,398,500,val,1,1,1.0
n03445777__n03445777_9151.jpg,500,301,val,8,8,0.9981
n03394916__n03394916_33221.jpg,360,270,val,5,5,0.9795
n03000684__n03000684_882.jpg,125,109,val,3,3,0.9988
n01440764__n01440764_12250.jpg,799,744,val,0,0,1.0
n02979186__n02979186_16101.jpg,500,375,val,2,2,0.9875
n01440764__n01440764_27042.jpg,500,375,val,0,0,0.9921
n01440764__n01440764_29731.jpg,240,180,val,0,0,1.0
n03000684__n03000684_18502.jpg,500,358,val,3,3,0.9834
n03425413__n03425413_4400.jpg,1944,2592,val,7,7,0.9998
n03028079__n03028079_8720.jpg,500,438,val,4,4,0.9997
n03888257__ILSVRC2012_val_00037770.jpg,500,422,val,9,9,0.9999
n03445777__n03445777_20400.jpg,500,375,val,8,8,1.0
n03028079__n03028079_24072.jpg,375,500,val,4,4,0.9998
n03028079__n03028079_4612.jpg,390,500,val,4,4,0.9989
n03417042__n03417042_5110.jpg,480,384,val,6,6,0.9548
n03394916__n03394916_61012.jpg,840,1120,val,5,5,1.0
n03417042__n03417042_30.jpg,500,384,val,6,6,0.9987
n02102040__n02102040_3452.jpg,500,375,val,1,1,1.0
n03394916__n03394916_5511.jpg,1500,1000,val,5,5,0.9994
n01440764__n01440764_8442.jpg,270,320,val,0,0,1.0
n02979186__n02979186_19322.jpg,125,105,val,2,2,0.9967
n03000684__n03000684_7161.jpg,500,375,val,3,3,0.9984
n03425413__n03425413_19760.jpg,500,375,val,7,7,0.9996
n03888257__n03888257_12752.jpg,500,333,val,9,9,1.0
n02102040__n02102040_2102.jpg,500,333,val,1,1,0.9999
n03425413__n03425413_652.jpg,800,600,val,7,7,0.9989
n03000684__n03000684_1300.jpg,1115,415,val,3,3,1.0
n03888257__n03888257_9650.jpg,500,375,val,9,9,0.9924
n03000684__n03000684_661.jpg,500,334,val,3,3,0.9999
n03888257__n03888257_17340.jpg,500,360,val,9,9,0.999
n03028079__n03028079_5261.jpg,500,375,val,4,4,0.9993
n03425413__n03425413_12722.jpg,375,500,val,7,7,0.9888
n03028079__n03028079_72470.jpg,500,355,val,4,4,0.9993
n02102040__n02102040_7011.jpg,242,400,val,1,1,1.0
n03394916__n03394916_21272.jpg,287,223,val,5,5,1.0
n02979186__n02979186_1401.jpg,180,147,val,2,2,0.9998
n03028079__n03028079_26371.jpg,500,334,val,4,4,0.9999
n02979186__n02979186_2702.jpg,1362,598,val,2,2,0.9759
n03425413__n03425413_20500.jpg,500,375,val,7,7,0.9993
n03445777__n03445777_14362.jpg,444,543,val,8,8,0.9998
n03028079__n03028079_3260.jpg,357,500,val,4,4,0.9999
n02979186__n02979186_24492.jpg,160,160,val,2,2,0.8378
n01440764__n01440764_6341.jpg,260,195,val,0,0,1.0
n03028079__n03028079_6462.jpg,500,333,val,4,4,0.9999
n03028079__n03028079_23510.jpg,500,333,val,4,4,0.9996
n03394916__n03394916_51112.jpg,400,547,val,5,5,1.0
n03394916__n03394916_5811.jpg,500,375,val,5,5,1.0
n01440764__n01440764_7462.jpg,560,420,val,0,0,0.9998
n02102040__n02102040_202.jpg,500,375,val,1,1,1.0
n03888257__ILSVRC2012_val_00017020.jpg,438,500,val,9,9,0.9976
n03028079__n03028079_28521.jpg,500,375,val,4,4,1.0
n02102040__n02102040_720.jpg,520,423,val,1,1,1.0
n03417042__n03417042_750.jpg,500,448,val,6,6,1.0
n02979186__n02979186_5980.jpg,500,375,val,2,2,0.9973
n02102040__n02102040_4872.jpg,500,386,val,1,1,0.9943
n03000684__n03000684_7920.jpg,91,45,val,3,3,0.9566
n03394916__n03394916_38861.jpg,375,500,val,5,5,0.9949
n03425413__n03425413_19901.jpg,500,375,val,7,7,0.9999
n03425413__n03425413_2681.jpg,400,533,val,7,7,0.9998
n03417042__ILSVRC2012_val_00028190.jpg,500,374,val,6,6,0.9999
n03888257__n03888257_76331.jpg,500,342,val,9,9,0.9998
n03888257__n03888257_19830.jpg,491,500,val,9,9,0.9999
n03888257__n03888257_11561.jpg,500,333,val,9,9,0.9981
n03425413__n03425413_8390.jpg,500,375,val,7,7,0.9606
n03394916__n03394916_39220.jpg,485,500,val,5,5,0.999
n03425413__n03425413_18132.jpg,336,500,val,7,7,0.9993
n03028079__n03028079_16080.jpg,500,375,val,4,4,0.9999
n03425413__n03425413_10450.jpg,500,375,val,7,7,0.9958
n01440764__n01440764_30331.jpg,500,362,val,0,0,0.9994
n03394916__n03394916_46700.jpg,333,500,val,5,5,0.9994
n03028079__n03028079_102.jpg,399,500,val,4,4,0.9999
n02979186__n02979186_23730.jpg,354,325,val,2,2,0.9999
n03425413__n03425413_5072.jpg,500,375,val,7,7,0.912
n03417042__n03417042_7371.jpg,600,396,val,6,6,0.9999
n03028079__n03028079_17561.jpg,500,667,val,4,4,0.9999
n02102040__n02102040_7082.jpg,375,500,val,1,1,0.9983
n02102040__n02102040_551.jpg,500,392,val,1,1,0.9997
n03425413__n03425413_16420.jpg,375,500,val,7,7,0.9999
n03888257__n03888257_33250.jpg,500,380,val,9,9,0.8472
n03417042__n03417042_201.jpg,400,300,val,6,6,0.9831
n03000684__n03000684_340.jpg,500,375,val,3,3,0.7834
n01440764__n01440764_8302.jpg,200,267,val,0,0,1.0
n01440764__n01440764_6421.jpg,500,375,val,0,0,0.9996
n03394916__n03394916_38071.jpg,333,500,val,5,5,1.0
n03888257__n03888257_4682.jpg,589,509,val,9,9,0.9976
n02979186__n02979186_10271.jpg,500,332,val,2,2,1.0
n03445777__n03445777_10581.jpg,500,375,val,8,8,0.6269
n03417042__n03417042_6780.jpg,500,375,val,6,6,1.0
n03888257__n03888257_22061.jpg,500,301,val,9,9,0.9999
n03888257__n03888257_1251.jpg,1531,1172,val,9,9,1.0
n01440764__n01440764_3432.jpg,500,333,val,0,0,0.9993
n03445777__n03445777_4162.jpg,450,755,val,8,8,0.8607
n01440764__n01440764_12572.jpg,389,325,val,0,0,1.0
n03000684__n03000684_10692.jpg,500,375,val,3,3,0.9918
n02102040__n02102040_4090.jpg,500,333,val,1,1,0.9982
n03000684__n03000684_31721.jpg,500,351,val,3,3,0.9999
n03888257__n03888257_10341.jpg,540,418,val,9,9,0.9999
n03445777__n03445777_9411.jpg,500,334,val,8,8,0.9998
n03028079__n03028079_122592.jpg,500,354,val,4,4,0.9939
n03000684__n03000684_14060.jpg,333,500,val,3,3,0.9974
n03028079__ILSVRC2012_val_00028310.jpg,500,375,val,4,4,0.9998
n03000684__n03000684_16691.jpg,500,331,val,3,3,0.9984
n03425413__n03425413_7091.jpg,500,332,val,7,7,0.9519
n03417042__n03417042_18622.jpg,500,375,val,6,6,0.9982
n03425413__n03425413_1670.jpg,500,481,val,7,7,1.0
n02979186__n02979186_4971.jpg,448,336,val,2,2,0.9999
n03028079__n03028079_29942.jpg,500,375,val,4,4,0.9999
n01440764__n01440764_4512.jpg,500,375,val,0,0,1.0
n03417042__n03417042_3350.jpg,500,375,val,6,6,1.0
n03445777__n03445777_7090.jpg,500,375,val,8,8,0.9999
n03425413__n03425413_13200.jpg,500,375,val,7,7,1.0
n03394916__n03394916_25670.jpg,334,500,val,5,5,0.9898
n03417042__n03417042_29361.jpg,500,375,val,6,6,0.9997
n03425413__n03425413_21282.jpg,375,500,val,7,7,0.9987
n03417042__n03417042_12002.jpg,500,375,val,6,6,0.9996
n03445777__n03445777_8610.jpg,500,375,val,8,8,1.0
n03425413__n03425413_21350.jpg,375,500,val,7,7,0.9994
n03445777__n03445777_11162.jpg,500,375,val,8,8,1.0
n03425413__n03425413_14792.jpg,375,500,val,7,7,0.9986
n03000684__n03000684_29062.jpg,335,500,val,3,3,1.0
n03394916__n03394916_36772.jpg,431,500,val,5,5,0.9701
n03000684__n03000684_6292.jpg,300,105,val,3,3,0.9982
n03028079__ILSVRC2012_val_00048382.jpg,500,400,val,4,4,0.9971
n03425413__n03425413_4012.jpg,500,375,val,7,7,0.9947
n03394916__n03394916_55610.jpg,500,391,val,5,5,1.0
n03888257__n03888257_33021.jpg,500,333,val,9,9,0.9992
n03417042__n03417042_1790.jpg,1600,1200,val,6,6,1.0
n03000684__n03000684_25302.jpg,333,500,val,3,2,0.7206
n03425413__n03425413_20690.jpg,330,500,val,7,7,0.9995
n02979186__n02979186_4341.jpg,441,500,val,2,2,0.9993
n01440764__n01440764_9031.jpg,640,480,val,0,0,0.9997
n03425413__n03425413_27810.jpg,600,800,val,7,7,0.9969
n03000684__n03000684_8831.jpg,375,500,val,3,3,1.0
n03417042__n03417042_3792.jpg,1200,1600,val,6,6,0.998
n03394916__n03394916_28291.jpg,500,331,val,5,5,0.9994
n03888257__n03888257_31010.jpg,485,500,val,9,9,0.9998
n03445777__n03445777_3132.jpg,500,375,val,8,8,0.9997
n03394916__n03394916_36000.jpg,375,500,val,5,5,0.9963
n02979186__n02979186_1632.jpg,270,200,val,2,2,1.0
n03425413__n03425413_19102.jpg,375,500,val,7,7,0.9999
n03417042__n03417042_8700.jpg,500,375,val,6,6,1.0
n03425413__n03425413_13772.jpg,500,375,val,7,7,0.8661
n03417042__n03417042_7621.jpg,500,375,val,6,6,0.9995
n03888257__n03888257_28610.jpg,383,500,val,9,9,0.9844
n03425413__n03425413_16911.jpg,500,333,val,7,7,0.9985
n03028079__n03028079_46722.jpg,335,500,val,4,4,0.9997
n03028079__n03028079_8360.jpg,375,500,val,4,4,0.9909
n03445777__n03445777_4622.jpg,500,375,val,8,8,0.9999
n03445777__n03445777_10071.jpg,500,375,val,8,8,1.0
n03394916__n03394916_30451.jpg,500,375,val,5,5,0.9988
n03394916__n03394916_38221.jpg,500,375,val,5,5,0.9999
n03425413__n03425413_9421.jpg,375,500,val,7,7,0.9988
n03000684__ILSVRC2012_val_00029211.jpg,400,300,val,3,3,1.0
n03417042__n03417042_3952.jpg,500,375,val,6,6,1.0
n03394916__n03394916_36102.jpg,500,393,val,5,5,0.9999
n03445777__n03445777_4561.jpg,210,280,val,8,8,0.9996
n03028079__n03028079_26810.jpg,403,500,val,4,4,0.996
n02979186__n02979186_26120.jpg,500,375,val,2,2,1.0
n03425413__n03425413_15871.jpg,375,500,val,7,7,0.9996
n02102040__n02102040_2032.jpg,375,500,val,1,1,1.0
n03417042__n03417042_18590.jpg,500,375,val,6,6,1.0
n03000684__n03000684_14600.jpg,500,462,val,3,3,0.9989
n03000684__ILSVRC2012_val_00025890.jpg,500,500,val,3,3,0.9997
n03000684__n03000684_16591.jpg,500,299,val,3,3,1.0
n01440764__n01440764_2271.jpg,500,375,val,0,0,1.0
n03000684__n03000684_590.jpg,500,325,val,3,3,0.9999
n03888257__n03888257_23571.jpg,500,362,val,9,9,0.9971
n03394916__n03394916_5461.jpg,400,400,val,5,5,1.0
n03888257__n03888257_36541.jpg,500,334,val,9,9,0.9998
n01440764__n01440764_2751.jpg,500,375,val,0,0,0.9998
n03000684__n03000684_18521.jpg,80,80,val,3,3,0.9934
n03000684__n03000684_12470.jpg,160,120,val,3,3,1.0
n01440764__n01440764_21161.jpg,352,500,val,0,0,1.0
n02102040__n02102040_1961.jpg,500,375,val,1,1,0.9999
n03000684__n03000684_10820.jpg,400,266,val,3,3,0.9997
n03445777__n03445777_9921.jpg,500,378,val,8,8,1.0
n01440764__n01440764_2002.jpg,260,212,val,0,0,1.0
n03028079__n03028079_10060.jpg,375,500,val,4,4,0.9998
n03000684__n03000684_10212.jpg,500,325,val,3,3,0.9913
n03445777__n03445777_13911.jpg,400,429,val,8,8,1.0
n03888257__n03888257_66961.jpg,500,339,val,9,9,0.9994
n01440764__n01440764_11400.jpg,630,736,val,0,0,1.0
n02102040__n02102040_700.jpg,500,375,val,1,1,0.9977
n03445777__n03445777_6081.jpg,329,325,val,8,8,0.9993
n01440764__n01440764_421.jpg,500,261,val,0,0,1.0
n03417042__n03417042_11602.jpg,500,375,val,6,6,1.0
n03425413__n03425413_16822.jpg,375,500,val,7,7,0.9996
n03028079__n03028079_16820.jpg,371,500,val,4,4,1.0
n02979186__n02979186_10230.jpg,500,271,val,2,2,1.0
n03888257__n03888257_41391.jpg,500,333,val,9,9,0.9229
n02102040__n02102040_6240.jpg,500,332,val,1,1,1.0
n03445777__n03445777_7372.jpg,337,500,val,8,8,0.9999
n03425413__n03425413_5071.jpg,393,500,val,7,7,0.9996
n03425413__n03425413_430.jpg,610,416,val,7,7,0.9986
n03425413__n03425413_1631.jpg,500,375,val,7,7,0.9999
n03394916__n03394916_44831.jpg,500,375,val,5,5,0.9999
n03425413__ILSVRC2012_val_00020951.jpg,372,500,val,7,7,0.7037
n01440764__n01440764_6130.jpg,120,89,val,0,0,1.0
n03417042__n03417042_4470.jpg,700,433,val,6,6,1.0
n03417042__n03417042_12170.jpg,500,375,val,6,6,0.9954
n01440764__n01440764_7982.jpg,1844,1354,val,0,0,1.0
n02102040__n02102040_7091.jpg,500,333,val,1,1,1.0
n02979186__n02979186_25141.jpg,114,114,val,2,2,0.9998
n03425413__ILSVRC2012_val_00000732.jpg,375,500,val,7,7,1.0
n01440764__n01440764_6021.jpg,500,333,val,0,0,0.9999
n02979186__n02979186_8122.jpg,200,152,val,2,2,0.9999
n03445777__n03445777_8380.jpg,375,500,val,8,8,0.9878
n03394916__n03394916_39500.jpg,500,375,val,5,5,0.997
n03394916__n03394916_21092.jpg,356,500,val,5,5,0.9994
n03394916__n03394916_43991.jpg,375,500,val,5,5,0.9977
n03417042__n03417042_3821.jpg,1600,1200,val,6,6,0.9991
n03417042__n03417042_4462.jpg,3000,1985,val,6,6,0.9801
n03445777__n03445777_3612.jpg,300,225,val,8,8,0.9993
n01440764__n01440764_14771.jpg,500,375,val,0,0,0.9999
n03028079__n03028079_2942.jpg,1024,768,val,4,4,0.9999
n02102040__n02102040_2920.jpg,405,500,val,1,1,1.0
n03425413__n03425413_13971.jpg,500,382,val,7,7,0.7128
n03445777__n03445777_4352.jpg,500,375,val,8,8,0.9997
n03425413__n03425413_13702.jpg,332,500,val,7,7,1.0
n03000684__n03000684_16291.jpg,502,244,val,3,3,0.9999
n03394916__n03394916_54320.jpg,1200,900,val,5,5,0.9998
n03028079__n03028079_31602.jpg,462,500,val,4,4,0.9999
n03425413__n03425413_2951.jpg,450,742,val,7,7,0.9959
n03394916__n03394916_29762.jpg,500,333,val,5,5,0.996
n01440764__ILSVRC2012_val_00017472.jpg,500,375,val,0,0,1.0
n03445777__n03445777_5131.jpg,500,365,val,8,8,0.9996
n02102040__n02102040_2930.jpg,500,333,val,1,1,0.9979
n01440764__n01440764_9292.jpg,500,375,val,0,0,0.9997
n02102040__n02102040_2280.jpg,500,377,val,1,1,1.0
n03888257__n03888257_3642.jpg,500,334,val,9,9,0.9986
n02979186__n02979186_18581.jpg,500,375,val,2,2,0.9996
n03888257__n03888257_3632.jpg,460,500,val,9,9,0.9992
n03425413__n03425413_11161.jpg,405,500,val,7,7,1.0
n03445777__n03445777_13490.jpg,500,375,val,8,8,0.9999
n03394916__n03394916_52232.jpg,548,605,val,5,5,1.0
n03028079__n03028079_3432.jpg,500,500,val,4,4,0.9647
n03445777__n03445777_3192.jpg,500,333,val,8,8,0.9994
n01440764__n01440764_6301.jpg,500,375,val,0,0,1.0
n01440764__n01440764_11602.jpg,400,300,val,0,0,1.0
n03028079__n03028079_11401.jpg,372,500,val,4,4,0.9968
n03445777__n03445777_2312.jpg,300,178,val,8,8,0.9997
n03888257__n03888257_36371.jpg,500,334,val,9,9,0.999
n01440764__n01440764_4221.jpg,500,374,val,0,0,1.0
n03888257__n03888257_38391.jpg,500,375,val,9,9,0.7295
n02102040__n02102040_6152.jpg,500,333,val,1,1,1.0
n03000684__n03000684_18140.jpg,200,129,val,3,3,0.999
n03425413__n03425413_21301.jpg,500,375,val,7,7,0.9999
n02102040__n02102040_3610.jpg,375,500,val,1,1,0.9999
n03888257__n03888257_11901.jpg,500,333,val,9,9,0.9953
n02979186__n02979186_5612.jpg,125,120,val,2,2,0.9839
n03028079__n03028079_7422.jpg,500,344,val,4,4,0.9997
n03394916__n03394916_58180.jpg,500,375,val,5,5,1.0
n03888257__n03888257_32032.jpg,500,375,val,9,9,0.9979
n03888257__ILSVRC2012_val_00001440.jpg,500,375,val,9,9,0.9996
n02979186__n02979186_27392.jpg,640,480,val,2,2,0.9986
n01440764__n01440764_7950.jpg,300,228,val,0,0,1.0
n03417042__n03417042_27840.jpg,500,375,val,6,6,0.9998
n03417042__ILSVRC2012_val_00027150.jpg,500,345,val,6,6,0.9995
n03028079__n03028079_80352.jpg,500,347,val,4,4,0.995
n03000684__n03000684_410.jpg,140,105,val,3,3,0.9997
n03028079__n03028079_25712.jpg,378,500,val,4,4,0.9951
n03394916__n03394916_3422.jpg,300,475,val,5,5,1.0
n03445777__n03445777_17221.jpg,160,160,val,8,8,1.0
n03417042__n03417042_9132.jpg,1200,1600,val,6,6,0.9158
n03394916__n03394916_37991.jpg,500,375,val,5,5,0.7305
n03417042__n03417042_14500.jpg,500,375,val,6,6,1.0
n03000684__ILSVRC2012_val_00024480.jpg,364,353,val,3,3,1.0
n02979186__n02979186_11782.jpg,160,160,val,2,2,0.9998
n03394916__n03394916_49600.jpg,750,738,val,5,5,1.0
n03888257__n03888257_171.jpg,336,500,val,9,9,0.9999
n03425413__n03425413_20210.jpg,500,400,val,7,7,0.9997
n01440764__n01440764_18592.jpg,500,375,val,0,0,0.9999
n03425413__n03425413_12761.jpg,375,500,val,7,7,0.9992
n03417042__n03417042_9511.jpg,500,375,val,6,6,1.0
n03425413__n03425413_18752.jpg,375,500,val,7,7,0.9991
n03000684__n03000684_4210.jpg,200,200,val,3,3,0.9997
n03000684__n03000684_24991.jpg,353,500,val,3,3,0.999
n02979186__n02979186_18190.jpg,155,116,val,2,2,0.9998
n03888257__n03888257_21912.jpg,500,336,val,9,9,0.9999
n03425413__n03425413_22071.jpg,334,500,val,7,7,0.9829
n03000684__n03000684_13541.jpg,113,150,val,3,3,0.9998
n03888257__n03888257_5621.jpg,500,500,val,9,9,0.9992
n02102040__n02102040_6291.jpg,500,333,val,1,1,1.0
n02102040__n02102040_831.jpg,376,500,val,1,1,1.0
n03417042__n03417042_90.jpg,500,375,val,6,6,0.9999
n03394916__n03394916_24391.jpg,500,457,val,5,5,0.9999
n03028079__ILSVRC2012_val_00046232.jpg,500,378,val,4,4,0.6605
n02102040__n02102040_6490.jpg,326,310,val,1,1,1.0
n02979186__n02979186_9232.jpg,400,300,val,2,2,0.9994
n03445777__n03445777_3900.jpg,250,250,val,8,8,0.9999
n02102040__n02102040_4272.jpg,375,500,val,1,1,1.0
n03000684__n03000684_19382.jpg,500,375,val,3,3,0.9997
n02979186__n02979186_1810.jpg,375,500,val,2,2,0.9983
n02979186__n02979186_15940.jpg,500,217,val,2,2,1.0
n02979186__n02979186_10200.jpg,500,332,val,2,2,0.9905
n03417042__n03417042_2231.jpg,800,452,val,6,6,0.9998
n03028079__n03028079_42222.jpg,500,500,val,4,4,0.9999
n02102040__n02102040_5790.jpg,500,333,val,1,1,1.0
n03888257__n03888257_5662.jpg,500,375,val,9,7,0.3761
n03888257__n03888257_22330.jpg,500,250,val,9,9,0.9991
n03028079__n03028079_2750.jpg,333,500,val,4,4,0.7469
n02102040__n02102040_4732.jpg,500,375,val,1,1,1.0
n03417042__n03417042_1031.jpg,500,375,val,6,6,1.0
n03888257__n03888257_10892.jpg,600,400,val,9,9,0.9998
n01440764__n01440764_7362.jpg,500,375,val,0,0,0.9997
n03417042__n03417042_18551.jpg,500,375,val,6,6,1.0
n03445777__n03445777_7931.jpg,500,375,val,8,8,0.9992
n03417042__n03417042_20021.jpg,500,375,val,6,6,0.9999
n02102040__n02102040_4702.jpg,500,375,val,1,1,0.9998
n03417042__n03417042_3280.jpg,500,375,val,6,6,0.8191
n03394916__n03394916_38680.jpg,500,333,val,5,5,0.9997
n03000684__n03000684_1122.jpg,500,333,val,3,3,0.9893
n02979186__n02979186_10341.jpg,240,210,val,2,2,0.9989
n03028079__n03028079_16660.jpg,500,461,val,4,4,0.9999
n03888257__n03888257_31370.jpg,500,333,val,9,9,0.9992
n03000684__n03000684_2472.jpg,500,320,val,3,3,0.9998
n03445777__n03445777_12882.jpg,400,300,val,8,8,0.9997
n03425413__n03425413_27300.jpg,375,500,val,7,7,0.9997
n03445777__n03445777_9292.jpg,500,334,val,8,8,0.9993
n03445777__n03445777_1922.jpg,500,375,val,8,8,0.9996
n03394916__n03394916_66070.jpg,500,332,val,5,5,1.0
n01440764__n01440764_190.jpg,80,60,val,0,0,1.0
n02102040__n02102040_5950.jpg,500,375,val,1,1,0.9993
n03425413__n03425413_20360.jpg,500,326,val,7,7,0.9991
n02979186__n02979186_15350.jpg,339,500,val,2,2,1.0
n01440764__ILSVRC2012_val_00021740.jpg,500,375,val,0,0,1.0
n03394916__n03394916_37510.jpg,500,375,val,5,5,0.9988
n03394916__n03394916_26040.jpg,357,533,val,5,5,0.9381
n03425413__n03425413_6882.jpg,576,432,val,7,6,0.6879
n01440764__n01440764_8052.jpg,1536,1152,val,0,0,0.9999
n03000684__n03000684_16312.jpg,500,332,val,3,3,0.9999
n02979186__n02979186_2830.jpg,500,439,val,2,2,1.0
n03445777__n03445777_5810.jpg,250,200,val,8,8,0.9999
n03417042__n03417042_1841.jpg,612,544,val,6,6,0.9987
n03394916__n03394916_42671.jpg,500,335,val,5,5,0.9998
n03000684__n03000684_16072.jpg,679,369,val,3,3,0.9992
n02102040__n02102040_4980.jpg,500,375,val,1,1,1.0
n03417042__n03417042_22152.jpg,500,374,val,6,6,1.0
n01440764__n01440764_8142.jpg,640,480,val,0,0,1.0
n02979186__n02979186_11861.jpg,100,100,val,2,2,0.9996
n01440764__n01440764_622.jpg,500,375,val,0,0,1.0
n03425413__n03425413_2390.jpg,600,399,val,7,7,0.6922
n01440764__n01440764_12702.jpg,500,375,val,0,0,0.9996
n03417042__n03417042_27022.jpg,456,342,val,6,6,0.9999
n03000684__n03000684_15691.jpg,500,355,val,3,3,0.9999
n03888257__n03888257_29390.jpg,361,500,val,9,9,0.9987
n01440764__n01440764_9091.jpg,1600,1200,val,0,0,1.0
n03445777__n03445777_5342.jpg,500,389,val,8,8,0.9999
n02102040__n02102040_6392.jpg,500,435,val,1,1,0.9979
n03888257__n03888257_5820.jpg,380,380,val,9,9,0.9992
n03445777__n03445777_10622.jpg,500,375,val,8,8,0.9995
n03417042__n03417042_3842.jpg,500,223,val,6,6,1.0
n03394916__n03394916_14002.jpg,335,500,val,5,5,0.9996
n02102040__n02102040_880.jpg,500,452,val,1,1,1.0
n03417042__n03417042_8192.jpg,500,375,val,6,6,1.0
n03394916__n03394916_63471.jpg,800,600,val,5,5,1.0
n03417042__n03417042_7581.jpg,500,333,val,6,6,0.9999
n02979186__n02979186_15862.jpg,500,375,val,2,3,0.8162
n03000684__n03000684_4081.jpg,276,500,val,3,3,0.5635
n02102040__n02102040_2321.jpg,375,500,val,1,1,1.0
n01440764__n01440764_14280.jpg,500,334,val,0,0,1.0
n03888257__n03888257_38102.jpg,500,334,val,9,9,0.9999
n03417042__n03417042_27361.jpg,500,375,val,6,6,0.6729
n03028079__n03028079_14910.jpg,372,500,val,4,4,0.9991
n02102040__n02102040_2700.jpg,500,375,val,1,1,1.0
n03394916__n03394916_73490.jpg,500,400,val,5,5,0.9992
n03445777__ILSVRC2012_val_00011581.jpg,450,600,val,8,8,0.9517
n03425413__n03425413_18430.jpg,500,375,val,7,7,0.9994
n03425413__n03425413_15000.jpg,500,375,val,7,7,0.9999
n02102040__n02102040_6770.jpg,500,375,val,1,1,1.0
n03000684__n03000684_22892.jpg,333,500,val,3,3,0.9813
n03417042__n03417042_7061.jpg,700,469,val,6,6,0.7968
n02979186__n02979186_15972.jpg,500,375,val,2,2,0.5218
n03417042__n03417042_4560.jpg,500,375,val,6,6,0.9998
n03028079__n03028079_14920.jpg,500,496,val,4,4,0.9999
n03445777__n03445777_7212.jpg,500,333,val,8,8,0.913
n03417042__n03417042_1280.jpg,800,600,val,6,6,0.9999
n01440764__n01440764_6570.jpg,500,337,val,0,0,0.9993
n01440764__n01440764_6641.jpg,240,176,val,0,0,1.0
n03425413__n03425413_31710.jpg,333,500,val,7,7,0.9847
n03000684__n03000684_9260.jpg,500,375,val,3,3,0.9984
n02102040__n02102040_7562.jpg,500,333,val,1,1,0.9998
n03000684__n03000684_17261.jpg,500,330,val,3,3,0.9919
n01440764__n01440764_12502.jpg,612,478,val,0,0,1.0
n02102040__n02102040_1870.jpg,500,333,val,1,1,0.9995
n03888257__n03888257_35020.jpg,500,335,val,9,9,0.9993
n03028079__n03028079_56741.jpg,500,336,val,4,4,0.9993
n03000684__n03000684_16242.jpg,500,375,val,3,3,0.9997
n03888257__n03888257_37561.jpg,500,351,val,9,9,0.9663
n02979186__n02979186_6520.jpg,320,240,val,2,2,0.9998
n03425413__n03425413_9940.jpg,200,300,val,7,7,0.9502
n03888257__n03888257_38501.jpg,500,335,val,9,9,0.9987
n03417042__n03417042_8361.jpg,500,375,val,6,6,0.9997
n03394916__n03394916_36380.jpg,500,338,val,5,5,0.9869
n03394916__ILSVRC2012_val_00007921.jpg,500,333,val,5,5,0.9997
n03417042__n03417042_4520.jpg,1600,1200,val,6,6,0.9996
n03394916__n03394916_38360.jpg,500,335,val,5,5,0.9945
n01440764__n01440764_27422.jpg,500,375,val,0,0,1.0
n03000684__n03000684_31982.jpg,100,75,val,3,3,0.9992
n03425413__n03425413_4792.jpg,375,500,val,7,7,0.9993
n03888257__n03888257_15491.jpg,500,334,val,9,9,0.9995
n03417042__n03417042_29480.jpg,422,500,val,6,6,0.9999
n03445777__n03445777_16220.jpg,350,259,val,8,8,0.9999
n03445777__n03445777_2860.jpg,500,377,val,8,8,0.9999
n03000684__n03000684_30692.jpg,400,320,val,3,3,0.9992
n03888257__n03888257_76121.jpg,500,333,val,9,9,1.0
n02102040__n02102040_901.jpg,500,375,val,1,1,1.0
n03394916__n03394916_60810.jpg,500,496,val,5,5,0.9991
n03445777__n03445777_5851.jpg,650,650,val,8,8,1.0
n02102040__n02102040_4250.jpg,500,362,val,1,1,0.9997
n03000684__n03000684_16151.jpg,500,375,val,3,3,0.9985
n03417042__n03417042_11611.jpg,500,375,val,6,6,0.9998
n02979186__n02979186_20620.jpg,333,500,val,2,2,0.877
n03000684__n03000684_7822.jpg,800,600,val,3,3,1.0
n03000684__n03000684_24542.jpg,500,375,val,3,3,0.9946
n03000684__n03000684_292.jpg,240,160,val,3,3,0.9847
n03000684__n03000684_31112.jpg,500,333,val,3,3,0.9994
n02979186__n02979186_5792.jpg,400,362,val,2,2,0.9294
n02979186__n02979186_21941.jpg,137,65,val,2,2,0.9997
n03028079__n03028079_28302.jpg,500,341,val,4,4,0.9997
n03028079__n03028079_9810.jpg,375,500,val,4,4,0.9966
n03445777__n03445777_5092.jpg,600,289,val,8,8,0.9996
n03394916__n03394916_30231.jpg,364,500,val,5,5,1.0
n01440764__n01440764_10211.jpg,640,480,val,0,0,1.0
n03445777__n03445777_2360.jpg,640,480,val,8,8,0.9999
n03888257__n03888257_5692.jpg,500,333,val,9,9,0.9998
n03394916__n03394916_69132.jpg,500,334,val,5,5,0.9997
n03417042__n03417042_3940.jpg,500,375,val,6,6,0.9646
n03417042__n03417042_27862.jpg,500,375,val,6,6,0.9999
n02979186__ILSVRC2012_val_00045110.jpg,320,240,val,2,2,0.9998
n03417042__n03417042_1611.jpg,500,375,val,6,6,1.0
n03888257__ILSVRC2012_val_00010460.jpg,375,500,val,9,9,0.9996
n03000684__n03000684_30141.jpg,500,375,val,3,3,0.981
n03425413__n03425413_17111.jpg,375,500,val,7,7,1.0
n03888257__n03888257_34162.jpg,500,333,val,9,9,0.9994
n02979186__n02979186_872.jpg,500,375,val,2,2,0.9998
n03394916__n03394916_55552.jpg,480,640,val,5,5,0.9998
n03417042__n03417042_3752.jpg,500,375,val,6,6,0.9999
n03888257__n03888257_13290.jpg,500,333,val,9,9,0.9662
n03394916__n03394916_30700.jpg,500,375,val,5,5,1.0
n03445777__n03445777_19001.jpg,250,375,val,8,8,0.9996
n02979186__n02979186_6390.jpg,509,355,val,2,2,0.9976
n03028079__n03028079_13311.jpg,1200,1600,val,4,4,0.9958
n03425413__n03425413_16972.jpg,500,375,val,7,7,0.9993
n03888257__n03888257_20151.jpg,500,335,val,9,9,0.9996
n03417042__n03417042_6472.jpg,500,375,val,6,6,0.9999
n01440764__n01440764_6190.jpg,500,375,val,0,0,1.0
n03425413__n03425413_17591.jpg,418,500,val,7,7,0.9735
n02102040__n02102040_2852.jpg,375,500,val,1,1,1.0
n03445777__n03445777_13672.jpg,250,150,val,8,8,0.9993
n03888257__n03888257_46870.jpg,335,500,val,9,9,0.9998
n03425413__n03425413_16712.jpg,500,332,val,7,7,0.9946
n03417042__n03417042_6442.jpg,500,375,val,6,6,0.9957
n03000684__n03000684_5910.jpg,500,375,val,3,3,0.8821
n03425413__ILSVRC2012_val_00001432.jpg,375,500,val,7,7,0.8638
n03417042__n03417042_12300.jpg,500,375,val,6,6,0.9997
n03000684__n03000684_33461.jpg,500,375,val,3,2,0.7564
n03888257__n03888257_34320.jpg,500,375,val,9,9,0.9788
n02102040__n02102040_4350.jpg,500,375,val,1,1,0.9999
n03028079__n03028079_2382.jpg,728,546,val,4,4,0.9996
n03888257__n03888257_18382.jpg,250,167,val,9,9,0.9994
n01440764__n01440764_21790.jpg,500,333,val,0,0,1.0
n03417042__n03417042_18232.jpg,500,371,val,6,6,0.9999
n03425413__n03425413_17060.jpg,500,375,val,7,7,0.9995
n03394916__n03394916_37571.jpg,500,357,val,5,5,1.0
n02979186__n02979186_510.jpg,640,480,val,2,2,0.8599
n03445777__n03445777_13161.jpg,340,500,val,8,8,1.0
n02102040__n02102040_3420.jpg,500,375,val,1,1,1.0
n03417042__n03417042_5232.jpg,500,375,val,6,6,0.9588
n02102040__n02102040_1771.jpg,500,333,val,1,1,1.0
n03445777__n03445777_3992.jpg,500,333,val,8,8,1.0
n01440764__n01440764_12632.jpg,225,180,val,0,0,1.0
n03028079__n03028079_5852.jpg,375,500,val,4,4,0.9997
n03425413__n03425413_1792.jpg,1600,1200,val,7,7,0.9949
n02979186__n02979186_9740.jpg,250,250,val,2,2,0.9986
n03000684__n03000684_4631.jpg,500,375,val,3,3,0.9984
n03888257__n03888257_38200.jpg,500,437,val,9,9,0.9984
n03028079__n03028079_10191.jpg,500,375,val,4,4,0.9998
n03445777__n03445777_16192.jpg,175,175,val,8,8,0.9962
n03394916__n03394916_31032.jpg,335,500,val,5,5,0.9973
n03394916__n03394916_36432.jpg,400,500,val,5,5,0.9987
n03425413__n03425413_24552.jpg,333,500,val,7,5,0.6006
n02102040__n02102040_1272.jpg,376,500,val,1,1,0.9993
n03028079__n03028079_38692.jpg,500,393,val,4,4,0.9994
n03888257__n03888257_48910.jpg,500,333,val,9,9,0.9629
n03394916__n03394916_26102.jpg,458,500,val,5,5,0.996
n03888257__ILSVRC2012_val_00032482.jpg,409,500,val,9,9,0.9999
n03417042__n03417042_91.jpg,500,375,val,6,6,1.0
n03445777__n03445777_2611.jpg,500,333,val,8,8,1.0
n03425413__n03425413_14552.jpg,375,500,val,7,7,0.999
n03394916__n03394916_26252.jpg,333,500,val,5,5,0.9998
n03000684__n03000684_36420.jpg,500,375,val,3,3,0.9999
n03417042__ILSVRC2012_val_00006922.jpg,500,336,val,6,6,1.0
n02102040__n02102040_1632.jpg,500,375,val,1,1,0.9996
n03445777__n03445777_9220.jpg,500,375,val,8,8,1.0
n02102040__n02102040_2110.jpg,333,500,val,1,1,1.0
n01440764__n01440764_29551.jpg,500,375,val,0,0,1.0
n03888257__n03888257_18921.jpg,375,500,val,9,9,0.9976
n03394916__n03394916_30460.jpg,500,375,val,5,5,0.9092
n03417042__n03417042_8630.jpg,477,380,val,6,6,0.998
n03000684__ILSVRC2012_val_00045940.jpg,640,480,val,3,3,0.9999
n03445777__n03445777_10410.jpg,500,281,val,8,8,0.9999
n03394916__n03394916_42550.jpg,500,375,val,5,5,1.0
n03425413__n03425413_14740.jpg,375,500,val,7,7,0.9999
n02102040__n02102040_2991.jpg,500,333,val,1,1,0.9994
n01440764__n01440764_9890.jpg,500,375,val,0,0,1.0
n03888257__n03888257_4311.jpg,600,390,val,9,9,0.9999
n03394916__n03394916_69060.jpg,500,333,val,5,5,0.9972
n02102040__ILSVRC2012_val_00027182.jpg,500,375,val,1,1,0.9973
n03028079__n03028079_9560.jpg,500,361,val,4,4,0.9987
n03417042__n03417042_5090.jpg,500,333,val,6,6,0.9999
n03425413__n03425413_13231.jpg,332,500,val,7,7,0.4392
n02102040__n02102040_6710.jpg,1670,646,val,1,1,1.0
n01440764__n01440764_12362.jpg,300,243,val,0,0,1.0
n03028079__n03028079_6912.jpg,354,500,val,4,4,0.9996
n03000684__n03000684_931.jpg,225,112,val,3,3,1.0
n02102040__n02102040_1590.jpg,400,500,val,1,1,1.0
n03000684__n03000684_14391.jpg,500,375,val,3,3,0.6397
n03445777__n03445777_12262.jpg,372,399,val,8,8,1.0
n03445777__n03445777_16320.jpg,238,270,val,8,8,1.0
n03888257__n03888257_16211.jpg,500,375,val,9,9,0.9766
n03028079__n03028079_17171.jpg,522,343,val,4,4,0.9998
n03028079__n03028079_10230.jpg,500,313,val,4,4,0.9999
n01440764__n01440764_8082.jpg,500,375,val,0,0,1.0
n03445777__n03445777_2071.jpg,500,305,val,8,8,1.0
n03000684__n03000684_32301.jpg,500,375,val,3,3,1.0
n03000684__n03000684_25411.jpg,375,500,val,3,3,0.9823
n02102040__n02102040_4701.jpg,500,333,val,1,1,1.0
n03028079__n03028079_16361.jpg,500,418,val,4,4,0.9993
n03888257__n03888257_6491.jpg,500,333,val,9,9,1.0
n01440764__n01440764_3781.jpg,500,375,val,0,0,1.0
n01440764__n01440764_16982.jpg,500,273,val,0,0,1.0
n03000684__n03000684_14171.jpg,375,500,val,3,3,0.9133
n03028079__n03028079_8382.jpg,333,500,val,4,4,0.9996
n02102040__n02102040_7941.jpg,500,376,val,1,1,1.0
n02979186__ILSVRC2012_val_00043121.jpg,500,334,val,2,2,1.0
n03888257__n03888257_4512.jpg,500,312,val,9,9,0.9969
n02979186__n02979186_8971.jpg,160,160,val,2,2,0.9941
n02979186__n02979186_3902.jpg,500,375,val,2,2,0.9992
n03445777__n03445777_7991.jpg,342,500,val,8,8,0.9983
n03417042__n03417042_6691.jpg,500,375,val,6,6,0.9997
n03425413__n03425413_15131.jpg,500,449,val,7,7,0.8525
n02979186__n02979186_3530.jpg,640,410,val,2,2,1.0
n03417042__n03417042_19531.jpg,500,381,val,6,6,0.9922
n03888257__n03888257_30402.jpg,333,500,val,9,9,0.9942
n03417042__n03417042_992.jpg,160,126,val,6,6,1.0
n03028079__n03028079_41791.jpg,430,500,val,4,4,0.9992
n03445777__n03445777_7580.jpg,383,500,val,8,8,0.9994
n03888257__n03888257_6331.jpg,265,233,val,9,9,1.0
n03445777__n03445777_15820.jpg,198,180,val,8,8,0.9992
n03888257__n03888257_11931.jpg,500,333,val,9,9,0.8928
n03417042__n03417042_19812.jpg,500,375,val,6,6,1.0
n02979186__n02979186_2742.jpg,500,375,val,2,2,0.9441
n03394916__n03394916_12430.jpg,470,442,val,5,5,0.9998
n03000684__n03000684_34171.jpg,640,223,val,3,3,0.9985
n03417042__n03417042_742.jpg,500,380,val,6,6,0.9991
n03445777__n03445777_1390.jpg,381,293,val,8,8,0.9993
n03417042__n03417042_4542.jpg,550,413,val,6,6,0.9998
n02979186__n02979186_4032.jpg,500,383,val,2,2,0.9996
n03417042__n03417042_9240.jpg,500,375,val,6,6,0.9998
n02979186__n02979186_18131.jpg,90,90,val,2,2,0.9996
n03028079__n03028079_1.jpg,500,346,val,4,4,0.9998
n01440764__n01440764_6870.jpg,500,375,val,0,0,1.0
n03417042__n03417042_8912.jpg,500,333,val,6,6,1.0
n03445777__n03445777_2262.jpg,500,471,val,8,8,0.9999
n03394916__n03394916_16322.jpg,600,400,val,5,5,1.0
n03000684__n03000684_19981.jpg,364,500,val,3,3,0.9567
n03394916__n03394916_41871.jpg,429,500,val,5,5,0.9594
n03394916__n03394916_52422.jpg,432,432,val,5,5,1.0
n02979186__n02979186_20112.jpg,1184,888,val,2,2,0.9964
n03417042__n03417042_3390.jpg,500,375,val,6,6,0.9998
n02979186__n02979186_600.jpg,600,301,val,2,2,1.0
n03028079__ILSVRC2012_val_00010770.jpg,500,401,val,4,4,0.9984
n03417042__n03417042_29310.jpg,500,375,val,6,6,0.9999
n02979186__n02979186_1621.jpg,500,375,val,2,2,1.0
n03417042__n03417042_20962.jpg,500,375,val,6,6,1.0
n02979186__n02979186_9411.jpg,280,280,val,2,2,0.9996
n03425413__n03425413_15571.jpg,375,500,val,7,7,0.8206
n03425413__n03425413_13232.jpg,500,335,val,7,7,0.9997
n03028079__n03028079_4401.jpg,500,377,val,4,4,0.9997
n03888257__n03888257_5722.jpg,500,392,val,9,9,1.0
n03417042__n03417042_28702.jpg,500,375,val,6,6,0.9998
n03000684__n03000684_17162.jpg,375,500,val,3,3,0.9854
n01440764__n01440764_5490.jpg,800,600,val,0,0,1.0
n03394916__n03394916_32661.jpg,500,375,val,5,5,0.9353
n02979186__n02979186_3010.jpg,280,280,val,2,2,0.9999
n03417042__n03417042_5952.jpg,500,375,val,6,6,1.0
n03888257__n03888257_31742.jpg,500,333,val,9,9,0.9987
n01440764__n01440764_9940.jpg,500,375,val,0,0,1.0
n03888257__n03888257_17031.jpg,500,375,val,9,9,0.9921
n03000684__n03000684_13511.jpg,500,375,val,3,3,0.9876
n03888257__n03888257_6402.jpg,310,508,val,9,9,0.9999
n03445777__n03445777_1781.jpg,500,313,val,8,8,0.9999
n03445777__n03445777_10632.jpg,500,387,val,8,8,0.9998
n01440764__n01440764_4852.jpg,500,375,val,0,0,1.0
n01440764__n01440764_17501.jpg,500,333,val,0,0,1.0
n03425413__ILSVRC2012_val_00004452.jpg,375,500,val,7,7,0.877
n03394916__n03394916_38041.jpg,500,375,val,5,5,0.9999
n03445777__n03445777_7552.jpg,407,500,val,8,8,0.9999
n03417042__n03417042_1332.jpg,500,375,val,6,6,1.0
n03028079__n03028079_2342.jpg,500,375,val,4,4,0.9992
n01440764__n01440764_7492.jpg,314,492,val,0,0,0.9975
n03445777__n03445777_12920.jpg,500,375,val,8,8,0.9999
n01440764__n01440764_10542.jpg,250,166,val,0,0,1.0
n03028079__n03028079_13580.jpg,500,388,val,4,4,0.9995
n02102040__n02102040_761.jpg,500,355,val,1,1,1.0
n03417042__n03417042_5510.jpg,500,375,val,6,6,1.0
n01440764__n01440764_19302.jpg,500,333,val,0,0,1.0
n01440764__n01440764_8160.jpg,600,450,val,0,0,1.0
n03000684__n03000684_1210.jpg,322,500,val,3,3,0.9704
n03394916__n03394916_45101.jpg,476,500,val,5,5,0.9995
n02979186__ILSVRC2012_val_00008651.jpg,500,375,val,2,2,0.9998
n01440764__n01440764_12021.jpg,510,429,val,0,0,1.0
n03000684__n03000684_3482.jpg,2848,2144,val,3,3,1.0
n03445777__n03445777_14232.jpg,500,333,val,8,8,0.9998
n03425413__n03425413_1491.jpg,800,585,val,7,7,0.9997
n03445777__n03445777_4650.jpg,200,150,val,8,8,0.9996
n03888257__n03888257_1430.jpg,500,323,val,9,9,0.999
n01440764__n01440764_2290.jpg,800,598,val,0,0,0.9993
n03888257__n03888257_880.jpg,600,353,val,9,9,0.9998
n02102040__n02102040_5942.jpg,500,333,val,1,1,0.9999
n03394916__n03394916_5200.jpg,314,600,val,5,5,0.9999
n03445777__n03445777_172.jpg,540,350,val,8,8,0.9999
n03417042__ILSVRC2012_val_00022172.jpg,500,375,val,6,6,1.0
n03445777__n03445777_14281.jpg,900,707,val,8,8,0.7994
n03417042__n03417042_1051.jpg,468,359,val,6,6,0.9973
n03425413__n03425413_22092.jpg,500,375,val,7,7,0.9978
n03888257__n03888257_15840.jpg,401,631,val,9,9,0.9999
n02102040__n02102040_5900.jpg,500,333,val,1,1,1.0
n03028079__n03028079_26202.jpg,334,500,val,4,4,0.9996
n02102040__n02102040_750.jpg,500,405,val,1,1,0.9999
n03000684__n03000684_19192.jpg,130,92,val,3,3,0.9992
n03000684__n03000684_16972.jpg,160,54,val,3,3,0.9807
n02979186__n02979186_27110.jpg,500,375,val,2,2,1.0
n03888257__n03888257_72982.jpg,340,500,val,9,9,0.9998
n02979186__n02979186_18720.jpg,90,90,val,2,2,0.9962
n03417042__n03417042_10751.jpg,500,339,val,6,6,0.9991
n03425413__n03425413_24522.jpg,500,339,val,7,7,0.9988
n03888257__n03888257_28352.jpg,500,319,val,9,9,0.9921
n02102040__n02102040_6652.jpg,500,333,val,1,1,0.9997
n02979186__n02979186_931.jpg,100,89,val,2,2,0.9992
n03425413__n03425413_3241.jpg,511,682,val,7,7,0.9989
n01440764__n01440764_11281.jpg,250,188,val,0,0,0.9997
n03394916__n03394916_38830.jpg,500,334,val,5,5,0.9609
n03445777__n03445777_4390.jpg,500,304,val,8,8,0.9999
n01440764__n01440764_11830.jpg,500,375,val,0,0,0.9996
n03417042__n03417042_9441.jpg,500,367,val,6,6,1.0
n02979186__n02979186_12822.jpg,300,225,val,2,2,0.9999
n03445777__n03445777_6052.jpg,500,333,val,8,8,1.0
n03417042__n03417042_1182.jpg,500,476,val,6,6,1.0
n03394916__n03394916_39880.jpg,375,500,val,5,5,0.9999
n01440764__n01440764_29681.jpg,500,290,val,0,0,0.9469
n03028079__n03028079_2470.jpg,375,500,val,4,4,0.9999
n03445777__n03445777_3260.jpg,334,500,val,8,8,0.9998
n02102040__n02102040_6340.jpg,500,331,val,1,1,1.0
n03417042__n03417042_14261.jpg,500,375,val,6,6,1.0
n01440764__n01440764_9861.jpg,240,136,val,0,0,0.9999
n03888257__n03888257_21432.jpg,500,335,val,9,9,0.9995
n01440764__n01440764_3761.jpg,400,300,val,0,0,1.0
n03425413__n03425413_212.jpg,607,800,val,7,7,0.9901
n02102040__n02102040_7931.jpg,500,500,val,1,1,1.0
n03445777__n03445777_1152.jpg,500,333,val,8,8,0.9997
n02979186__n02979186_15931.jpg,300,400,val,2,7,0.6394
n03445777__n03445777_1530.jpg,500,333,val,8,8,1.0
n03417042__n03417042_8822.jpg,640,480,val,6,6,1.0
n03888257__n03888257_2791.jpg,479,500,val,9,9,0.9998
n03028079__n03028079_2842.jpg,500,339,val,4,4,0.9996
n02979186__n02979186_22871.jpg,378,320,val,2,2,1.0
n02102040__n02102040_5442.jpg,500,375,val,1,1,1.0
n02102040__n02102040_6082.jpg,335,500,val,1,1,0.9998
n01440764__n01440764_27811.jpg,180,240,val,0,0,0.9958
n01440764__n01440764_9471.jpg,170,240,val,0,0,0.9991
n03888257__n03888257_41091.jpg,800,600,val,9,9,0.9999
n03888257__n03888257_32001.jpg,500,375,val,9,9,0.9986
n03425413__n03425413_19282.jpg,332,500,val,7,7,0.9988
n03445777__n03445777_7480.jpg,500,375,val,8,8,1.0
n02979186__n02979186_15521.jpg,500,281,val,2,2,1.0
n03425413__n03425413_21730.jpg,333,500,val,7,7,0.8393
n03417042__n03417042_28700.jpg,500,375,val,6,6,0.9304
n03445777__n03445777_2412.jpg,500,375,val,8,8,1.0
n03417042__n03417042_7682.jpg,500,428,val,6,6,0.9984
n03000684__n03000684_6761.jpg,500,375,val,3,3,0.9993
n03000684__n03000684_19890.jpg,100,75,val,3,3,1.0
n03028079__n03028079_40412.jpg,500,346,val,4,4,0.9999
n02979186__n02979186_8092.jpg,1111,709,val,2,2,0.9969
n03394916__n03394916_38050.jpg,500,375,val,5,2,0.6406
n02102040__n02102040_5941.jpg,600,400,val,1,1,1.0
n02102040__n02102040_2302.jpg,500,375,val,1,1,0.9748
n03445777__n03445777_10520.jpg,500,375,val,8,8,1.0
n03888257__n03888257_12331.jpg,500,341,val,9,9,0.9999
n02102040__n02102040_5641.jpg,500,333,val,1,1,1.0
n03425413__n03425413_15622.jpg,500,375,val,7,7,0.9887
n02102040__n02102040_2941.jpg,375,500,val,1,1,1.0
n01440764__n01440764_4360.jpg,500,375,val,0,0,1.0
n03000684__n03000684_6392.jpg,1477,1742,val,3,3,0.9999
n02979186__ILSVRC2012_val_00042482.jpg,375,500,val,2,2,0.9996
n03000684__n03000684_8560.jpg,267,400,val,3,3,0.9999
n03417042__n03417042_1271.jpg,338,500,val,6,3,0.5729
n03028079__n03028079_2941.jpg,975,1287,val,4,4,0.9977
n03000684__n03000684_13182.jpg,500,482,val,3,3,0.9997
n03394916__n03394916_37261.jpg,500,375,val,5,5,0.9995
n03028079__n03028079_8572.jpg,600,451,val,4,4,0.997
n02979186__n02979186_7672.jpg,500,375,val,2,2,0.9977
n02102040__n02102040_7501.jpg,500,333,val,1,1,1.0
n02102040__n02102040_922.jpg,333,500,val,1,1,1.0
n03000684__n03000684_11821.jpg,200,70,val,3,3,0.9999
n02979186__n02979186_5772.jpg,124,93,val,2,2,0.9997
n01440764__n01440764_141.jpg,2048,1536,val,0,0,1.0
n03445777__ILSVRC2012_val_00020781.jpg,500,375,val,8,8,0.9997
n03445777__n03445777_1971.jpg,500,375,val,8,8,0.9994
n02102040__n02102040_2790.jpg,500,333,val,1,1,1.0
n03000684__n03000684_16632.jpg,500,375,val,3,3,1.0
n03028079__n03028079_8172.jpg,500,375,val,4,4,0.9996
n03028079__n03028079_36821.jpg,371,500,val,4,4,0.9988
n03394916__n03394916_40411.jpg,500,335,val,5,5,0.9999
n03394916__n03394916_4251.jpg,150,176,val,5,5,0.9999
n03028079__n03028079_3400.jpg,500,339,val,4,4,0.9992
n03028079__n03028079_2592.jpg,500,328,val,4,4,0.7738
n02102040__n02102040_3381.jpg,500,333,val,1,1,0.9993
n01440764__n01440764_6432.jpg,900,638,val,0,0,1.0
n03417042__n03417042_11091.jpg,500,375,val,6,6,1.0
n01440764__n01440764_19661.jpg,500,334,val,0,0,1.0
n03888257__n03888257_37362.jpg,500,375,val,9,9,0.9999
n03394916__n03394916_36732.jpg,500,375,val,5,5,1.0
n03425413__n03425413_16992.jpg,334,500,val,7,7,0.9982
n03394916__n03394916_51161.jpg,1162,773,val,5,5,1.0
n03445777__n03445777_8681.jpg,500,362,val,8,8,0.9993
n03445777__n03445777_3780.jpg,500,375,val,8,8,1.0
n01440764__n01440764_320.jpg,368,500,val,0,0,1.0
n03425413__n03425413_15700.jpg,500,406,val,7,7,0.8943
n03000684__n03000684_15950.jpg,500,497,val,3,3,0.9583
n03425413__n03425413_14501.jpg,308,500,val,7,7,0.9156
n03028079__n03028079_3540.jpg,500,333,val,4,4,0.9985
n02102040__n02102040_6180.jpg,500,375,val,1,1,0.9999
n01440764__n01440764_921.jpg,180,240,val,0,0,1.0
n02979186__n02979186_11670.jpg,500,375,val,2,2,0.9989
n02102040__n02102040_8260.jpg,500,333,val,1,1,0.9999
n01440764__n01440764_13821.jpg,275,330,val,0,0,1.0
n03888257__n03888257_29090.jpg,464,580,val,9,9,0.9987
n01440764__n01440764_21052.jpg,500,375,val,0,0,0.9979
n03028079__n03028079_4022.jpg,375,500,val,4,4,0.9999
n02979186__n02979186_1171.jpg,100,89,val,2,2,0.9969
n03028079__n03028079_20670.jpg,500,375,val,4,4,1.0
n02979186__n02979186_10670.jpg,303,237,val,2,2,0.9987
n03000684__n03000684_8692.jpg,479,500,val,3,3,1.0
n03417042__n03417042_20591.jpg,600,523,val,6,6,1.0
n03000684__n03000684_3780.jpg,500,333,val,3,3,0.9798
n02102040__n02102040_3290.jpg,500,378,val,1,1,0.9995
n03394916__n03394916_6742.jpg,120,179,val,5,5,1.0
n03445777__n03445777_3761.jpg,500,333,val,8,8,0.9995
n03888257__n03888257_36971.jpg,500,347,val,9,9,0.9997
n03000684__n03000684_16672.jpg,88,120,val,3,3,1.0
n03000684__n03000684_2922.jpg,200,200,val,3,3,0.9984
n03445777__n03445777_10141.jpg,500,333,val,8,8,0.9919
n03417042__n03417042_6081.jpg,550,413,val,6,6,0.9993
n03445777__ILSVRC2012_val_00020502.jpg,375,500,val,8,3,0.6488
n02979186__n02979186_11881.jpg,300,300,val,2,2,0.9816
n03000684__n03000684_20650.jpg,375,500,val,3,3,0.9849
n03445777__n03445777_4382.jpg,240,180,val,8,8,0.8443
n03445777__n03445777_3471.jpg,500,375,val,8,8,0.9999
n03394916__n03394916_29622.jpg,500,333,val,5,5,0.9995
n03445777__n03445777_13011.jpg,500,333,val,8,8,1.0
n03417042__n03417042_10642.jpg,500,375,val,6,6,0.9999
n01440764__n01440764_451.jpg,500,250,val,0,0,1.0
n01440764__n01440764_6751.jpg,500,375,val,0,0,1.0
n03445777__n03445777_6350.jpg,298,405,val,8,8,0.9999
n03417042__n03417042_152.jpg,500,334,val,6,6,1.0
n03888257__n03888257_16081.jpg,500,333,val,9,9,0.9998
n02979186__n02979186_13502.jpg,500,375,val,2,2,0.9855
n02102040__n02102040_3640.jpg,500,375,val,1,1,0.9998
n03888257__n03888257_7210.jpg,500,375,val,9,9,1.0
n01440764__n01440764_1561.jpg,640,480,val,0,0,1.0
n03000684__n03000684_2972.jpg,500,333,val,3,3,0.9997
n03425413__n03425413_15601.jpg,375,500,val,7,7,0.9995
n03417042__n03417042_24980.jpg,600,399,val,6,6,0.9943
n03394916__n03394916_30500.jpg,334,500,val,5,5,0.9998
n03028079__n03028079_10241.jpg,339,500,val,4,4,1.0
n03000684__n03000684_15202.jpg,500,324,val,3,3,0.9902
n02102040__n02102040_1201.jpg,375,500,val,1,1,1.0
n03445777__ILSVRC2012_val_00008161.jpg,500,375,val,8,8,0.9977
n02979186__n02979186_10532.jpg,135,105,val,2,2,0.9999
n03028079__n03028079_6971.jpg,500,333,val,4,4,0.9998
n01440764__n01440764_10382.jpg,226,169,val,0,0,1.0
n03888257__ILSVRC2012_val_00042262.jpg,500,375,val,9,9,0.999
n03445777__n03445777_4901.jpg,499,500,val,8,8,0.9616
n02102040__n02102040_1122.jpg,500,375,val,1,1,0.9952
n02979186__n02979186_26822.jpg,500,333,val,2,2,0.9999
n03394916__n03394916_40301.jpg,375,500,val,5,5,0.9138
n03888257__n03888257_73320.jpg,500,332,val,9,9,0.9995
n03000684__n03000684_2102.jpg,500,375,val,3,3,0.9997
n03888257__n03888257_13790.jpg,333,500,val,9,9,0.9999
n01440764__n01440764_12571.jpg,180,240,val,0,0,1.0
n03445777__n03445777_5312.jpg,243,125,val,8,8,0.9978
n03000684__n03000684_3881.jpg,375,500,val,3,3,0.9975
n02979186__n02979186_3462.jpg,100,100,val,2,2,0.9991
n02102040__n02102040_671.jpg,500,376,val,1,1,1.0
n03028079__n03028079_1002.jpg,500,427,val,4,4,0.9994
n03888257__n03888257_22211.jpg,500,333,val,9,9,0.9971
n03888257__n03888257_18031.jpg,333,500,val,9,7,0.3515
n02979186__n02979186_6712.jpg,375,500,val,2,2,0.9999
n01440764__n01440764_11612.jpg,275,206,val,0,0,0.7467
n02979186__n02979186_13742.jpg,500,342,val,2,2,1.0
n03000684__n03000684_4401.jpg,373,500,val,3,3,1.0
n03445777__n03445777_5991.jpg,300,300,val,8,8,1.0
n03000684__n03000684_18321.jpg,140,115,val,3,3,0.998
n03394916__n03394916_32982.jpg,335,500,val,5,5,0.9975
n02979186__n02979186_1200.jpg,160,160,val,2,2,0.9989
n03394916__n03394916_36002.jpg,375,500,val,5,5,0.9962
n03394916__n03394916_45631.jpg,500,375,val,5,5,0.9998
n03425413__n03425413_13741.jpg,375,500,val,7,7,0.9997
n03445777__n03445777_9000.jpg,500,333,val,8,8,0.9999
n03394916__n03394916_25821.jpg,650,395,val,5,5,1.0
n03425413__n03425413_17262.jpg,500,333,val,7,7,0.9993
n03028079__n03028079_2952.jpg,500,375,val,4,4,0.9999
n02102040__n02102040_2961.jpg,500,375,val,1,1,1.0
n03425413__ILSVRC2012_val_00035211.jpg,375,500,val,7,7,0.9984
n03417042__n03417042_12291.jpg,2560,1920,val,6,6,0.9998
n03425413__n03425413_6490.jpg,500,375,val,7,7,0.9997
n03425413__n03425413_5362.jpg,500,436,val,7,7,0.9991
n01440764__n01440764_4681.jpg,375,500,val,0,0,0.9999
n03028079__n03028079_13952.jpg,500,354,val,4,4,0.9995
n03028079__n03028079_27902.jpg,500,500,val,4,4,0.9993
n03417042__n03417042_4420.jpg,340,500,val,6,6,0.9989
n02979186__n02979186_11790.jpg,500,375,val,2,2,0.9994
n02979186__n02979186_21640.jpg,180,180,val,2,2,0.9998
n03394916__n03394916_8602.jpg,1536,1024,val,5,5,1.0
n02102040__n02102040_8372.jpg,376,500,val,1,1,1.0
n02102040__n02102040_430.jpg,500,394,val,1,1,1.0
n02979186__n02979186_9910.jpg,500,375,val,2,2,1.0
n01440764__n01440764_9621.jpg,500,370,val,0,0,1.0
n03445777__n03445777_7930.jpg,500,375,val,8,8,0.9999
n01440764__n01440764_12151.jpg,640,517,val,0,0,0.9999
n03417042__n03417042_5301.jpg,500,375,val,6,6,0.9995
n03445777__n03445777_1091.jpg,375,500,val,8,8,1.0
n02102040__n02102040_3582.jpg,500,377,val,1,1,1.0
n03394916__n03394916_38212.jpg,500,375,val,5,5,0.9969
n01440764__n01440764_13161.jpg,500,375,val,0,0,1.0
n02979186__n02979186_17940.jpg,350,294,val,2,2,0.9995
n03425413__n03425413_5092.jpg,600,320,val,7,7,0.9955
n03000684__n03000684_19591.jpg,82,32,val,3,3,0.6007
n03000684__n03000684_13352.jpg,200,150,val,3,3,1.0
n02979186__n02979186_16422.jpg,500,375,val,2,2,0.9997
n03445777__n03445777_4220.jpg,500,337,val,8,8,0.9997
n03417042__n03417042_28832.jpg,590,442,val,6,6,0.9998
n01440764__n01440764_6760.jpg,371,277,val,0,0,0.9855
n02979186__n02979186_260.jpg,400,299,val,2,2,1.0
n03000684__n03000684_8140.jpg,432,288,val,3,3,0.9973
n03000684__n03000684_501.jpg,256,240,val,3,3,0.9999
n03394916__n03394916_56850.jpg,500,284,val,5,5,0.9986
n02979186__n02979186_17460.jpg,160,160,val,2,2,0.953
n02979186__n02979186_1870.jpg,500,375,val,2,2,0.9999
n03394916__n03394916_29530.jpg,375,500,val,5,5,0.9965
n03445777__n03445777_17511.jpg,500,295,val,8,8,1.0
n03425413__n03425413_732.jpg,375,500,val,7,7,0.9999
n03425413__n03425413_32871.jpg,375,500,val,7,7,0.9999
n03425413__n03425413_29761.jpg,388,584,val,7,7,0.9999
n03028079__n03028079_30751.jpg,500,375,val,4,4,0.9999
n03425413__n03425413_5732.jpg,375,500,val,7,7,0.9996
n03394916__n03394916_46411.jpg,375,500,val,5,5,0.9829
n03417042__n03417042_13871.jpg,500,333,val,6,6,0.9996
n03000684__n03000684_16872.jpg,500,273,val,3,3,0.9239
n03417042__n03417042_7191.jpg,500,375,val,6,6,0.9998
n03394916__n03394916_40160.jpg,355,500,val,5,5,0.9996
n03000684__n03000684_14120.jpg,292,500,val,3,3,0.9442
n03000684__n03000684_6142.jpg,500,332,val,3,3,1.0
n02979186__n02979186_1450.jpg,150,113,val,2,2,1.0
n02979186__n02979186_1381.jpg,500,375,val,2,2,0.9999
n03888257__n03888257_10092.jpg,500,333,val,9,9,0.9993
n02102040__n02102040_7761.jpg,500,375,val,1,1,1.0
n02979186__n02979186_20561.jpg,100,100,val,2,2,0.9916
n03888257__n03888257_121.jpg,388,500,val,9,9,0.9999
n02979186__n02979186_1932.jpg,500,375,val,2,2,0.9984
n02102040__n02102040_3190.jpg,500,334,val,1,1,1.0
n03888257__n03888257_35962.jpg,375,500,val,9,9,0.9992
n03445777__n03445777_8620.jpg,500,333,val,8,8,0.9996
n01440764__n01440764_14891.jpg,240,333,val,0,0,1.0
n03425413__n03425413_17851.jpg,500,375,val,7,7,0.9998
n03028079__n03028079_8990.jpg,363,500,val,4,4,0.9735
n03394916__n03394916_33662.jpg,500,352,val,5,5,0.9991
n03445777__n03445777_5240.jpg,500,375,val,8,8,1.0
n02979186__n02979186_13572.jpg,324,500,val,2,2,0.9878
n03445777__n03445777_15510.jpg,311,450,val,8,8,0.9999
n02102040__n02102040_3162.jpg,349,500,val,1,1,1.0
n03445777__n03445777_5462.jpg,338,450,val,8,8,0.9997
n03445777__n03445777_4641.jpg,333,500,val,8,8,0.9999
n03028079__n03028079_29612.jpg,500,371,val,4,4,0.9769
n02102040__n02102040_652.jpg,375,500,val,1,1,0.9998
n03028079__n03028079_9821.jpg,500,472,val,4,4,0.9999
n02102040__n02102040_940.jpg,500,338,val,1,1,0.9975
n03888257__n03888257_27102.jpg,381,500,val,9,9,0.9998
n02979186__n02979186_11410.jpg,375,500,val,2,2,0.9007
n03394916__n03394916_35271.jpg,500,334,val,5,5,0.9999
n03028079__n03028079_30011.jpg,500,375,val,4,4,0.9999
n02102040__n02102040_3691.jpg,333,500,val,1,1,0.9999
n03445777__ILSVRC2012_val_00022792.jpg,640,419,val,8,8,0.9999
n03888257__n03888257_72591.jpg,500,333,val,9,9,1.0
n03417042__n03417042_18450.jpg,451,507,val,6,6,0.9981
n02102040__n02102040_1102.jpg,500,333,val,1,1,0.9999
n03888257__n03888257_10680.jpg,449,500,val,9,9,0.9999
n01440764__n01440764_7531.jpg,1600,1200,val,0,0,1.0
n02102040__ILSVRC2012_val_00017370.jpg,500,375,val,1,1,0.9997
n03394916__n03394916_30881.jpg,500,375,val,5,5,0.9999
n03028079__n03028079_17280.jpg,375,500,val,4,4,0.9985
n03417042__n03417042_11031.jpg,500,376,val,6,6,1.0
n03028079__n03028079_34051.jpg,500,345,val,4,4,0.9966
n03445777__n03445777_4520.jpg,500,375,val,8,8,0.9846
n02102040__n02102040_791.jpg,375,500,val,1,1,0.9987
n01440764__n01440764_200.jpg,500,375,val,0,0,1.0
n03394916__n03394916_37852.jpg,500,333,val,5,5,0.9332
n03028079__n03028079_2060.jpg,500,367,val,4,4,0.9999
n03028079__ILSVRC2012_val_00007400.jpg,500,500,val,4,4,0.9978
n03888257__n03888257_28011.jpg,333,500,val,9,9,0.9991
n03888257__n03888257_19792.jpg,400,509,val,9,9,0.9999
n03445777__n03445777_1750.jpg,500,347,val,8,8,0.9997
n03445777__n03445777_261.jpg,333,500,val,8,8,0.8457
n03000684__n03000684_6460.jpg,600,600,val,3,3,1.0
n02102040__n02102040_1840.jpg,536,473,val,1,1,1.0
n02102040__n02102040_150.jpg,500,375,val,1,1,0.9826
n03888257__n03888257_33481.jpg,500,375,val,9,9,0.9983
n03425413__n03425413_13582.jpg,375,500,val,7,7,0.9999
n03888257__n03888257_67480.jpg,500,334,val,9,9,0.9999
n03000684__n03000684_2812.jpg,333,500,val,3,3,0.9942
n02102040__n02102040_4352.jpg,288,312,val,1,1,1.0
n03888257__n03888257_16991.jpg,540,320,val,9,9,0.9921
n02102040__n02102040_6232.jpg,500,375,val,1,1,0.8367
n03888257__n03888257_55090.jpg,500,332,val,9,9,0.9853
n03445777__n03445777_3391.jpg,500,375,val,8,8,0.9998
n03394916__ILSVRC2012_val_00001492.jpg,500,404,val,5,5,1.0
n03028079__n03028079_14770.jpg,338,500,val,4,4,0.9999
n01440764__n01440764_522.jpg,500,375,val,0,0,1.0
n03000684__n03000684_6220.jpg,75,41,val,3,3,0.9932
n02979186__ILSVRC2012_val_00035482.jpg,220,220,val,2,3,0.7739
n03425413__n03425413_20691.jpg,375,500,val,7,7,0.9998
n02102040__n02102040_8150.jpg,500,357,val,1,1,0.9997
n03000684__n03000684_900.jpg,500,375,val,3,3,0.9998
n03028079__n03028079_33260.jpg,500,345,val,4,4,0.9991
n03000684__ILSVRC2012_val_00026061.jpg,400,300,val,3,3,0.9999
n03000684__n03000684_11122.jpg,500,375,val,3,3,0.9977
n03445777__n03445777_3890.jpg,380,284,val,8,8,1.0
n03888257__n03888257_11042.jpg,500,333,val,9,9,0.9999
n03000684__n03000684_18881.jpg,500,333,val,3,3,0.9998
n01440764__n01440764_12972.jpg,500,375,val,0,0,0.9987
n02979186__n02979186_9431.jpg,375,500,val,2,2,0.9998
n01440764__n01440764_11170.jpg,500,333,val,0,0,1.0
n03394916__n03394916_38340.jpg,375,500,val,5,5,1.0
n03888257__n03888257_1291.jpg,500,333,val,9,9,0.9998
n03445777__n03445777_3171.jpg,209,202,val,8,8,0.9995
n03394916__n03394916_11571.jpg,450,450,val,5,5,0.9999
n03417042__n03417042_20650.jpg,500,375,val,6,6,1.0
n02102040__n02102040_3472.jpg,500,432,val,1,1,0.9997
n01440764__n01440764_4490.jpg,332,500,val,0,0,1.0
n03394916__n03394916_26270.jpg,500,333,val,5,5,0.9958
n03028079__ILSVRC2012_val_00016832.jpg,375,500,val,4,4,0.9994
n01440764__n01440764_5690.jpg,270,202,val,0,0,0.9475
n03888257__n03888257_31921.jpg,500,333,val,9,9,0.9999
n03394916__n03394916_33200.jpg,500,365,val,5,5,0.9996
n03888257__n03888257_13600.jpg,332,500,val,9,9,0.934
n03445777__n03445777_101.jpg,334,500,val,8,8,0.9982
n02979186__n02979186_15432.jpg,500,375,val,2,2,0.9994
n03394916__n03394916_33380.jpg,500,375,val,5,2,0.8516
n02102040__n02102040_4821.jpg,500,411,val,1,1,1.0
n03028079__n03028079_1090.jpg,477,500,val,4,4,0.9997
n03417042__n03417042_2671.jpg,500,331,val,6,6,0.9999
n03425413__n03425413_14361.jpg,500,375,val,7,7,0.9997
n03888257__n03888257_510.jpg,500,430,val,9,9,0.9999
n03425413__n03425413_6772.jpg,500,375,val,7,7,0.9452
n01440764__n01440764_9442.jpg,220,140,val,0,0,1.0
n03417042__n03417042_8202.jpg,640,430,val,6,6,0.9999
n02979186__n02979186_140.jpg,637,479,val,2,2,1.0
n03425413__n03425413_13230.jpg,500,375,val,7,7,0.9989
n03000684__n03000684_15300.jpg,480,137,val,3,3,1.0
n03888257__n03888257_17380.jpg,500,332,val,9,9,0.9999
n03425413__n03425413_7740.jpg,400,1067,val,7,7,0.9917
n02979186__n02979186_20362.jpg,800,600,val,2,2,0.9998
n03445777__n03445777_5712.jpg,300,230,val,8,8,1.0
n03888257__n03888257_14472.jpg,1024,768,val,9,9,1.0
n03394916__n03394916_38581.jpg,500,375,val,5,5,1.0
n03425413__n03425413_19350.jpg,375,500,val,7,7,0.9983
n02102040__n02102040_6590.jpg,367,500,val,1,1,0.9999
n02102040__n02102040_5101.jpg,500,333,val,1,1,0.9999
n03425413__n03425413_13012.jpg,375,500,val,7,7,0.915
n03445777__n03445777_3440.jpg,400,220,val,8,8,0.9417
n02102040__n02102040_3681.jpg,500,341,val,1,1,0.9999
n03000684__n03000684_1752.jpg,348,500,val,3,3,1.0
n03417042__n03417042_1991.jpg,500,375,val,6,6,0.9997
n03417042__n03417042_23440.jpg,667,465,val,6,6,0.9997
n03394916__n03394916_5011.jpg,500,500,val,5,5,0.4817
n03425413__n03425413_10410.jpg,375,500,val,7,7,0.9988
n02979186__ILSVRC2012_val_00035160.jpg,500,375,val,2,2,0.9985
n03445777__n03445777_7001.jpg,300,300,val,8,8,0.9999
n02102040__n02102040_4410.jpg,500,375,val,1,1,1.0
n01440764__n01440764_29712.jpg,500,375,val,0,0,1.0
n03417042__n03417042_27320.jpg,500,375,val,6,6,1.0
n03425413__n03425413_15602.jpg,500,375,val,7,7,0.9982
n02979186__n02979186_6992.jpg,92,95,val,2,3,0.6141
n03028079__n03028079_18371.jpg,3072,2048,val,4,4,0.9998
n03417042__n03417042_6941.jpg,375,500,val,6,6,0.5397
n03394916__n03394916_24532.jpg,700,525,val,5,5,1.0
n03394916__n03394916_30631.jpg,375,500,val,5,5,1.0
n03425413__n03425413_11370.jpg,500,375,val,7,7,1.0
n02979186__n02979186_4001.jpg,500,140,val,2,2,0.9997
n03028079__n03028079_3000.jpg,500,375,val,4,4,0.9997
n02102040__n02102040_661.jpg,500,375,val,1,1,1.0
n03425413__n03425413_12982.jpg,500,375,val,7,7,0.996
n02102040__n02102040_450.jpg,334,500,val,1,1,1.0
n03445777__n03445777_9442.jpg,500,333,val,8,8,0.9999
n03445777__n03445777_2511.jpg,500,333,val,8,8,0.9716
n03000684__n03000684_851.jpg,500,375,val,3,3,0.5519
n03000684__n03000684_35140.jpg,500,333,val,3,3,0.9997
n03417042__n03417042_2981.jpg,500,333,val,6,6,1.0
n03417042__n03417042_4900.jpg,2090,1566,val,6,6,1.0
n01440764__n01440764_762.jpg,375,500,val,0,0,0.9999
n02102040__n02102040_690.jpg,500,375,val,1,1,0.9951
n01440764__n01440764_12040.jpg,500,375,val,0,0,0.9986
n03888257__n03888257_32350.jpg,406,500,val,9,9,0.9973
n03000684__n03000684_14502.jpg,500,375,val,3,3,1.0
n02979186__n02979186_10232.jpg,500,375,val,2,2,0.9999
n03445777__n03445777_8641.jpg,500,375,val,8,8,0.9997
n03445777__n03445777_1401.jpg,500,367,val,8,8,1.0
n03888257__n03888257_7921.jpg,357,500,val,9,9,0.9971
n01440764__n01440764_292.jpg,500,375,val,0,0,1.0
n03028079__n03028079_10111.jpg,375,500,val,4,4,0.9993
n01440764__n01440764_9780.jpg,257,138,val,0,0,0.9999
n01440764__n01440764_8710.jpg,759,576,val,0,0,1.0
n03417042__n03417042_2812.jpg,500,375,val,6,6,0.9318
n03425413__n03425413_17210.jpg,375,500,val,7,7,0.9999
n03888257__n03888257_10271.jpg,500,400,val,9,9,0.9997
n01440764__n01440764_5861.jpg,374,500,val,0,0,0.9999
n03417042__n03417042_4790.jpg,500,378,val,6,6,0.9988
n03445777__n03445777_14381.jpg,200,150,val,8,8,1.0
n01440764__n01440764_12100.jpg,500,375,val,0,0,1.0
n03000684__n03000684_19720.jpg,160,118,val,3,3,1.0
n03425413__n03425413_18750.jpg,375,500,val,7,7,0.9996
n03888257__ILSVRC2012_val_00024340.jpg,454,500,val,9,9,0.9825
n03425413__n03425413_8670.jpg,200,200,val,7,7,0.9674
n03000684__n03000684_11180.jpg,500,375,val,3,3,0.9981
n03445777__ILSVRC2012_val_00036171.jpg,500,332,val,8,8,0.9999
n02979186__n02979186_4361.jpg,250,250,val,2,2,0.9971
n03028079__n03028079_4902.jpg,500,377,val,4,4,0.9999
n03028079__n03028079_25331.jpg,334,500,val,4,4,0.9954
n03425413__n03425413_28350.jpg,500,581,val,7,7,0.9999
n02979186__n02979186_5781.jpg,500,425,val,2,2,0.9998
n02979186__n02979186_14440.jpg,500,375,val,2,2,0.9923
n03394916__n03394916_15352.jpg,640,480,val,5,5,1.0
n02102040__n02102040_1241.jpg,357,500,val,1,1,1.0
n02979186__n02979186_2981.jpg,100,100,val,2,2,0.9993
n01440764__n01440764_13051.jpg,500,334,val,0,0,1.0
n03028079__ILSVRC2012_val_00046550.jpg,381,500,val,4,4,0.9994
n03425413__n03425413_1342.jpg,500,375,val,7,7,0.9051
n03000684__n03000684_12880.jpg,300,246,val,3,3,0.9999
n03417042__n03417042_10362.jpg,499,500,val,6,6,0.9997
n03000684__n03000684_18020.jpg,750,720,val,3,3,1.0
n03445777__n03445777_711.jpg,500,375,val,8,8,0.9999
n03888257__n03888257_5442.jpg,500,335,val,9,9,0.9974
n03445777__n03445777_7670.jpg,300,300,val,8,8,1.0
n03417042__n03417042_6130.jpg,500,389,val,6,6,0.9994
n03425413__n03425413_16920.jpg,500,375,val,7,7,0.9995
n03394916__n03394916_27932.jpg,333,500,val,5,5,0.9897
n02102040__n02102040_1430.jpg,500,333,val,1,1,1.0
n02102040__n02102040_1151.jpg,500,334,val,1,1,1.0
n02102040__n02102040_1082.jpg,500,375,val,1,1,1.0
n03000684__n03000684_1821.jpg,480,295,val,3,3,0.9897
n03394916__n03394916_28421.jpg,500,487,val,5,5,0.8989
n02102040__n02102040_571.jpg,333,500,val,1,1,1.0
n03394916__n03394916_52191.jpg,1162,773,val,5,5,1.0
n03028079__n03028079_28242.jpg,338,500,val,4,4,0.9999
n02102040__ILSVRC2012_val_00036282.jpg,500,468,val,1,1,0.9999
n03888257__n03888257_31301.jpg,456,681,val,9,9,0.999
n03425413__n03425413_18191.jpg,333,500,val,7,7,0.9959
n03425413__n03425413_14752.jpg,375,500,val,7,7,0.9999
n01440764__n01440764_8771.jpg,450,600,val,0,0,1.0
n03028079__n03028079_13530.jpg,500,399,val,4,4,0.9999
n02979186__n02979186_18802.jpg,111,111,val,2,2,0.9994
n03417042__n03417042_10520.jpg,500,333,val,6,6,0.9969
n03417042__n03417042_25212.jpg,500,375,val,6,6,0.9999
n03445777__n03445777_622.jpg,500,313,val,8,8,1.0
n03417042__n03417042_5371.jpg,500,375,val,6,6,0.9838
n03028079__n03028079_3042.jpg,2304,1728,val,4,4,0.9999
n02979186__n02979186_5622.jpg,500,332,val,2,2,0.9991
n03425413__n03425413_7912.jpg,175,218,val,7,7,0.9999
n03000684__n03000684_35991.jpg,1280,960,val,3,3,1.0
n03028079__n03028079_8151.jpg,500,375,val,4,4,0.9998
n03028079__n03028079_31112.jpg,500,372,val,4,4,0.9998
n03000684__n03000684_9440.jpg,383,500,val,3,3,0.9952
n03888257__n03888257_32911.jpg,500,334,val,9,9,0.9999
n01440764__n01440764_8611.jpg,500,375,val,0,0,1.0
n02102040__ILSVRC2012_val_00008162.jpg,375,500,val,1,1,0.9998
n03394916__n03394916_60902.jpg,540,900,val,5,5,0.9999
n01440764__n01440764_7571.jpg,500,375,val,0,0,1.0
n03425413__n03425413_17072.jpg,375,500,val,7,7,0.9936
n03417042__n03417042_21270.jpg,500,375,val,6,6,0.9854
n02979186__n02979186_15401.jpg,500,375,val,2,2,1.0
n02979186__n02979186_9811.jpg,500,375,val,2,2,0.9771
n03425413__n03425413_11470.jpg,338,450,val,7,7,0.9999
n03028079__n03028079_74100.jpg,500,380,val,4,4,1.0
n03445777__n03445777_20061.jpg,333,500,val,8,8,0.9993
n01440764__n01440764_13251.jpg,200,199,val,0,0,1.0
n03888257__n03888257_57570.jpg,500,333,val,9,9,0.9995
n03417042__n03417042_10121.jpg,500,375,val,6,6,0.9997
n03417042__n03417042_5691.jpg,500,390,val,6,6,0.9999
n03445777__n03445777_17311.jpg,402,500,val,8,8,1.0
n03425413__n03425413_16220.jpg,500,375,val,7,7,0.9994
n03417042__n03417042_9580.jpg,375,500,val,6,6,0.9999
n03888257__n03888257_9812.jpg,375,500,val,9,9,0.9998
n02979186__n02979186_10111.jpg,500,375,val,2,2,1.0
n03394916__n03394916_28381.jpg,500,332,val,5,5,1.0
n03425413__n03425413_27462.jpg,375,689,val,7,7,0.9999
n03394916__n03394916_10501.jpg,312,255,val,5,5,1.0
n03445777__n03445777_980.jpg,500,333,val,8,8,0.9998
n03888257__n03888257_30680.jpg,500,334,val,9,9,0.9999
n02979186__n02979186_13231.jpg,500,333,val,2,2,0.9964
n02102040__n02102040_1740.jpg,500,333,val,1,1,1.0
n03445777__n03445777_7791.jpg,500,375,val,8,8,0.9999
n03888257__n03888257_46572.jpg,332,500,val,9,9,0.9999
n03425413__n03425413_11180.jpg,332,801,val,7,7,0.9999
n03028079__n03028079_1102.jpg,500,375,val,4,4,0.9997
n03417042__n03417042_3861.jpg,500,375,val,6,6,0.9968
n03445777__n03445777_3142.jpg,333,500,val,8,8,0.9996
n03425413__n03425413_10621.jpg,393,900,val,7,7,0.9673
n02979186__n02979186_13740.jpg,375,500,val,2,2,0.9751
n03417042__n03417042_7670.jpg,500,336,val,6,6,0.9888
n03417042__n03417042_9941.jpg,500,375,val,6,6,0.9959
n03425413__n03425413_17100.jpg,500,375,val,7,7,0.9913
n03000684__n03000684_24332.jpg,200,90,val,3,3,0.9228
n03394916__n03394916_42312.jpg,373,500,val,5,5,0.995
n03028079__n03028079_2951.jpg,333,500,val,4,4,0.9995
n02979186__n02979186_5481.jpg,500,334,val,2,2,0.9996
n02102040__n02102040_1612.jpg,375,500,val,1,1,0.9998
n02102040__n02102040_521.jpg,500,375,val,1,1,0.9998
n03028079__n03028079_12812.jpg,375,500,val,4,4,0.995
n03888257__n03888257_8882.jpg,500,333,val,9,9,0.9989
n03417042__n03417042_6602.jpg,500,375,val,6,6,1.0
n03394916__n03394916_60232.jpg,360,480,val,5,5,1.0
n03000684__n03000684_11070.jpg,500,333,val,3,3,0.9999
n03000684__n03000684_19071.jpg,500,375,val,3,3,0.9999
n03028079__n03028079_30450.jpg,375,500,val,4,4,0.9998
n03445777__ILSVRC2012_val_00038790.jpg,500,375,val,8,8,0.9999
n01440764__n01440764_5731.jpg,800,600,val,0,0,0.9998
n03888257__n03888257_23372.jpg,500,467,val,9,9,0.9999
n02102040__n02102040_8392.jpg,500,334,val,1,1,0.9948
n03394916__n03394916_44882.jpg,500,375,val,5,5,0.9999
n03445777__n03445777_15110.jpg,255,192,val,8,8,0.9923
n03417042__n03417042_4072.jpg,224,140,val,6,6,1.0
n03417042__n03417042_8872.jpg,500,331,val,6,6,0.9989
n03394916__n03394916_50642.jpg,480,360,val,5,5,0.9999
n02979186__n02979186_1542.jpg,500,375,val,2,2,0.9999
n02102040__n02102040_4560.jpg,500,333,val,1,1,1.0
n03000684__n03000684_17132.jpg,500,375,val,3,3,0.9665
n03000684__n03000684_9881.jpg,112,51,val,3,3,0.605
n01440764__n01440764_2121.jpg,640,480,val,0,0,1.0
n03000684__n03000684_21831.jpg,500,375,val,3,6,0.3978
n03445777__n03445777_6101.jpg,500,375,val,8,8,0.9999
n03425413__n03425413_16031.jpg,398,500,val,7,7,0.9764
n03028079__n03028079_28432.jpg,378,500,val,4,4,0.9996
n03417042__n03417042_3771.jpg,500,375,val,6,6,0.9993
n03000684__n03000684_27981.jpg,333,500,val,3,3,0.9921
n03445777__n03445777_5941.jpg,500,375,val,8,8,0.999
n03000684__n03000684_19792.jpg,500,375,val,3,3,0.7432
n02102040__n02102040_8330.jpg,500,375,val,1,1,0.9999
n03417042__n03417042_2141.jpg,500,375,val,6,6,0.9997
n03425413__n03425413_10022.jpg,375,500,val,7,7,0.9998
n02979186__n02979186_11481.jpg,500,375,val,2,2,1.0
n03425413__n03425413_13970.jpg,384,500,val,7,7,0.9914
n03888257__n03888257_66361.jpg,500,333,val,9,9,0.9974
n03425413__n03425413_1400.jpg,796,600,val,7,7,0.9999
n02102040__n02102040_732.jpg,376,500,val,1,1,0.9997
n01440764__n01440764_8150.jpg,240,180,val,0,0,1.0
n03445777__n03445777_11122.jpg,500,332,val,8,8,0.9995
n03425413__n03425413_19092.jpg,500,375,val,7,7,0.9987
n03445777__n03445777_16491.jpg,300,225,val,8,8,0.9998
n03394916__n03394916_16781.jpg,491,413,val,5,5,1.0
n01440764__n01440764_3281.jpg,500,333,val,0,0,1.0
n03394916__n03394916_17890.jpg,701,765,val,5,5,1.0
n03394916__n03394916_23071.jpg,432,500,val,5,5,0.999
n03445777__n03445777_3011.jpg,600,450,val,8,8,1.0
n03425413__n03425413_21180.jpg,500,375,val,7,7,0.9996
n03888257__n03888257_11282.jpg,500,333,val,9,9,0.9983
n03417042__n03417042_9121.jpg,500,375,val,6,6,0.9998
n03888257__n03888257_13410.jpg,500,333,val,9,9,0.9997
n03445777__n03445777_6380.jpg,500,333,val,8,8,1.0
n02102040__n02102040_3960.jpg,500,375,val,1,1,1.0
n03028079__n03028079_12802.jpg,300,500,val,4,4,0.9995
n01440764__n01440764_6052.jpg,500,333,val,0,0,0.9997
n03028079__n03028079_17302.jpg,373,500,val,4,4,0.9986
n03417042__n03417042_212.jpg,500,400,val,6,6,1.0
n03417042__n03417042_2132.jpg,500,375,val,6,6,0.9975
n03888257__n03888257_59442.jpg,500,333,val,9,9,0.9998
n03417042__n03417042_9021.jpg,500,400,val,6,6,0.9998
n03417042__n03417042_5221.jpg,500,375,val,6,6,0.9957
n03417042__n03417042_20892.jpg,600,450,val,6,6,1.0
n01440764__n01440764_7752.jpg,400,370,val,0,0,1.0
n02102040__n02102040_3941.jpg,500,375,val,1,1,0.9996
n02102040__n02102040_4440.jpg,375,500,val,1,1,1.0
n03028079__n03028079_17551.jpg,500,327,val,4,4,0.9999
n03888257__n03888257_16912.jpg,500,347,val,9,9,1.0
n01440764__n01440764_8451.jpg,500,281,val,0,0,1.0
n03445777__n03445777_110.jpg,300,263,val,8,8,0.9996
n02102040__n02102040_8132.jpg,375,500,val,1,1,0.9973
n02979186__n02979186_1792.jpg,375,500,val,2,2,0.9995
n03445777__n03445777_2070.jpg,200,164,val,8,8,0.9998
n03888257__n03888257_9371.jpg,500,333,val,9,9,0.9574
n02102040__n02102040_3601.jpg,500,375,val,1,1,0.85
n03394916__n03394916_7000.jpg,2586,1498,val,5,5,0.8854
n03000684__n03000684_17200.jpg,375,500,val,3,3,0.9337
n03888257__n03888257_18181.jpg,500,433,val,9,9,0.9984
n01440764__n01440764_9981.jpg,225,292,val,0,0,1.0
n03445777__n03445777_5310.jpg,500,333,val,8,8,0.9999
n02102040__n02102040_562.jpg,500,360,val,1,1,1.0
n02102040__n02102040_682.jpg,500,333,val,1,1,0.9999
n03394916__n03394916_43422.jpg,333,500,val,5,5,0.9999
n03888257__n03888257_61581.jpg,500,335,val,9,9,0.9995
n02102040__n02102040_6060.jpg,500,333,val,1,1,1.0
n03394916__n03394916_34012.jpg,375,500,val,5,5,0.9405
n03425413__n03425413_21352.jpg,375,500,val,7,7,0.9995
n03394916__n03394916_63390.jpg,640,480,val,5,5,1.0
n03394916__n03394916_36982.jpg,500,375,val,5,2,0.6321
n03888257__n03888257_8381.jpg,500,430,val,9,9,0.9959
n03417042__n03417042_26960.jpg,500,375,val,6,6,1.0
n01440764__n01440764_8112.jpg,500,375,val,0,0,1.0
n01440764__n01440764_12620.jpg,1024,768,val,0,0,0.9997
n03445777__n03445777_5861.jpg,500,333,val,8,8,1.0
n02102040__n02102040_2021.jpg,500,375,val,1,1,1.0
n03445777__n03445777_7902.jpg,500,352,val,8,8,0.9998
n02102040__n02102040_5881.jpg,500,333,val,1,1,0.9979
n03417042__n03417042_26782.jpg,500,375,val,6,6,0.9999
n03394916__n03394916_28971.jpg,375,500,val,5,5,0.716
n03888257__n03888257_70632.jpg,500,333,val,9,9,0.9992
n03445777__n03445777_7630.jpg,500,334,val,8,8,1.0
n02102040__n02102040_2082.jpg,321,500,val,1,1,1.0
n03000684__n03000684_8890.jpg,500,375,val,3,3,0.9999
n03028079__n03028079_15111.jpg,487,500,val,4,4,0.9986
n03425413__n03425413_18382.jpg,500,375,val,7,7,0.9941
n03028079__n03028079_99351.jpg,500,374,val,4,4,0.9968
n02102040__n02102040_350.jpg,500,333,val,1,1,0.9992
n03445777__n03445777_6432.jpg,500,375,val,8,8,0.9978
n03028079__n03028079_7730.jpg,500,333,val,4,4,0.9992
n02102040__n02102040_4952.jpg,500,375,val,1,1,0.9993
n03000684__n03000684_14740.jpg,500,375,val,3,3,0.9999
n02979186__n02979186_2381.jpg,160,160,val,2,2,0.9994
n03394916__n03394916_33711.jpg,500,452,val,5,5,0.9992
n03417042__n03417042_6480.jpg,500,375,val,6,6,0.9998
n03394916__n03394916_43382.jpg,437,500,val,5,5,0.9994
n03888257__n03888257_18441.jpg,500,375,val,9,9,0.9987
n03000684__n03000684_11511.jpg,500,375,val,3,3,1.0
n03417042__n03417042_9552.jpg,500,375,val,6,6,1.0
n03445777__n03445777_7382.jpg,500,334,val,8,8,0.9996
n03425413__n03425413_20262.jpg,500,375,val,7,7,0.955
n03888257__n03888257_41260.jpg,335,500,val,9,9,0.9997
n03445777__n03445777_11481.jpg,500,333,val,8,8,0.9996
n03425413__n03425413_260.jpg,576,768,val,7,7,0.9901
n02102040__n02102040_4650.jpg,800,600,val,1,1,1.0
n02102040__n02102040_4262.jpg,500,375,val,1,1,1.0
n03425413__n03425413_13811.jpg,500,334,val,7,7,0.9982
n03417042__n03417042_28400.jpg,500,375,val,6,4,0.4591
n02979186__n02979186_21392.jpg,135,100,val,2,2,0.9978
n02979186__n02979186_9470.jpg,500,375,val,2,2,1.0
n03417042__n03417042_3242.jpg,500,375,val,6,6,0.9785
n02979186__n02979186_20730.jpg,127,160,val,2,2,0.7982
n03445777__n03445777_13640.jpg,219,300,val,8,8,1.0
n03028079__n03028079_13542.jpg,445,500,val,4,4,1.0
n03028079__n03028079_5401.jpg,500,375,val,4,4,0.9998
n03425413__n03425413_27052.jpg,500,333,val,7,3,0.659
n02102040__n02102040_451.jpg,500,334,val,1,1,0.9999
n03394916__n03394916_45202.jpg,404,414,val,5,5,1.0
n02979186__n02979186_11550.jpg,500,247,val,2,2,0.9971
n03394916__ILSVRC2012_val_00015542.jpg,500,375,val,5,5,0.9997
n03394916__n03394916_11582.jpg,500,375,val,5,5,1.0
n03425413__n03425413_15792.jpg,375,500,val,7,7,0.9997
n03000684__n03000684_11701.jpg,333,500,val,3,2,0.759
n03028079__n03028079_322.jpg,368,500,val,4,4,0.9948
n03028079__n03028079_31481.jpg,500,375,val,4,4,0.9998
n03445777__n03445777_10721.jpg,500,375,val,8,8,0.9999
n03028079__n03028079_83412.jpg,375,500,val,4,4,0.9934
n03445777__n03445777_4930.jpg,173,275,val,8,8,1.0
n03417042__n03417042_19912.jpg,600,489,val,6,6,0.9976
n03028079__n03028079_110420.jpg,496,500,val,4,4,0.9958
n03417042__n03417042_10401.jpg,700,522,val,6,6,0.9998
n02979186__n02979186_811.jpg,125,72,val,2,2,0.9995
n01440764__n01440764_8610.jpg,375,500,val,0,0,0.999
n03417042__n03417042_27151.jpg,500,281,val,6,6,1.0
n03000684__n03000684_10992.jpg,500,375,val,3,3,0.5056
n01440764__n01440764_15560.jpg,500,333,val,0,0,0.9993
n03425413__n03425413_26601.jpg,640,480,val,7,7,0.7768
n03394916__n03394916_19491.jpg,800,1200,val,5,5,0.9992
n01440764__n01440764_2921.jpg,500,264,val,0,0,1.0
n03000684__n03000684_26780.jpg,500,375,val,3,3,1.0
n03028079__n03028079_29461.jpg,500,375,val,4,4,0.9986
n03888257__n03888257_43782.jpg,500,355,val,9,9,0.9999
n02979186__n02979186_11151.jpg,497,400,val,2,2,0.9993
n03888257__n03888257_46621.jpg,500,313,val,9,9,0.9973
n01440764__n01440764_12971.jpg,709,494,val,0,0,1.0
n03028079__n03028079_4320.jpg,500,333,val,4,4,0.9999
n03445777__n03445777_9090.jpg,500,333,val,8,8,0.987
n03000684__n03000684_17330.jpg,640,480,val,3,3,0.9999
n02979186__n02979186_2141.jpg,375,500,val,2,2,1.0
n03417042__n03417042_5752.jpg,500,353,val,6,6,0.9999
n02102040__n02102040_362.jpg,500,375,val,1,1,0.9999
n03888257__n03888257_850.jpg,700,485,val,9,9,0.9997
n03425413__n03425413_11650.jpg,500,375,val,7,7,0.9994
n03888257__n03888257_20012.jpg,500,335,val,9,9,0.9958
n02979186__n02979186_562.jpg,180,135,val,2,2,1.0
n03888257__n03888257_5501.jpg,500,333,val,9,9,0.995
n03425413__n03425413_11460.jpg,695,299,val,7,7,0.9805
n03425413__n03425413_14510.jpg,500,335,val,7,7,0.9997
n03445777__n03445777_7691.jpg,500,374,val,8,8,0.9999
n03445777__n03445777_10762.jpg,500,375,val,8,8,0.9989
n01440764__n01440764_7792.jpg,490,500,val,0,0,1.0
n03888257__n03888257_19570.jpg,500,333,val,9,9,0.9999
n03888257__n03888257_11912.jpg,640,480,val,9,9,0.9929
n03888257__n03888257_76721.jpg,500,333,val,9,9,0.9986
n03000684__n03000684_1082.jpg,150,178,val,3,3,0.9992
n03425413__n03425413_21362.jpg,500,375,val,7,7,0.9984
n02102040__n02102040_3530.jpg,500,334,val,1,1,0.9996
n02979186__n02979186_18272.jpg,500,187,val,2,2,0.9989
n03425413__n03425413_14672.jpg,500,375,val,7,7,0.9996
n03000684__n03000684_481.jpg,500,375,val,3,3,0.9999
n01440764__n01440764_4962.jpg,500,281,val,0,0,0.9928
n03417042__n03417042_25992.jpg,500,375,val,6,6,1.0
n02979186__n02979186_2511.jpg,263,309,val,2,2,0.9976
n03394916__n03394916_62451.jpg,333,500,val,5,5,1.0
n03888257__n03888257_6662.jpg,500,333,val,9,9,0.9993
n02102040__n02102040_8210.jpg,500,375,val,1,1,0.9998
n03394916__n03394916_28461.jpg,332,500,val,5,5,0.979
n03394916__n03394916_30072.jpg,500,333,val,5,5,1.0
n03000684__n03000684_1692.jpg,500,375,val,3,3,0.9897
n03000684__n03000684_32.jpg,500,333,val,3,3,0.9663
n03394916__n03394916_33222.jpg,500,377,val,5,5,0.9992
n01440764__n01440764_8601.jpg,500,375,val,0,0,0.9978
n03888257__n03888257_2122.jpg,520,382,val,9,9,0.9997
n02979186__n02979186_18450.jpg,240,164,val,2,2,1.0
n02979186__n02979186_20631.jpg,131,100,val,2,2,0.9954
n02979186__n02979186_21401.jpg,135,100,val,2,2,0.9998
n03425413__n03425413_15531.jpg,500,333,val,7,7,0.9995
n03394916__n03394916_34532.jpg,500,375,val,5,5,1.0
n03000684__n03000684_14132.jpg,334,500,val,3,3,0.7254
n02102040__n02102040_4070.jpg,333,500,val,1,1,0.9999
n02979186__n02979186_5411.jpg,135,120,val,2,2,0.5311
n01440764__n01440764_14190.jpg,400,304,val,0,0,0.4023
n03425413__n03425413_17322.jpg,500,375,val,7,7,0.9999
n02102040__n02102040_5370.jpg,500,335,val,1,1,0.9999
n03425413__ILSVRC2012_val_00035242.jpg,375,500,val,7,7,0.9995
n03417042__n03417042_12190.jpg,331,500,val,6,6,0.9991
n03888257__n03888257_20300.jpg,500,500,val,9,9,0.9999
n03425413__n03425413_14681.jpg,320,240,val,7,7,0.9997
n03000684__n03000684_30930.jpg,500,333,val,3,3,0.9996
n03417042__n03417042_5331.jpg,700,500,val,6,6,0.9902
n03425413__n03425413_19060.jpg,375,500,val,7,7,0.9986
n02102040__n02102040_3221.jpg,500,375,val,1,1,0.9987
n03445777__n03445777_850.jpg,230,173,val,8,8,0.9994
n03000684__n03000684_15400.jpg,379,500,val,3,3,0.9989
n03445777__n03445777_8790.jpg,333,500,val,8,8,0.9997
n03000684__n03000684_3532.jpg,375,500,val,3,3,0.9999
n03425413__n03425413_21162.jpg,467,500,val,7,7,0.9995
n02979186__n02979186_18070.jpg,500,375,val,2,2,1.0
n01440764__n01440764_12291.jpg,475,269,val,0,0,1.0
n03394916__n03394916_40501.jpg,500,375,val,5,5,0.9683
n03394916__n03394916_38782.jpg,500,333,val,5,5,0.9969
n03417042__n03417042_21361.jpg,500,375,val,6,6,1.0
n03028079__n03028079_26110.jpg,333,500,val,4,4,0.9981
n02102040__n02102040_1310.jpg,500,375,val,1,1,1.0
n01440764__n01440764_14650.jpg,500,375,val,0,0,0.9999
n03445777__n03445777_3800.jpg,400,400,val,8,8,1.0
n03028079__n03028079_13251.jpg,500,411,val,4,4,0.9985
n03394916__n03394916_42721.jpg,375,500,val,5,5,0.999
n03445777__n03445777_6042.jpg,294,221,val,8,8,0.9998
n03000684__n03000684_18590.jpg,122,70,val,3,3,1.0
n03028079__n03028079_25391.jpg,500,375,val,4,4,0.9999
n03394916__n03394916_29940.jpg,500,333,val,5,5,0.9977
n03425413__n03425413_12710.jpg,375,500,val,7,7,0.9999
n03000684__n03000684_502.jpg,500,375,val,3,3,0.9908
n03028079__n03028079_30181.jpg,369,500,val,4,4,0.9988
n03888257__n03888257_8391.jpg,500,333,val,9,9,0.9998
n03000684__n03000684_16171.jpg,2008,1362,val,3,3,0.9999
n03888257__n03888257_23680.jpg,375,500,val,9,9,0.9999
n03417042__n03417042_20382.jpg,500,375,val,6,6,0.9999
n03417042__n03417042_4200.jpg,600,400,val,6,6,0.9887
n02979186__n02979186_9131.jpg,238,77,val,2,2,0.9991
n02102040__n02102040_3931.jpg,500,333,val,1,1,0.9973
n03000684__n03000684_4012.jpg,457,500,val,3,3,0.9867
n02102040__n02102040_1181.jpg,333,500,val,1,1,1.0
n03888257__n03888257_35800.jpg,500,350,val,9,9,0.9996
n03425413__n03425413_16782.jpg,375,500,val,7,7,0.9995
n03417042__n03417042_17911.jpg,500,375,val,6,6,1.0
n02102040__n02102040_5580.jpg,500,375,val,1,1,1.0
n03394916__n03394916_44670.jpg,335,500,val,5,5,0.999
n02979186__n02979186_22681.jpg,350,300,val,2,2,0.9963
n03417042__n03417042_16370.jpg,500,375,val,6,6,0.9999
n03028079__n03028079_116072.jpg,500,372,val,4,4,0.9999
n03394916__n03394916_29911.jpg,500,375,val,5,5,0.9812
n03425413__n03425413_1421.jpg,400,600,val,7,7,0.9998
n03417042__ILSVRC2012_val_00024560.jpg,500,375,val,6,6,0.9756
n03888257__n03888257_34280.jpg,500,333,val,9,9,0.9985
n03888257__n03888257_19531.jpg,725,502,val,9,9,0.9999
n03394916__n03394916_8640.jpg,473,500,val,5,5,0.9999
n02979186__n02979186_6012.jpg,360,360,val,2,2,0.9963
n03028079__n03028079_7251.jpg,500,333,val,4,4,0.9999
n02102040__n02102040_1112.jpg,500,375,val,1,1,0.9999
n03394916__n03394916_46670.jpg,500,420,val,5,5,0.9965
n03445777__n03445777_6441.jpg,500,375,val,8,8,0.9994
n03028079__n03028079_2660.jpg,380,500,val,4,4,0.9985
n03000684__n03000684_17281.jpg,500,374,val,3,3,1.0
n03394916__n03394916_44060.jpg,500,375,val,5,5,0.6321
n03888257__n03888257_25810.jpg,500,333,val,9,9,0.9986
n03445777__ILSVRC2012_val_00009902.jpg,332,500,val,8,8,0.9996
n03028079__n03028079_17922.jpg,500,334,val,4,4,0.9996
n01440764__n01440764_1310.jpg,500,428,val,0,0,0.9991
n02102040__n02102040_602.jpg,500,344,val,1,1,0.9999
n03888257__n03888257_25420.jpg,500,464,val,9,9,0.9999
n02979186__n02979186_19091.jpg,250,250,val,2,2,0.9897
n03425413__ILSVRC2012_val_00032250.jpg,375,500,val,7,7,0.9972
n01440764__n01440764_8311.jpg,500,333,val,0,0,0.9999
n01440764__n01440764_1091.jpg,500,375,val,0,0,1.0
n03888257__n03888257_8080.jpg,150,100,val,9,9,0.9999
n02102040__n02102040_3562.jpg,500,375,val,1,1,0.999
n03888257__n03888257_25460.jpg,500,333,val,9,9,0.9998
n02102040__n02102040_3091.jpg,500,333,val,1,1,1.0
n03000684__n03000684_711.jpg,399,290,val,3,3,1.0
n03417042__n03417042_9311.jpg,375,500,val,6,6,0.9997
n03394916__n03394916_51571.jpg,500,375,val,5,5,1.0
n03425413__n03425413_27571.jpg,339,500,val,7,7,0.9758
n03445777__n03445777_4711.jpg,500,375,val,8,8,0.9939
n03028079__n03028079_15961.jpg,524,348,val,4,4,0.9995
n02979186__n02979186_10151.jpg,375,500,val,2,2,0.9998
n03000684__n03000684_6822.jpg,500,333,val,3,3,0.9994
n02979186__n02979186_10751.jpg,293,160,val,2,2,0.9994
n03028079__n03028079_901.jpg,500,347,val,4,4,0.9994
n03445777__n03445777_6721.jpg,500,375,val,8,8,1.0
n03417042__n03417042_422.jpg,500,375,val,6,6,0.8681
n03000684__n03000684_11441.jpg,400,300,val,3,3,1.0
n02979186__n02979186_10870.jpg,100,89,val,2,5,0.7758
n03028079__n03028079_108321.jpg,500,358,val,4,4,0.998
n03425413__n03425413_13170.jpg,500,333,val,7,7,0.9946
n02979186__n02979186_3472.jpg,695,600,val,2,2,0.9944
n03425413__n03425413_20042.jpg,375,500,val,7,7,0.9787
n03417042__n03417042_581.jpg,500,375,val,6,6,0.9463
n03028079__n03028079_73142.jpg,500,375,val,4,4,0.9997
n03425413__n03425413_7372.jpg,972,648,val,7,7,0.9956
n03394916__n03394916_46391.jpg,500,375,val,5,5,0.9996
n03417042__n03417042_15970.jpg,551,413,val,6,6,0.999
n03000684__n03000684_33281.jpg,500,333,val,3,3,0.987
n03425413__n03425413_18330.jpg,375,500,val,7,7,0.9991
n03000684__n03000684_16991.jpg,500,333,val,3,3,1.0
n03425413__n03425413_17521.jpg,500,375,val,7,7,0.9998
n02102040__n02102040_3372.jpg,375,500,val,1,1,1.0
n03028079__ILSVRC2012_val_00016542.jpg,500,375,val,4,4,0.9999
n03888257__n03888257_2222.jpg,333,500,val,9,9,0.9988
n03028079__n03028079_4672.jpg,375,500,val,4,4,0.9998
n01440764__n01440764_11762.jpg,545,380,val,0,0,1.0
n03028079__n03028079_25680.jpg,500,375,val,4,4,0.9935
n03417042__n03417042_7021.jpg,500,400,val,6,6,0.9997
n03888257__n03888257_39511.jpg,500,375,val,9,9,0.9961
n03425413__n03425413_15082.jpg,500,375,val,7,7,0.9915
n03445777__n03445777_10760.jpg,500,375,val,8,8,0.9973
n03000684__n03000684_28702.jpg,375,500,val,3,3,0.9811
n03394916__n03394916_1592.jpg,200,151,val,5,5,0.9994
n03000684__n03000684_15321.jpg,500,375,val,3,3,0.9911
n02102040__n02102040_2122.jpg,500,333,val,1,1,1.0
n03417042__n03417042_15592.jpg,500,375,val,6,6,1.0
n03028079__n03028079_15392.jpg,500,326,val,4,4,0.9981
n03888257__n03888257_24470.jpg,500,376,val,9,9,0.9949
n03028079__n03028079_59261.jpg,373,500,val,4,4,0.9998
n03417042__n03417042_11452.jpg,375,500,val,6,6,0.9986
n03028079__ILSVRC2012_val_00003682.jpg,500,375,val,4,4,1.0
n03888257__n03888257_35890.jpg,500,333,val,9,9,1.0
n02979186__n02979186_13950.jpg,500,375,val,2,2,1.0
n03028079__n03028079_11111.jpg,333,500,val,4,4,0.9984
n03000684__n03000684_2820.jpg,380,253,val,3,3,0.9999
n03425413__n03425413_2170.jpg,320,240,val,7,7,0.9993
n03000684__n03000684_1000.jpg,500,333,val,3,3,0.9904
n03394916__n03394916_26260.jpg,500,332,val,5,5,0.9998
n03028079__n03028079_38351.jpg,500,352,val,4,4,0.9999
n02979186__n02979186_10211.jpg,500,311,val,2,2,0.9954
n03888257__n03888257_7061.jpg,333,500,val,9,9,0.9999
n01440764__n01440764_26892.jpg,500,334,val,0,0,1.0
n03425413__n03425413_10792.jpg,531,800,val,7,7,0.9997
n02979186__n02979186_162.jpg,100,100,val,2,2,0.9565
n03445777__n03445777_1460.jpg,300,300,val,8,8,1.0
n03445777__n03445777_1452.jpg,500,450,val,8,8,0.9972
n03425413__n03425413_20122.jpg,336,500,val,7,7,0.9992
n02979186__n02979186_13902.jpg,500,375,val,2,2,1.0
n03000684__n03000684_17382.jpg,160,105,val,3,3,0.8957
n02102040__n02102040_7890.jpg,333,500,val,1,1,1.0
n02102040__n02102040_290.jpg,500,375,val,1,1,1.0
n03888257__n03888257_51522.jpg,500,337,val,9,9,0.9996
n01440764__n01440764_6672.jpg,320,213,val,0,0,1.0
n02102040__n02102040_2142.jpg,500,461,val,1,1,1.0
n03425413__n03425413_9391.jpg,500,375,val,7,7,0.9998
n02979186__n02979186_10930.jpg,500,312,val,2,2,0.9949
n03888257__n03888257_21651.jpg,500,485,val,9,9,0.9998
n02979186__n02979186_12060.jpg,200,116,val,2,2,0.9996
n03445777__n03445777_14531.jpg,351,450,val,8,8,0.9996
n02102040__n02102040_341.jpg,500,375,val,1,1,0.9999
n03425413__n03425413_11061.jpg,500,330,val,7,7,0.9997
n02979186__n02979186_1281.jpg,500,500,val,2,2,0.9975
n03394916__n03394916_29752.jpg,500,341,val,5,5,0.9999
n03425413__n03425413_27000.jpg,480,640,val,7,7,0.9999
n02979186__n02979186_9450.jpg,500,332,val,2,2,0.9999
n01440764__n01440764_10550.jpg,800,590,val,0,0,1.0
n03425413__n03425413_8901.jpg,500,405,val,7,7,0.9999
n03394916__n03394916_46521.jpg,333,500,val,5,5,0.9999
n03425413__n03425413_21591.jpg,500,375,val,7,7,0.8882
n03888257__n03888257_9932.jpg,500,375,val,9,9,0.9667
n02979186__n02979186_19190.jpg,149,149,val,2,2,0.9992
n03028079__n03028079_3362.jpg,500,500,val,4,4,0.9999
n03425413__n03425413_691.jpg,375,500,val,7,7,0.9855
n03425413__n03425413_13831.jpg,333,500,val,7,7,0.9997
n03445777__n03445777_3530.jpg,500,375,val,8,8,1.0
n03417042__n03417042_18981.jpg,500,375,val,6,6,0.9997
n03445777__n03445777_1292.jpg,500,375,val,8,8,1.0
n03425413__n03425413_7412.jpg,300,237,val,7,7,0.9999
n03000684__n03000684_11552.jpg,160,157,val,3,3,0.9998
n03000684__n03000684_10902.jpg,170,170,val,3,3,0.9988
n02979186__n02979186_27471.jpg,160,144,val,2,2,0.7479
n02102040__n02102040_2730.jpg,500,405,val,1,1,1.0
n03445777__n03445777_8332.jpg,500,334,val,8,8,0.9994
n03028079__n03028079_6831.jpg,500,375,val,4,4,0.9999
n01440764__ILSVRC2012_val_00017700.jpg,500,375,val,0,0,1.0
n03445777__n03445777_461.jpg,500,374,val,8,8,0.9969
n03425413__n03425413_7022.jpg,500,600,val,7,7,0.9999
n03394916__n03394916_50380.jpg,640,480,val,5,5,0.9946
n01440764__n01440764_16051.jpg,500,333,val,0,0,1.0
n03445777__n03445777_18531.jpg,500,402,val,8,8,0.9999
n02102040__n02102040_610.jpg,500,330,val,1,1,0.9997
n02979186__n02979186_1630.jpg,250,250,val,2,2,0.9998
n01440764__ILSVRC2012_val_00029930.jpg,500,375,val,0,0,1.0
n03445777__n03445777_482.jpg,300,240,val,8,8,0.9401
n03028079__n03028079_30232.jpg,375,500,val,4,4,1.0
n02102040__n02102040_1292.jpg,434,413,val,1,1,1.0
n03000684__ILSVRC2012_val_00011951.jpg,800,521,val,3,3,0.9998
n03417042__n03417042_2062.jpg,500,375,val,6,6,0.9997
n01440764__n01440764_10852.jpg,477,502,val,0,0,1.0
n01440764__n01440764_10812.jpg,250,188,val,0,0,1.0
n03028079__n03028079_7271.jpg,500,481,val,4,4,0.9997
n03000684__n03000684_15040.jpg,160,152,val,3,3,1.0
n03000684__n03000684_6050.jpg,375,500,val,3,3,0.9994
n03000684__n03000684_17140.jpg,500,375,val,3,3,0.9354
n02979186__n02979186_14271.jpg,500,375,val,2,2,0.9945
n03028079__n03028079_5942.jpg,500,335,val,4,4,0.9998
n03445777__n03445777_16392.jpg,285,380,val,8,8,0.9998
n03417042__n03417042_7310.jpg,640,480,val,6,6,1.0
n03417042__n03417042_6662.jpg,375,500,val,6,6,0.9997
n03394916__n03394916_32730.jpg,333,500,val,5,5,0.8375
n01440764__n01440764_10331.jpg,610,440,val,0,3,0.6815
n01440764__n01440764_30782.jpg,500,375,val,0,0,1.0
n02979186__n02979186_3371.jpg,157,129,val,2,2,0.9784
n02979186__n02979186_4552.jpg,160,160,val,2,2,0.9971
n01440764__n01440764_7302.jpg,500,333,val,0,0,1.0
n03417042__n03417042_28062.jpg,500,375,val,6,6,1.0
n03028079__n03028079_3320.jpg,712,480,val,4,4,1.0
n03000684__n03000684_17811.jpg,375,500,val,3,3,0.9988
n01440764__n01440764_5112.jpg,100,88,val,0,0,1.0
n03417042__n03417042_18042.jpg,640,480,val,6,6,0.9999
n03445777__n03445777_12172.jpg,345,448,val,8,8,1.0
n02102040__n02102040_1100.jpg,500,375,val,1,1,0.9998
n03888257__n03888257_22540.jpg,504,378,val,9,9,0.9986
n03028079__n03028079_24471.jpg,337,500,val,4,4,0.9955
n03445777__n03445777_5222.jpg,294,300,val,8,8,0.9585
n03445777__n03445777_10782.jpg,500,375,val,8,8,1.0
n03417042__n03417042_7080.jpg,500,341,val,6,6,0.9999
n03000684__n03000684_2060.jpg,112,55,val,3,3,0.9999
n03888257__n03888257_19921.jpg,500,333,val,9,9,0.9997
n03445777__n03445777_11401.jpg,1000,734,val,8,8,0.9998
n03394916__n03394916_48060.jpg,333,500,val,5,5,1.0
n01440764__n01440764_7632.jpg,700,467,val,0,0,1.0
n03888257__ILSVRC2012_val_00038942.jpg,500,375,val,9,9,0.9996
n03417042__n03417042_5852.jpg,500,375,val,6,6,1.0
n03417042__n03417042_5920.jpg,320,230,val,6,6,0.9999
n03888257__n03888257_10980.jpg,500,333,val,9,9,0.991
n03394916__n03394916_32800.jpg,500,366,val,5,5,0.9964
n03028079__n03028079_113001.jpg,375,500,val,4,4,0.9997
n03417042__n03417042_8081.jpg,333,500,val,6,6,0.766
n03425413__n03425413_251.jpg,803,617,val,7,7,0.9009
n03417042__n03417042_27780.jpg,500,333,val,6,6,0.9998
n03394916__ILSVRC2012_val_00003620.jpg,500,500,val,5,5,1.0
n03417042__ILSVRC2012_val_00027110.jpg,500,375,val,6,6,1.0
n01440764__n01440764_9491.jpg,500,375,val,0,0,1.0
n03425413__n03425413_19050.jpg,500,375,val,7,3,0.5074
n02102040__n02102040_1200.jpg,327,341,val,1,1,1.0
n01440764__n01440764_9191.jpg,400,300,val,0,0,1.0
n03028079__n03028079_1381.jpg,500,352,val,4,4,0.995
n03394916__n03394916_23742.jpg,333,500,val,5,5,0.9996
n03445777__n03445777_18412.jpg,500,334,val,8,8,0.9999
n02979186__n02979186_20701.jpg,1992,1819,val,2,2,1.0
n03417042__n03417042_642.jpg,177,173,val,6,6,0.9709
n03417042__n03417042_19481.jpg,500,375,val,6,6,1.0
n03028079__n03028079_1502.jpg,500,367,val,4,4,0.9996
n01440764__n01440764_27451.jpg,500,375,val,0,0,1.0
n03394916__n03394916_35801.jpg,500,375,val,5,5,0.9819
n02102040__n02102040_4742.jpg,500,333,val,1,1,1.0
n03394916__n03394916_2151.jpg,333,500,val,5,5,0.9998
n03888257__n03888257_39031.jpg,362,500,val,9,9,0.9959
n02102040__n02102040_7670.jpg,500,358,val,1,1,0.9979
n03028079__n03028079_17862.jpg,500,346,val,4,4,0.9999
n03445777__n03445777_7251.jpg,500,375,val,8,8,0.9962
n03888257__n03888257_29170.jpg,393,500,val,9,9,0.9996
n03028079__n03028079_35160.jpg,500,348,val,4,4,0.9996
n03394916__n03394916_7292.jpg,333,500,val,5,5,0.9705
n03028079__n03028079_7881.jpg,650,487,val,4,4,0.9999
n03425413__n03425413_15070.jpg,375,500,val,7,7,0.9996
n03394916__n03394916_38481.jpg,500,375,val,5,5,1.0
n03417042__n03417042_16000.jpg,500,375,val,6,6,0.9999
n03445777__n03445777_4101.jpg,500,333,val,8,8,1.0
n03425413__n03425413_21032.jpg,400,500,val,7,7,0.9981
n03417042__n03417042_24100.jpg,797,468,val,6,6,1.0
n03888257__n03888257_34031.jpg,500,334,val,9,9,0.9933
n03425413__n03425413_21880.jpg,346,500,val,7,7,0.9999
n02102040__n02102040_3012.jpg,500,375,val,1,1,1.0
n03425413__n03425413_16681.jpg,500,375,val,7,7,0.9995
n03888257__n03888257_11730.jpg,500,333,val,9,9,0.9994
n03888257__n03888257_13100.jpg,500,333,val,9,9,0.9974
n01440764__n01440764_15071.jpg,600,485,val,0,0,1.0
n03888257__n03888257_30521.jpg,345,500,val,9,9,0.9998
n03028079__n03028079_19002.jpg,328,500,val,4,4,0.9983
n03394916__n03394916_7602.jpg,442,273,val,5,5,1.0
n03888257__n03888257_142.jpg,472,600,val,9,9,1.0
n03445777__n03445777_12202.jpg,400,400,val,8,8,1.0
n03417042__n03417042_3171.jpg,500,375,val,6,6,0.999
n03000684__n03000684_34971.jpg,338,500,val,3,3,0.9995
n03417042__n03417042_8501.jpg,563,363,val,6,6,0.9997
n03425413__n03425413_18390.jpg,500,500,val,7,7,0.9998
n03394916__n03394916_8120.jpg,341,249,val,5,5,1.0
n01440764__n01440764_8312.jpg,400,300,val,0,0,1.0
n01440764__n01440764_2162.jpg,400,300,val,0,0,0.9999
n02102040__n02102040_821.jpg,500,446,val,1,1,1.0
n02102040__n02102040_2340.jpg,500,333,val,1,1,0.9988
n03000684__n03000684_18880.jpg,100,100,val,3,3,0.9995
n03888257__n03888257_4580.jpg,500,333,val,9,9,0.9981
n03000684__n03000684_2402.jpg,372,369,val,3,3,1.0
n01440764__n01440764_2742.jpg,260,195,val,0,0,0.9805
n03417042__n03417042_26850.jpg,375,500,val,6,6,0.9997
n02102040__ILSVRC2012_val_00016582.jpg,500,375,val,1,1,0.9999
n03425413__n03425413_17212.jpg,375,500,val,7,7,1.0
n03888257__n03888257_8001.jpg,500,461,val,9,9,0.9964
n03394916__n03394916_31860.jpg,500,333,val,5,5,0.9999
n01440764__n01440764_2920.jpg,270,137,val,0,0,1.0
n01440764__n01440764_7040.jpg,297,461,val,0,0,1.0
n03028079__n03028079_50060.jpg,500,340,val,4,4,0.9991
n01440764__n01440764_710.jpg,500,374,val,0,0,1.0
n03000684__n03000684_4271.jpg,417,500,val,3,3,0.997
n03888257__n03888257_8502.jpg,500,389,val,9,9,1.0
n03888257__n03888257_8112.jpg,500,357,val,9,9,0.9991
n03000684__n03000684_16782.jpg,240,160,val,3,3,0.887
n03445777__n03445777_1311.jpg,500,375,val,8,8,1.0
n03000684__n03000684_2202.jpg,333,500,val,3,3,0.9908
n03394916__n03394916_30261.jpg,333,500,val,5,5,0.9985
n02102040__n02102040_7480.jpg,375,500,val,1,1,0.9952
n01440764__n01440764_910.jpg,413,318,val,0,0,1.0
n03028079__n03028079_27511.jpg,500,476,val,4,4,1.0
n03888257__n03888257_59412.jpg,500,333,val,9,9,0.9983
n03000684__n03000684_15441.jpg,350,412,val,3,3,0.9899
n03888257__n03888257_33070.jpg,407,500,val,9,9,0.8909
n03000684__n03000684_10302.jpg,150,102,val,3,3,0.9997
n03028079__n03028079_29362.jpg,500,375,val,4,4,0.9999
n03000684__n03000684_19272.jpg,500,371,val,3,3,0.9996
n01440764__n01440764_3560.jpg,482,516,val,0,0,1.0
n03417042__n03417042_19862.jpg,500,375,val,6,6,1.0
n03888257__n03888257_7982.jpg,500,333,val,9,9,0.9992
n01440764__n01440764_5091.jpg,500,368,val,0,0,1.0
n03425413__n03425413_19261.jpg,331,500,val,7,7,0.9999
n03394916__n03394916_36691.jpg,500,375,val,5,2,0.633
n03394916__n03394916_20281.jpg,1024,683,val,5,5,1.0
n03445777__n03445777_10862.jpg,446,251,val,8,8,0.995
n03425413__n03425413_8420.jpg,375,500,val,7,7,0.9998
n03394916__n03394916_32340.jpg,400,500,val,5,5,0.9998
n03445777__n03445777_5582.jpg,220,146,val,8,8,0.9999
n03394916__n03394916_32870.jpg,500,334,val,5,5,0.9993
n03000684__n03000684_9390.jpg,500,375,val,3,3,0.9926
n03445777__n03445777_13311.jpg,250,250,val,8,8,0.9996
n02102040__n02102040_1980.jpg,375,500,val,1,1,0.9997
n02102040__n02102040_3180.jpg,500,340,val,1,1,1.0
n03425413__n03425413_12861.jpg,375,500,val,7,7,0.9964
n02102040__n02102040_3792.jpg,333,500,val,1,1,1.0
n03028079__n03028079_15461.jpg,374,500,val,4,4,0.9998
n02979186__n02979186_1561.jpg,280,280,val,2,2,0.9987
n02979186__n02979186_18572.jpg,149,149,val,2,2,0.9977
n03445777__n03445777_4371.jpg,204,153,val,8,8,0.9986
n03028079__n03028079_15381.jpg,390,500,val,4,4,0.9971
n03028079__n03028079_14021.jpg,396,500,val,4,4,0.9998
n03000684__n03000684_15521.jpg,600,450,val,3,3,0.9999
n03028079__n03028079_8531.jpg,500,385,val,4,4,0.9992
n02979186__n02979186_24140.jpg,280,280,val,2,2,0.9227
n02979186__n02979186_5962.jpg,100,84,val,2,2,0.9239
n03425413__n03425413_14722.jpg,401,500,val,7,7,0.9999
n03445777__n03445777_7242.jpg,450,301,val,8,8,0.996
n02979186__n02979186_4852.jpg,500,332,val,2,2,0.9996
n01440764__n01440764_7562.jpg,300,200,val,0,0,0.8879
n02102040__n02102040_1081.jpg,640,480,val,1,1,0.9974
n03888257__n03888257_29762.jpg,500,333,val,9,9,0.9943
n01440764__n01440764_13842.jpg,300,225,val,0,0,1.0
n03394916__n03394916_33481.jpg,375,500,val,5,5,0.9835
n03028079__n03028079_53551.jpg,500,365,val,4,4,0.9999
n03445777__n03445777_9880.jpg,375,500,val,8,8,0.9999
n03425413__n03425413_9652.jpg,375,500,val,7,7,0.9999
n02102040__n02102040_960.jpg,500,375,val,1,1,0.9937
n03028079__n03028079_14582.jpg,500,348,val,4,4,0.9463
n03445777__ILSVRC2012_val_00025591.jpg,500,404,val,8,8,0.9999
n01440764__n01440764_25370.jpg,480,320,val,0,0,1.0
n03000684__n03000684_8651.jpg,500,375,val,3,3,0.9999
n03417042__n03417042_23272.jpg,500,375,val,6,6,1.0
n02102040__n02102040_8061.jpg,500,375,val,1,1,0.9997
n02979186__n02979186_14100.jpg,500,375,val,2,2,0.9998
n01440764__n01440764_5642.jpg,314,235,val,0,0,1.0
n01440764__n01440764_6550.jpg,450,299,val,0,0,1.0
n02102040__n02102040_2111.jpg,500,375,val,1,6,0.5934
n03000684__n03000684_16372.jpg,500,333,val,3,3,0.9981
n03028079__n03028079_14371.jpg,376,500,val,4,4,0.9112
n03888257__n03888257_1171.jpg,500,333,val,9,9,0.9996
n02979186__n02979186_12260.jpg,237,130,val,2,2,0.9987
n02102040__n02102040_3660.jpg,500,374,val,1,1,1.0
n03394916__n03394916_56022.jpg,480,640,val,5,5,1.0
n01440764__n01440764_7501.jpg,500,375,val,0,0,0.9999
n03425413__n03425413_2141.jpg,281,500,val,7,7,0.999
n02102040__n02102040_7092.jpg,336,340,val,1,1,0.9999
n03000684__n03000684_4351.jpg,375,500,val,3,3,0.8573
n03394916__n03394916_53962.jpg,480,360,val,5,5,0.9998
n03445777__n03445777_11011.jpg,299,299,val,8,8,0.9996
n02979186__n02979186_960.jpg,500,335,val,2,2,0.9979
n03417042__n03417042_3351.jpg,500,375,val,6,6,0.9987
n03417042__n03417042_17470.jpg,500,375,val,6,6,0.9999
n03417042__n03417042_18932.jpg,500,374,val,6,6,1.0
n03417042__n03417042_1022.jpg,500,478,val,6,6,0.9999
n03425413__n03425413_10572.jpg,338,450,val,7,7,0.9863
n02102040__ILSVRC2012_val_00014280.jpg,500,333,val,1,1,0.9999
n03000684__n03000684_17082.jpg,382,500,val,3,3,0.9998
n03000684__n03000684_12051.jpg,500,375,val,3,3,0.3056
n03028079__n03028079_52470.jpg,375,500,val,4,4,0.9996
n01440764__n01440764_9811.jpg,800,600,val,0,0,1.0
n03425413__n03425413_12701.jpg,339,500,val,7,7,0.9999
n03417042__n03417042_6250.jpg,500,375,val,6,6,0.9997
n03417042__n03417042_910.jpg,500,375,val,6,6,1.0
n03394916__n03394916_57922.jpg,773,1162,val,5,5,1.0
n03028079__n03028079_57010.jpg,500,350,val,4,4,0.9998
n03394916__n03394916_29091.jpg,500,375,val,5,5,1.0
n01440764__n01440764_6501.jpg,500,375,val,0,0,1.0
n03445777__n03445777_2441.jpg,466,350,val,8,8,1.0
n03000684__n03000684_13920.jpg,500,375,val,3,6,0.8662
n03417042__n03417042_7422.jpg,500,260,val,6,6,1.0
n03028079__n03028079_28662.jpg,375,500,val,4,4,0.9999
n03445777__n03445777_832.jpg,334,500,val,8,8,0.9997
n03394916__n03394916_7620.jpg,295,600,val,5,5,1.0
n03445777__n03445777_3252.jpg,500,333,val,8,8,1.0
n03445777__n03445777_8192.jpg,500,375,val,8,8,0.9999
n03445777__n03445777_12490.jpg,370,247,val,8,8,0.9996
n03417042__n03417042_27680.jpg,500,375,val,6,6,1.0
n03888257__n03888257_21552.jpg,500,309,val,9,9,1.0
n03888257__n03888257_30382.jpg,500,333,val,9,9,0.9999
n01440764__n01440764_6380.jpg,294,236,val,0,0,0.9995
n02102040__n02102040_810.jpg,500,333,val,1,1,1.0
n03445777__n03445777_4172.jpg,365,500,val,8,7,0.6553
n02979186__n02979186_21472.jpg,300,400,val,2,2,0.9952
n02979186__n02979186_9041.jpg,100,100,val,2,2,0.9967
n03394916__n03394916_44440.jpg,500,423,val,5,5,1.0
n03417042__n03417042_18601.jpg,500,375,val,6,6,1.0
n02102040__n02102040_372.jpg,500,375,val,1,1,0.9999
n03425413__n03425413_3260.jpg,393,992,val,7,7,0.9713
n03394916__n03394916_26391.jpg,333,500,val,5,5,0.9997
n03445777__n03445777_790.jpg,500,375,val,8,8,1.0
n03425413__n03425413_6540.jpg,375,500,val,7,7,0.9998
n03000684__n03000684_13402.jpg,372,500,val,3,3,0.9998
n01440764__n01440764_1272.jpg,500,375,val,0,0,1.0
n03888257__n03888257_32141.jpg,324,500,val,9,9,0.9996
n01440764__n01440764_11151.jpg,250,166,val,0,0,1.0
n03445777__n03445777_12500.jpg,320,240,val,8,8,0.99
n01440764__n01440764_26631.jpg,500,333,val,0,0,1.0
n02102040__n02102040_4582.jpg,500,357,val,1,1,1.0
n03028079__n03028079_3542.jpg,500,333,val,4,4,0.9994
n03394916__n03394916_37161.jpg,375,500,val,5,5,0.999
n03425413__n03425413_14012.jpg,500,351,val,7,7,0.9971
n03394916__n03394916_36960.jpg,334,500,val,5,5,1.0
n02102040__n02102040_4481.jpg,500,375,val,1,1,0.9942
n03394916__n03394916_30310.jpg,500,375,val,5,5,0.9993
n03425413__n03425413_16400.jpg,500,334,val,7,7,0.9999
n03417042__n03417042_4600.jpg,640,480,val,6,6,0.999
n03425413__n03425413_13751.jpg,500,375,val,7,7,0.9997
n03417042__n03417042_12601.jpg,500,333,val,6,6,0.9997
n03888257__n03888257_19462.jpg,472,500,val,9,9,0.9943
n03000684__n03000684_4310.jpg,500,375,val,3,3,0.9996
n02979186__n02979186_11052.jpg,1314,914,val,2,2,1.0
n03000684__n03000684_6020.jpg,400,158,val,3,3,0.9973
n03028079__n03028079_7021.jpg,350,500,val,4,4,0.9999
n01440764__n01440764_12182.jpg,450,600,val,0,0,1.0
n02102040__n02102040_660.jpg,500,474,val,1,1,0.9999
n03425413__n03425413_14952.jpg,173,500,val,7,7,0.9999
n01440764__n01440764_14731.jpg,375,500,val,0,0,1.0
n03445777__n03445777_3651.jpg,569,377,val,8,8,0.9995
n03425413__n03425413_15332.jpg,500,332,val,7,7,0.9997
n01440764__n01440764_3782.jpg,349,384,val,0,0,0.9999
n03425413__n03425413_11731.jpg,558,636,val,7,7,1.0
n03417042__n03417042_14000.jpg,599,344,val,6,6,0.9984
n03888257__n03888257_13072.jpg,500,333,val,9,9,0.6558
n03028079__n03028079_6722.jpg,480,500,val,4,4,0.9997
n03028079__n03028079_2321.jpg,500,333,val,4,4,0.9998
n03028079__n03028079_24602.jpg,375,500,val,4,4,0.9999
n03028079__n03028079_8712.jpg,364,500,val,4,4,0.9992
n03425413__n03425413_10882.jpg,640,480,val,7,7,0.9823
n03394916__n03394916_28561.jpg,333,500,val,5,6,0.4339
n03000684__n03000684_1011.jpg,500,385,val,3,3,0.9324
n03000684__n03000684_7050.jpg,500,416,val,3,3,0.9999
n03445777__n03445777_3540.jpg,500,333,val,8,8,0.9994
n03445777__n03445777_7152.jpg,304,300,val,8,8,0.9991
n01440764__n01440764_6471.jpg,407,303,val,0,0,0.9999
n03425413__n03425413_7471.jpg,400,598,val,7,7,0.9529
n03445777__n03445777_4852.jpg,200,234,val,8,8,0.9976
n03394916__n03394916_30222.jpg,500,375,val,5,5,0.9911
n03394916__n03394916_27071.jpg,500,333,val,5,5,0.9991
n03028079__n03028079_14492.jpg,375,500,val,4,4,0.9979
n01440764__ILSVRC2012_val_00037861.jpg,500,375,val,0,0,1.0
n03417042__n03417042_2060.jpg,500,375,val,6,6,1.0
n01440764__n01440764_31170.jpg,333,500,val,0,0,1.0
n03417042__n03417042_21862.jpg,500,375,val,6,6,1.0
n03417042__n03417042_6410.jpg,450,298,val,6,6,0.9998
n02979186__n02979186_11000.jpg,500,333,val,2,2,0.9878
n03000684__n03000684_8522.jpg,500,375,val,3,3,0.9985
n03417042__n03417042_13151.jpg,500,500,val,6,6,0.9994
n03445777__n03445777_752.jpg,333,500,val,8,8,0.9998
n01440764__n01440764_24502.jpg,500,333,val,0,0,1.0
n03425413__n03425413_14410.jpg,500,375,val,7,7,0.997
n03445777__n03445777_9171.jpg,500,375,val,8,8,0.9996
n03888257__n03888257_58270.jpg,500,333,val,9,9,0.9991
n02979186__n02979186_13701.jpg,500,375,val,2,2,0.9991
n03394916__n03394916_22661.jpg,250,250,val,5,5,0.9999
n02102040__n02102040_4020.jpg,408,500,val,1,1,1.0
n03000684__n03000684_16431.jpg,500,330,val,3,3,0.8531
n03425413__n03425413_1911.jpg,1224,1632,val,7,7,1.0
n03417042__n03417042_9620.jpg,500,449,val,6,6,0.9988
n01440764__n01440764_14310.jpg,500,375,val,0,0,1.0
n02102040__n02102040_6391.jpg,500,375,val,1,1,0.9998
n02102040__n02102040_1620.jpg,500,375,val,1,1,0.9936
n03425413__n03425413_31961.jpg,431,500,val,7,7,0.9991
n02102040__n02102040_5620.jpg,356,478,val,1,1,0.9999
n02102040__n02102040_5060.jpg,500,375,val,1,1,0.9992
n03417042__n03417042_12322.jpg,375,500,val,6,6,0.9985
n02102040__n02102040_7150.jpg,500,375,val,1,1,1.0
n03417042__n03417042_28552.jpg,500,375,val,6,6,0.9987
n03888257__n03888257_30332.jpg,500,333,val,9,9,0.9994
n01440764__n01440764_10042.jpg,153,202,val,0,0,0.9889
n03888257__n03888257_11491.jpg,370,499,val,9,9,0.9997
n03394916__n03394916_29580.jpg,500,333,val,5,5,0.998
n03394916__n03394916_47852.jpg,500,375,val,5,5,1.0
n03445777__n03445777_5901.jpg,500,334,val,8,8,0.9998
n03394916__n03394916_43121.jpg,500,375,val,5,5,0.9985
n02979186__n02979186_7060.jpg,150,150,val,2,2,0.9973
n03417042__n03417042_4752.jpg,500,375,val,6,6,1.0
n03394916__n03394916_34051.jpg,500,375,val,5,5,1.0
n01440764__n01440764_7820.jpg,240,180,val,0,0,1.0
n03445777__n03445777_5992.jpg,328,500,val,8,8,1.0
n01440764__n01440764_5911.jpg,640,480,val,0,0,0.9994
n03445777__n03445777_3462.jpg,500,333,val,8,8,0.9999
n03028079__ILSVRC2012_val_00019711.jpg,375,500,val,4,4,0.9995
n03394916__n03394916_56881.jpg,1162,773,val,5,5,1.0
n03417042__n03417042_27850.jpg,500,375,val,6,6,0.9982
n03000684__n03000684_5641.jpg,640,480,val,3,3,1.0
n02979186__n02979186_2172.jpg,500,262,val,2,2,0.9999
n02979186__n02979186_3672.jpg,400,300,val,2,2,0.9984
n01440764__n01440764_10320.jpg,590,480,val,0,0,1.0
n02102040__n02102040_5061.jpg,1000,893,val,1,1,0.9999
n03417042__n03417042_20280.jpg,500,375,val,6,6,1.0
n03028079__n03028079_10511.jpg,500,306,val,4,4,0.9992
n02102040__n02102040_5871.jpg,500,375,val,1,1,0.9765
n03000684__n03000684_20052.jpg,500,333,val,3,3,1.0
n03000684__n03000684_6640.jpg,500,375,val,3,3,0.9955
n03417042__n03417042_3192.jpg,500,333,val,6,6,0.9993
n03425413__n03425413_7772.jpg,400,533,val,7,7,0.9723
n03445777__n03445777_12640.jpg,240,240,val,8,8,1.0
n01440764__n01440764_8572.jpg,500,375,val,0,0,0.9977
n03425413__n03425413_20872.jpg,381,500,val,7,7,0.7841
n02102040__n02102040_1442.jpg,500,375,val,1,1,1.0
n02102040__n02102040_1172.jpg,500,375,val,1,1,0.9932
n03000684__n03000684_9182.jpg,500,375,val,3,3,1.0
n03000684__n03000684_14720.jpg,500,375,val,3,3,0.9999
n03425413__n03425413_14302.jpg,500,500,val,7,7,1.0
n03394916__n03394916_15691.jpg,800,560,val,5,5,0.9999
n01440764__n01440764_5902.jpg,1600,1200,val,0,0,0.9998
n03425413__n03425413_14420.jpg,375,500,val,7,7,0.5129
n03394916__n03394916_23411.jpg,650,413,val,5,5,1.0
n03394916__n03394916_29842.jpg,500,375,val,5,5,1.0
n03417042__n03417042_9592.jpg,1148,861,val,6,6,0.9995
n03888257__n03888257_4842.jpg,500,333,val,9,9,0.9999
n03425413__n03425413_4511.jpg,375,500,val,7,7,0.9996
n03028079__n03028079_32110.jpg,500,500,val,4,4,0.9995
n02102040__n02102040_782.jpg,500,423,val,1,1,1.0
n01440764__ILSVRC2012_val_00009111.jpg,500,375,val,0,0,0.9774
n02102040__n02102040_2000.jpg,500,391,val,1,1,0.9999
n03000684__n03000684_7881.jpg,450,395,val,3,3,1.0
n03000684__ILSVRC2012_val_00047060.jpg,500,333,val,3,3,0.9999
n02102040__n02102040_4990.jpg,640,480,val,1,1,0.9998
n03445777__n03445777_8732.jpg,500,333,val,8,8,1.0
n03417042__n03417042_4552.jpg,500,375,val,6,6,0.9999
n02979186__n02979186_20220.jpg,240,160,val,2,2,1.0
n01440764__n01440764_600.jpg,338,450,val,0,0,1.0
n01440764__n01440764_25090.jpg,161,240,val,0,0,0.9999
n03028079__n03028079_5690.jpg,335,500,val,4,4,0.9999
n03425413__n03425413_13382.jpg,375,500,val,7,7,0.9999
n03417042__n03417042_28610.jpg,500,375,val,6,6,1.0
n03445777__n03445777_4512.jpg,500,354,val,8,8,1.0
n02102040__n02102040_440.jpg,500,334,val,1,1,0.9999
n03417042__n03417042_6811.jpg,495,454,val,6,6,0.9995
n03028079__n03028079_15262.jpg,409,500,val,4,4,0.9996
n03445777__n03445777_11642.jpg,160,223,val,8,8,0.9996
n03888257__n03888257_50102.jpg,500,333,val,9,9,0.999
n03417042__n03417042_6312.jpg,500,375,val,6,6,0.9871
n03000684__n03000684_5981.jpg,150,100,val,3,3,0.9971
n01440764__n01440764_2001.jpg,500,375,val,0,0,1.0
n03000684__n03000684_3161.jpg,332,500,val,3,3,0.9836
n01440764__n01440764_10281.jpg,2000,1500,val,0,0,1.0
n03888257__n03888257_11580.jpg,371,500,val,9,9,0.9983
n02102040__n02102040_7452.jpg,500,427,val,1,1,0.9998
n03888257__n03888257_17801.jpg,500,313,val,9,9,0.9998
n03028079__n03028079_38700.jpg,381,500,val,4,4,0.9987
n03425413__n03425413_20562.jpg,375,500,val,7,7,0.9985
n03425413__n03425413_18571.jpg,330,500,val,7,7,0.998
n02979186__n02979186_26802.jpg,255,255,val,2,2,0.9981
n03445777__n03445777_6881.jpg,500,375,val,8,8,1.0
n01440764__n01440764_10290.jpg,640,479,val,0,0,1.0
n03445777__n03445777_3030.jpg,500,334,val,8,8,0.9999
n03425413__ILSVRC2012_val_00017350.jpg,343,500,val,7,7,0.9997
n03888257__n03888257_4042.jpg,200,200,val,9,9,0.9974
n03445777__n03445777_7601.jpg,500,260,val,8,8,1.0
n03417042__n03417042_14712.jpg,500,375,val,6,6,1.0
n03888257__n03888257_18742.jpg,500,334,val,9,9,0.9999
n03425413__n03425413_18562.jpg,306,500,val,7,7,0.9999
n03445777__n03445777_5590.jpg,226,170,val,8,8,0.9999
n03425413__n03425413_12921.jpg,375,500,val,7,7,0.99
n03028079__n03028079_26842.jpg,375,500,val,4,4,0.9997
n03888257__ILSVRC2012_val_00006561.jpg,500,375,val,9,9,0.9999
n03417042__n03417042_5362.jpg,500,375,val,6,6,0.9982
n03417042__n03417042_9152.jpg,500,333,val,6,6,1.0
n03425413__n03425413_8801.jpg,253,380,val,7,7,1.0
n01440764__n01440764_4611.jpg,500,375,val,0,0,1.0
n03394916__n03394916_47300.jpg,375,500,val,5,5,0.9697
n03417042__n03417042_2150.jpg,500,375,val,6,6,1.0
n03888257__n03888257_50392.jpg,500,333,val,9,9,0.9945
n03417042__n03417042_9480.jpg,500,334,val,6,6,1.0
n03425413__n03425413_12951.jpg,335,500,val,7,7,0.9999
n02102040__n02102040_3311.jpg,500,333,val,1,1,1.0
n03000684__n03000684_14351.jpg,500,375,val,3,3,0.9989
n03000684__n03000684_17902.jpg,500,375,val,3,3,1.0
n03000684__n03000684_9741.jpg,500,333,val,3,3,0.968
n03445777__n03445777_6621.jpg,294,276,val,8,8,1.0
n03888257__n03888257_29201.jpg,500,340,val,9,9,0.9998
n02979186__n02979186_22761.jpg,114,91,val,2,2,0.9966
n03028079__n03028079_3081.jpg,500,379,val,4,4,0.9999
n02979186__n02979186_14601.jpg,180,240,val,2,2,0.9286
n03000684__n03000684_10690.jpg,500,375,val,3,3,0.9999
n03425413__n03425413_8661.jpg,500,375,val,7,7,0.9997
n03888257__n03888257_16112.jpg,333,500,val,9,9,0.9995
n03888257__n03888257_1100.jpg,475,662,val,9,9,0.9999
n03028079__n03028079_8132.jpg,331,500,val,4,4,0.9918
n03445777__n03445777_8010.jpg,500,375,val,8,8,1.0
n03425413__n03425413_2590.jpg,800,532,val,7,7,0.9998
n03028079__n03028079_32131.jpg,394,500,val,4,4,0.9998
n03000684__n03000684_32191.jpg,500,384,val,3,3,0.8179
n03425413__n03425413_4661.jpg,500,495,val,7,7,0.9718
n03425413__n03425413_19020.jpg,500,378,val,7,7,0.999
n02979186__n02979186_1692.jpg,500,375,val,2,2,0.9961
n02979186__n02979186_24592.jpg,100,100,val,2,2,0.9972
n03394916__n03394916_51130.jpg,773,1162,val,5,5,1.0
n03028079__n03028079_29140.jpg,500,375,val,4,4,0.9999
n03417042__n03417042_26102.jpg,500,375,val,6,6,1.0
n01440764__n01440764_10120.jpg,470,329,val,0,0,1.0
n03888257__n03888257_30412.jpg,500,333,val,9,9,0.9985
n03000684__n03000684_20290.jpg,360,360,val,3,3,1.0
n03417042__n03417042_441.jpg,500,375,val,6,6,0.9998
n03888257__n03888257_621.jpg,500,661,val,9,9,1.0
n02979186__n02979186_3182.jpg,410,133,val,2,2,0.9984
n03028079__n03028079_26601.jpg,408,500,val,4,4,0.9998
n03445777__n03445777_1962.jpg,500,352,val,8,8,0.9999
n03028079__n03028079_76461.jpg,500,373,val,4,4,0.9997
n03888257__n03888257_40951.jpg,390,498,val,9,9,0.9997
n03000684__n03000684_13071.jpg,337,500,val,3,3,0.9971
n02102040__n02102040_681.jpg,500,396,val,1,1,0.9883
n03417042__n03417042_11000.jpg,500,400,val,6,6,0.8433
n01440764__n01440764_9212.jpg,240,180,val,0,0,1.0
n03028079__n03028079_14621.jpg,500,393,val,4,4,0.9957
n02102040__n02102040_3450.jpg,500,333,val,1,1,0.9999
n03394916__n03394916_44000.jpg,500,333,val,5,5,0.9994
n03888257__n03888257_37270.jpg,431,500,val,9,9,0.9938
n03000684__n03000684_32351.jpg,381,500,val,3,3,0.989
n03394916__n03394916_42690.jpg,375,500,val,5,5,1.0
n01440764__n01440764_11841.jpg,500,370,val,0,0,1.0
n03425413__ILSVRC2012_val_00044370.jpg,500,375,val,7,7,0.9682
n03417042__ILSVRC2012_val_00033842.jpg,500,375,val,6,6,1.0
n02102040__n02102040_6951.jpg,500,375,val,1,1,0.9984
n03888257__ILSVRC2012_val_00044850.jpg,500,377,val,9,9,0.9989
n03028079__n03028079_1350.jpg,375,500,val,4,4,0.9997
n03028079__n03028079_21762.jpg,500,375,val,4,4,0.9963
n03417042__n03417042_28261.jpg,500,375,val,6,6,0.9996
n03028079__n03028079_14382.jpg,500,493,val,4,4,0.9994
n03445777__n03445777_17042.jpg,500,333,val,8,8,1.0
n03425413__n03425413_18981.jpg,500,375,val,7,7,0.9997
n03028079__n03028079_9071.jpg,375,500,val,4,4,0.9997
n03445777__n03445777_9380.jpg,500,406,val,8,8,0.9999
n01440764__n01440764_14232.jpg,267,188,val,0,0,1.0
n02979186__n02979186_14630.jpg,500,170,val,2,2,1.0
n03888257__n03888257_18002.jpg,500,340,val,9,9,0.9998
n03394916__n03394916_47330.jpg,500,380,val,5,5,0.9993
n03394916__n03394916_46941.jpg,500,375,val,5,5,0.9302
n03888257__n03888257_12831.jpg,500,365,val,9,9,1.0
n03028079__n03028079_1870.jpg,500,372,val,4,4,0.9999
n03445777__n03445777_13570.jpg,272,168,val,8,8,1.0
n03000684__n03000684_3990.jpg,400,320,val,3,3,0.9999
n03425413__n03425413_12092.jpg,473,500,val,7,7,0.9902
n03028079__n03028079_6860.jpg,377,585,val,4,4,1.0
n03394916__n03394916_33291.jpg,500,373,val,5,5,0.9769
n02979186__ILSVRC2012_val_00042982.jpg,300,225,val,2,2,0.9999
n02979186__n02979186_19542.jpg,400,400,val,2,2,0.9957
n03425413__n03425413_17701.jpg,500,482,val,7,7,0.9998
n02979186__n02979186_24941.jpg,400,300,val,2,2,0.9996
n03000684__n03000684_4062.jpg,333,500,val,3,3,1.0
n03445777__n03445777_4872.jpg,250,302,val,8,8,0.9995
n03417042__n03417042_23771.jpg,500,375,val,6,6,1.0
n03888257__n03888257_30270.jpg,333,500,val,9,9,0.9986
n03445777__n03445777_6882.jpg,233,350,val,8,8,0.9992
n03394916__n03394916_42702.jpg,404,500,val,5,5,1.0
n02979186__n02979186_22101.jpg,250,250,val,2,2,0.9999
n03888257__n03888257_34081.jpg,500,467,val,9,9,0.9999
n03888257__n03888257_3142.jpg,497,500,val,9,9,0.9997
n03888257__n03888257_3072.jpg,2001,3010,val,9,9,0.9999
n03394916__n03394916_37171.jpg,500,500,val,5,5,1.0
n02102040__n02102040_6050.jpg,500,332,val,1,1,0.9999
n03417042__n03417042_2991.jpg,700,498,val,6,6,0.9998
n02102040__n02102040_3161.jpg,408,500,val,1,1,0.9999
n03394916__n03394916_47982.jpg,500,455,val,5,5,0.9999
n03028079__n03028079_22500.jpg,500,375,val,4,4,0.9888
n03394916__n03394916_47651.jpg,375,500,val,5,5,0.8486
n02979186__n02979186_20880.jpg,160,160,val,2,2,0.9999
n03445777__n03445777_2951.jpg,248,250,val,8,8,0.9998
n03028079__n03028079_24681.jpg,500,412,val,4,4,0.9986
n03445777__n03445777_230.jpg,299,224,val,8,8,0.9991
n03028079__n03028079_5232.jpg,500,360,val,4,4,0.9997
n02102040__n02102040_3891.jpg,500,333,val,1,1,1.0
n03445777__n03445777_2270.jpg,333,500,val,8,2,0.6104
n03394916__n03394916_3731.jpg,280,280,val,5,5,1.0
n03425413__n03425413_21040.jpg,384,500,val,7,7,0.9969
n03028079__n03028079_57572.jpg,500,375,val,4,4,1.0
n03888257__n03888257_16741.jpg,500,333,val,9,9,0.9997
n01440764__n01440764_11650.jpg,400,321,val,0,0,0.9999
n03417042__n03417042_3231.jpg,375,500,val,6,6,0.9281
n03028079__n03028079_2782.jpg,500,372,val,4,4,0.9999
n03445777__n03445777_210.jpg,300,320,val,8,8,0.9998
n03445777__n03445777_7442.jpg,500,333,val,8,8,0.9999
n01440764__n01440764_11211.jpg,250,187,val,0,0,1.0
n03394916__n03394916_44580.jpg,335,500,val,5,5,0.9997
n03888257__n03888257_12.jpg,500,330,val,9,9,0.9999
n03425413__n03425413_20301.jpg,375,500,val,7,7,0.5804
n01440764__n01440764_10380.jpg,767,574,val,0,0,1.0
n03394916__n03394916_3522.jpg,152,102,val,5,5,0.9966
n03394916__n03394916_59452.jpg,773,1162,val,5,5,1.0
n01440764__n01440764_8801.jpg,425,425,val,0,0,1.0
n03445777__n03445777_8060.jpg,332,500,val,8,8,1.0
n03028079__n03028079_1501.jpg,500,375,val,4,4,0.9985
n02102040__n02102040_850.jpg,800,542,val,1,1,1.0
n02102040__n02102040_7222.jpg,500,375,val,1,1,0.9998
n03888257__n03888257_9640.jpg,500,333,val,9,9,0.9988
n03000684__n03000684_13270.jpg,500,333,val,3,3,0.9999
n02979186__n02979186_15800.jpg,500,375,val,2,2,0.9999
n03445777__n03445777_10592.jpg,500,400,val,8,8,0.9469
n03394916__n03394916_33341.jpg,375,500,val,5,5,1.0
n03028079__n03028079_15370.jpg,500,332,val,4,4,0.9958
n03425413__n03425413_2840.jpg,375,500,val,7,7,0.9999
n03417042__n03417042_1330.jpg,375,500,val,6,6,0.9975
n02979186__n02979186_13722.jpg,500,333,val,2,2,0.9278
n03417042__n03417042_20340.jpg,500,375,val,6,6,1.0
n03028079__n03028079_9082.jpg,356,500,val,4,4,0.9985
n01440764__n01440764_1770.jpg,500,375,val,0,0,1.0
n02979186__n02979186_2642.jpg,320,240,val,2,2,1.0
n03000684__n03000684_1100.jpg,375,500,val,3,3,0.9974
n03028079__n03028079_6601.jpg,500,379,val,4,4,0.9989
n03445777__n03445777_3922.jpg,500,375,val,8,8,1.0
